,Unnamed: 0,G,MP,FG,FGA,FG%,3P,3PA,3P%,2P,2PA,2P%,FT,FTA,FT%,ORB,DRB,TRB,AST,STL,BLK,TOV,PF,PTS,Year
0,Team,82.0,19780.0,3426.0,7430.0,0.461,134.0,430.0,0.312,3292.0,7000.0,0.47,1580.0,2060.0,0.767,1138.0,2200.0,3338.0,2323.0,705.0,264.0,1318.0,2068.0,8566.0,1989
1,Team/G,,241.2,41.8,90.6,0.461,1.6,5.2,0.312,40.1,85.4,0.47,19.3,25.1,0.767,13.9,26.8,40.7,28.3,8.6,3.2,16.1,25.2,104.5,1989
2,Lg Rank,,14.0,15.0,8.0,23.0,17.0,17.0,16.0,14.0,8.0,23.0,24.0,25.0,16.0,17.0,24.0,25.0,1.0,17.0,25.0,8.0,21.0,22.0,1989
3,Year/Year,,,,,,,,,,,,,,,,,,,,,,,,1989
4,Opponent,82.0,19780.0,3555.0,7113.0,0.5,115.0,399.0,0.288,3440.0,6714.0,0.512,2040.0,2629.0,0.776,1191.0,2621.0,3812.0,2061.0,710.0,441.0,1425.0,1791.0,9265.0,1989
5,Opponent/G,,241.2,43.4,86.7,0.5,1.4,4.9,0.288,42.0,81.9,0.512,24.9,32.1,0.776,14.5,32.0,46.5,25.1,8.7,5.4,17.4,21.8,113.0,1989
6,Lg Rank,,14.0,16.0,6.0,24.0,1.0,1.0,4.0,21.0,10.0,24.0,24.0,23.0,21.0,15.0,23.0,22.0,8.0,12.0,15.0,13.0,24.0,21.0,1989
7,Year/Year,,,,,,,,,,,,,,,,,,,,,,,,1989
0,Team,82.0,19755,3270,7183,0.455,205,611,0.336,3065,6572,0.466,1487,1967,0.756,962,2211,3173,2080,778,262,1226,1889,8232,1990
1,Team/G,,240.9,39.9,87.6,0.455,2.5,7.5,0.336,37.4,80.1,0.466,18.1,24.0,0.756,11.7,27.0,38.7,25.4,9.5,3.2,15.0,23.0,100.4,1990
2,Lg Rank,,20,23,10,25.0,12,12,10.0,24,15,25.0,26,26,15.0,23,25,27,12,8,27,5,12,25,1990
3,Year/Year,,-0.1%,-4.6%,-3.3%,-0.006,53.0%,42.1%,0.024,-6.9%,-6.1%,-0.004,-5.9%,-4.5%,-0.011,-15.5%,0.5%,-4.9%,-10.5%,10.4%,-0.8%,-7.0%,-8.7%,-3.9%,1990
4,Opponent,82.0,19755,3438,6922,0.497,132,421,0.314,3306,6501,0.509,1865,2380,0.784,1063,2723,3786,2066,638,384,1376,1754,8873,1990
5,Opponent/G,,240.9,41.9,84.4,0.497,1.6,5.1,0.314,40.3,79.3,0.509,22.7,29.0,0.784,13.0,33.2,46.2,25.2,7.8,4.7,16.8,21.4,108.2,1990
6,Lg Rank,,20,18,6,26.0,2,3,6.0,20,10,25.0,18,15,25.0,7,26,25,15,6,7,10,24,21,1990
7,Year/Year,,-0.1%,-3.3%,-2.7%,-0.003,14.8%,5.5%,0.025,-3.9%,-3.2%,-0.004,-8.6%,-9.5%,0.008,-10.7%,3.9%,-0.7%,0.2%,-10.1%,-12.9%,-3.4%,-2.1%,-4.2%,1990
0,Team,82.0,19805,3286,7033,0.467,131,417,0.314,3155,6616,0.477,1725,2214,0.779,1027,2200,3227,2019,759,304,1290,1946,8428,1991
1,Team/G,,241.5,40.1,85.8,0.467,1.6,5.1,0.314,38.5,80.7,0.477,21.0,27.0,0.779,12.5,26.8,39.4,24.6,9.3,3.7,15.7,23.7,102.8,1991
2,Lg Rank,,13,20,16,16.0,21,23,18.0,13,12,19.0,13,16,9.0,21,24,27,15,7,27,10,16,20,1991
3,Year/Year,,0.3%,0.5%,-2.1%,0.012,-36.1%,-31.8%,-0.021,2.9%,0.7%,0.011,16.0%,12.6%,0.023,6.8%,-0.5%,1.7%,-2.9%,-2.4%,16.0%,5.2%,3.0%,2.4%,1991
4,Opponent,82.0,19805,3408,6915,0.493,158,500,0.316,3250,6415,0.507,1884,2441,0.772,1151,2514,3665,2144,675,480,1406,1841,8858,1991
5,Opponent/G,,241.5,41.6,84.3,0.493,1.9,6.1,0.316,39.6,78.2,0.507,23.0,29.8,0.772,14.0,30.7,44.7,26.1,8.2,5.9,17.1,22.5,108.0,1991
6,Lg Rank,,13,17,7,25.0,4,3,15.0,20,9,24.0,21,18,20.0,16,23,20,22,7,20,8,18,22,1991
7,Year/Year,,0.3%,-0.9%,-0.1%,-0.004,19.7%,18.8%,0.002,-1.7%,-1.3%,-0.002,1.0%,2.6%,-0.012,8.3%,-7.7%,-3.2%,3.8%,5.8%,25.0%,2.2%,5.0%,-0.2%,1991
0,Team,82.0,19805,3613,7568,0.477,117,369,0.317,3496,7199,0.486,1637,2168,0.755,1164,2367,3531,2284,822,309,1273,1819,8980,1992
1,Team/G,,241.5,44.1,92.3,0.477,1.4,4.5,0.317,42.6,87.8,0.486,20.0,26.4,0.755,14.2,28.9,43.1,27.9,10.0,3.8,15.5,22.2,109.5,1992
2,Lg Rank,,16,3,2,8.0,26,26,17.0,3,1,15.0,13,14,12.0,15,17,16,2,4,27,15,12,6,1992
3,Year/Year,,0.0%,10.0%,7.6%,0.01,-10.7%,-11.5%,0.003,10.8%,8.8%,0.009,-5.1%,-2.1%,-0.024,13.3%,7.6%,9.4%,13.1%,8.3%,1.6%,-1.3%,-6.5%,6.5%,1992
4,Opponent,82.0,19805,3717,7495,0.496,205,632,0.324,3512,6863,0.512,1661,2241,0.741,1253,2581,3834,2366,621,524,1392,1750,9300,1992
5,Opponent/G,,241.5,45.3,91.4,0.496,2.5,7.7,0.324,42.8,83.7,0.512,20.3,27.3,0.741,15.3,31.5,46.8,28.9,7.6,6.4,17.0,21.3,113.4,1992
6,Lg Rank,,16,27,26,26.0,13,18,9.0,27,26,27.0,12,15,1.0,24,24,25,27,2,23,5,20,26,1992
7,Year/Year,,0.0%,9.1%,8.4%,0.003,29.7%,26.4%,0.008,8.1%,7.0%,0.005,-11.8%,-8.2%,-0.031,8.9%,2.7%,4.6%,10.4%,-8.0%,9.2%,-1.0%,-4.9%,5.0%,1992
0,Team,82.0,19755,3512,7210,0.487,175,537,0.326,3337,6673,0.5,1831,2374,0.771,1095,2508,3603,2161,639,473,1325,1790,9030,1993
1,Team/G,,240.9,42.8,87.9,0.487,2.1,6.5,0.326,40.7,81.4,0.5,22.3,29.0,0.771,13.4,30.6,43.9,26.4,7.8,5.8,16.2,21.8,110.1,1993
2,Lg Rank,,22,2,9,5.0,20,22,16.0,3,4,6.0,7,9,5.0,17,7,10,4,21,8,15,7,2,1993
3,Year/Year,,-0.3%,-2.8%,-4.7%,0.01,49.6%,45.5%,0.009,-4.5%,-7.3%,0.014,11.9%,9.5%,0.016,-5.9%,6.0%,2.0%,-5.4%,-22.3%,53.1%,4.1%,-1.6%,0.6%,1993
4,Opponent,82.0,19755,3634,7698,0.472,234,753,0.311,3400,6945,0.49,1548,2080,0.744,1350,2403,3753,2277,599,438,1245,1923,9050,1993
5,Opponent/G,,240.9,44.3,93.9,0.472,2.9,9.2,0.311,41.5,84.7,0.49,18.9,25.4,0.744,16.5,29.3,45.8,27.8,7.3,5.3,15.2,23.5,110.4,1993
6,Lg Rank,,22,26,27,14.0,9,15,3.0,27,27,15.0,7,9,7.0,27,16,25,26,2,16,19,12,24,1993
7,Year/Year,,-0.3%,-2.2%,2.7%,-0.024,14.1%,19.1%,-0.014,-3.2%,1.2%,-0.022,-6.8%,-7.2%,0.003,7.7%,-6.9%,-2.1%,-3.8%,-3.5%,-16.4%,-10.6%,9.9%,-2.7%,1993
0,Team,82.0,19830,3382,7100,0.476,336,916,0.367,3046,6184,0.493,1632,2135,0.764,1019,2475,3494,2214,724,394,1266,1747,8732,1994
1,Team/G,,241.8,41.2,86.6,0.476,4.1,11.2,0.367,37.1,75.4,0.493,19.9,26.0,0.764,12.4,30.2,42.6,27.0,8.8,4.8,15.4,21.3,106.5,1994
2,Lg Rank,,3,3,6,7.0,6,8,2.0,8,10,7.0,12,17,4.0,24,6,15,2,13,18,11,10,4,1994
3,Year/Year,,0.4%,-3.7%,-1.5%,-0.011,92.0%,70.6%,0.041,-8.7%,-7.3%,-0.008,-10.9%,-10.1%,-0.007,-6.9%,-1.3%,-3.0%,2.5%,13.3%,-16.7%,-4.5%,-2.4%,-3.3%,1994
4,Opponent,82.0,19830,3463,7359,0.471,317,916,0.346,3146,6443,0.488,1507,2036,0.74,1217,2467,3684,2116,629,430,1260,1761,8750,1994
5,Opponent/G,,241.8,42.2,89.7,0.471,3.9,11.2,0.346,38.4,78.6,0.488,18.4,24.8,0.74,14.8,30.1,44.9,25.8,7.7,5.2,15.4,21.5,106.7,1994
6,Lg Rank,,3,24,26,16.0,26,25,17.0,24,24,16.0,9,9,18.0,24,17,21,22,3,15,18,19,24,1994
7,Year/Year,,0.4%,-4.7%,-4.4%,-0.001,35.5%,21.6%,0.035,-7.5%,-7.2%,-0.001,-2.6%,-2.1%,-0.004,-9.9%,2.7%,-1.8%,-7.1%,5.0%,-1.8%,1.2%,-8.4%,-3.3%,1994
0,Team,82.0,19805,3051,6438,0.474,560,1409,0.397,2491,5029,0.495,1587,2042,0.777,832,2395,3227,2072,620,399,1224,1685,8249,1995
1,Team/G,,241.5,37.2,78.5,0.474,6.8,17.2,0.397,30.4,61.3,0.495,19.4,24.9,0.777,10.1,29.2,39.4,25.3,7.6,4.9,14.9,20.5,100.6,1995
2,Lg Rank,,17,18,22,10.0,3,8,1.0,23,25,12.0,15,22,2.0,27,11,24,6,22,15,5,1,15,1995
3,Year/Year,,-0.1%,-9.8%,-9.3%,-0.002,66.7%,53.8%,0.031,-18.2%,-18.7%,0.003,-2.8%,-4.4%,0.013,-18.4%,-3.2%,-7.6%,-6.4%,-14.4%,1.3%,-3.3%,-3.5%,-5.5%,1995
4,Opponent,82.0,19805,3088,6807,0.454,429,1289,0.333,2659,5518,0.482,1375,1859,0.74,1102,2365,3467,1898,535,368,1216,1859,7980,1995
5,Opponent/G,,241.5,37.7,83.0,0.454,5.2,15.7,0.333,32.4,67.3,0.482,16.8,22.7,0.74,13.4,28.8,42.3,23.1,6.5,4.5,14.8,22.7,97.3,1995
6,Lg Rank,,17,11,18,6.0,10,19,2.0,14,18,11.0,2,2,15.0,18,17,18,14,1,5,23,20,6,1995
7,Year/Year,,-0.1%,-10.8%,-7.5%,-0.017,35.3%,40.7%,-0.013,-15.5%,-14.4%,-0.006,-8.8%,-8.7%,-0.001,-9.4%,-4.1%,-5.9%,-10.3%,-14.9%,-14.4%,-3.5%,5.6%,-8.8%,1995
0,Team,82.0,19880,3108,6618,0.47,584,1520,0.384,2524,5098,0.495,1631,2119,0.77,987,2256,3243,1907,582,277,1241,1815,8431,1996
1,Team/G,,242.4,37.9,80.7,0.47,7.1,18.5,0.384,30.8,62.2,0.495,19.9,25.8,0.77,12.0,27.5,39.5,23.3,7.1,3.4,15.1,22.1,102.8,1996
2,Lg Rank,,6,11,13,12.0,5,7,6.0,18,20,12.0,12,17,3.0,17,22,24,12,24,29,10,9,8,1996
3,Year/Year,,0.4%,1.9%,2.8%,-0.004,4.3%,7.9%,-0.013,1.3%,1.4%,-0.0,2.8%,3.8%,-0.007,18.6%,-5.8%,0.5%,-8.0%,-6.1%,-30.6%,1.4%,7.7%,2.2%,1996
4,Opponent,82.0,19880,3254,6651,0.489,530,1340,0.396,2724,5311,0.513,1440,1957,0.736,953,2358,3311,2049,536,368,1215,1829,8478,1996
5,Opponent/G,,242.4,39.7,81.1,0.489,6.5,16.3,0.396,33.2,64.8,0.513,17.6,23.9,0.736,11.6,28.8,40.4,25.0,6.5,4.5,14.8,22.3,103.4,1996
6,Lg Rank,,6,26,18,28.0,24,17,28.0,25,17,28.0,6,4,9.0,5,17,9,26,2,6,24,21,24,1996
7,Year/Year,,0.4%,5.4%,-2.3%,0.036,23.5%,4.0%,0.063,2.4%,-3.8%,0.031,4.7%,5.3%,-0.004,-13.5%,-0.3%,-4.5%,8.0%,0.2%,0.0%,-0.1%,-1.6%,6.2%,1996
0,Team,82.0,19805,2988,6342,0.471,591,1382,0.428,2397,4960,0.483,1541,1984,0.777,910,2298,3208,2021,597,349,1203,1702,8108,1997
1,Team/G,,241.5,36.4,77.3,0.471,7.2,16.9,0.428,29.2,60.5,0.483,18.8,24.2,0.777,11.1,28.0,39.1,24.6,7.3,4.3,14.7,20.8,98.9,1997
2,Lg Rank,,18,15,21,4.0,5,13,1.0,19,21,13.0,13,21,2.0,26,17,26,4,26,22,5,6,12,1997
3,Year/Year,,-0.4%,-3.9%,-4.2%,0.002,1.2%,-9.1%,0.043,-5.0%,-2.7%,-0.012,-5.5%,-6.4%,0.007,-7.8%,1.9%,-1.1%,6.0%,2.6%,26.0%,-3.1%,-6.2%,-3.8%,1997
4,Opponent,82.0,19805,3056,6650,0.46,487,1364,0.357,2569,5286,0.486,1356,1857,0.73,1077,2256,3333,1783,532,335,1143,1781,7955,1997
5,Opponent/G,,241.5,37.3,81.1,0.46,5.9,16.6,0.357,31.3,64.5,0.486,16.5,22.6,0.73,13.1,27.5,40.6,21.7,6.5,4.1,13.9,21.7,97.0,1997
6,Lg Rank,,18,22,21,16.0,14,12,13.0,21,22,17.0,5,5,6.0,21,7,12,13,2,6,28,17,15,1997
7,Year/Year,,-0.4%,-6.1%,-0.0%,-0.03,-8.1%,1.8%,-0.038,-5.7%,-0.5%,-0.027,-5.8%,-5.1%,-0.006,13.0%,-4.3%,0.7%,-13.0%,-0.7%,-9.0%,-5.9%,-2.6%,-6.2%,1997
0,Team,82.0,19780,2968,6344,0.468,346,904,0.383,2622,5440,0.482,1641,2186,0.751,985,2341,3326,1941,691,312,1247,1757,7923,1998
1,Team/G,,241.2,36.2,77.4,0.468,4.2,11.0,0.383,32.0,66.3,0.482,20.0,26.7,0.751,12.0,28.5,40.6,23.7,8.4,3.8,15.2,21.4,96.6,1998
2,Lg Rank,,21,11,24,6.0,12,19,3.0,12,17,8.0,11,10,10.0,23,14,21,8,11,27,12,7,10,1998
3,Year/Year,,-0.1%,-0.7%,0.0%,-0.003,-41.5%,-34.6%,-0.045,9.4%,9.7%,-0.001,6.5%,10.2%,-0.026,8.2%,1.9%,3.7%,-4.0%,15.7%,-10.6%,3.7%,3.2%,-2.3%,1998
4,Opponent,82.0,19780,2977,6417,0.464,369,1063,0.347,2608,5354,0.487,1436,1964,0.731,965,2259,3224,1806,582,372,1240,1902,7759,1998
5,Opponent/G,,241.2,36.3,78.3,0.464,4.5,13.0,0.347,31.8,65.3,0.487,17.5,24.0,0.731,11.8,27.5,39.3,22.0,7.1,4.5,15.1,23.2,94.6,1998
6,Lg Rank,,21,18,10,22.0,17,17,17.0,17,9,22.0,6,7,9.0,3,9,5,16,1,7,16,7,14,1998
7,Year/Year,,-0.1%,-2.6%,-3.5%,0.004,-24.2%,-22.1%,-0.01,1.5%,1.3%,0.001,5.9%,5.8%,0.001,-10.4%,0.1%,-3.3%,1.3%,9.4%,11.0%,8.5%,6.8%,-2.5%,1998
0,Team,50.0,12150,1671,3718,0.449,268,735,0.365,1403,2983,0.47,1034,1384,0.747,480,1493,1973,1110,443,247,796,1101,4644,1999
1,Team/G,,243.0,33.4,74.4,0.449,5.4,14.7,0.365,28.1,59.7,0.47,20.7,27.7,0.747,9.6,29.9,39.5,22.2,8.9,4.9,15.9,22.0,92.9,1999
2,Lg Rank,,5,20,24,7.0,8,8,6.0,23,27,8.0,4,7,8.0,28,10,25,5,9,16,19,11,12,1999
3,Year/Year,,0.7%,-7.7%,-3.9%,-0.018,27.0%,33.3%,-0.018,-12.2%,-10.1%,-0.012,3.3%,3.8%,-0.004,-20.1%,4.6%,-2.7%,-6.2%,5.1%,29.8%,4.7%,2.8%,-3.9%,1999
4,Opponent,50.0,12150,1739,4003,0.434,212,637,0.333,1527,3366,0.454,959,1306,0.734,655,1491,2146,1092,443,232,762,1151,4649,1999
5,Opponent/G,,243.0,34.8,80.1,0.434,4.2,12.7,0.333,30.5,67.3,0.454,19.2,26.1,0.734,13.1,29.8,42.9,21.8,8.9,4.6,15.2,23.0,93.0,1999
6,Lg Rank,,5,19,23,12.0,8,10,10.0,19,25,11.0,17,16,21.0,22,18,22,21,23,10,18,8,18,1999
7,Year/Year,,0.7%,-4.2%,2.3%,-0.029,-5.8%,-1.7%,-0.014,-4.0%,3.1%,-0.033,9.5%,9.1%,0.003,11.3%,8.2%,9.2%,-0.8%,24.8%,2.3%,0.8%,-0.8%,-1.7%,1999
0,Team,82.0,19780,2935,6533,0.449,339,1001,0.339,2596,5532,0.469,1863,2458,0.758,884,2635,3519,2023,732,480,1206,1670,8072,2000
1,Team/G,,241.2,35.8,79.7,0.449,4.1,12.2,0.339,31.7,67.5,0.469,22.7,30.0,0.758,10.8,32.1,42.9,24.7,8.9,5.9,14.7,20.4,98.4,2000
2,Lg Rank,,19,25,22,17.0,21,19,19.0,18,15,14.0,2,2,13.0,27,3,16,4,6,7,9,2,14,2000
3,Year/Year,,-0.7%,7.1%,7.1%,-0.0,-22.9%,-17.0%,-0.026,12.8%,13.1%,-0.001,9.9%,8.3%,0.011,12.3%,7.6%,8.8%,11.1%,0.8%,18.5%,-7.6%,-7.5%,6.0%,2000
4,Opponent,82.0,19780,3048,6811,0.448,410,1086,0.378,2638,5725,0.461,1347,1807,0.745,966,2550,3516,1903,604,421,1297,2076,7853,2000
5,Opponent/G,,241.2,37.2,83.1,0.448,5.0,13.2,0.378,32.2,69.8,0.461,16.4,22.0,0.745,11.8,31.1,42.9,23.2,7.4,5.1,15.8,25.3,95.8,2000
6,Lg Rank,,19,16,19,13.0,20,13,27.0,15,20,8.0,3,4,10.0,7,20,15,20,7,14,12,3,10,2000
7,Year/Year,,-0.7%,6.9%,3.7%,0.013,17.9%,4.0%,0.045,5.3%,3.7%,0.007,-14.4%,-15.6%,0.011,-10.1%,4.3%,-0.1%,6.3%,-16.9%,10.6%,3.8%,10.0%,3.0%,2000
0,Team,82.0,19880,2800,6501,0.431,340,984,0.346,2460,5517,0.446,1599,2146,0.745,1033,2608,3641,1900,665,455,1183,1753,7539,2001
1,Team/G,,242.4,34.1,79.3,0.431,4.1,12.0,0.346,30.0,67.3,0.446,19.5,26.2,0.745,12.6,31.8,44.4,23.2,8.1,5.5,14.4,21.4,91.9,2001
2,Lg Rank,,8,24,17,23.0,19,20,18.0,21,13,24.0,9,8,19.0,8,4,7,7,11,11,8,11,24,2001
3,Year/Year,,0.5%,-4.6%,-0.5%,-0.019,0.3%,-1.7%,0.007,-5.2%,-0.3%,-0.023,-14.2%,-12.7%,-0.013,16.9%,-1.0%,3.5%,-6.1%,-9.2%,-5.2%,-1.9%,5.0%,-6.6%,2001
4,Opponent,82.0,19880,2767,6501,0.426,389,1081,0.36,2378,5420,0.439,1444,1910,0.756,892,2436,3328,1748,616,375,1204,1768,7367,2001
5,Opponent/G,,242.4,33.7,79.3,0.426,4.7,13.2,0.36,29.0,66.1,0.439,17.6,23.3,0.756,10.9,29.7,40.6,21.3,7.5,4.6,14.7,21.6,89.8,2001
6,Lg Rank,,8,4,10,4.0,12,11,20.0,4,9,3.0,10,9,22.0,4,11,4,12,10,6,22,20,4,2001
7,Year/Year,,0.5%,-9.2%,-4.6%,-0.022,-5.1%,-0.5%,-0.018,-9.9%,-5.3%,-0.022,7.2%,5.7%,0.011,-7.7%,-4.5%,-5.3%,-8.1%,2.0%,-10.9%,-7.2%,-14.8%,-6.2%,2001
0,Team,82.0,19755,2893,6580,0.44,346,994,0.348,2547,5586,0.456,1568,2105,0.745,1059,2505,3564,1759,653,456,1150,1747,7700,2002
1,Team/G,,240.9,35.3,80.2,0.44,4.2,12.1,0.348,31.1,68.1,0.456,19.1,25.7,0.745,12.9,30.5,43.5,21.5,8.0,5.6,14.0,21.3,93.9,2002
2,Lg Rank,,24,20,19,18.0,22,23,18.0,14,10,19.0,8,7,18.0,9,12,6,19,13,11,9,14,20,2002
3,Year/Year,,-0.6%,3.3%,1.2%,0.009,1.8%,1.0%,0.003,3.5%,1.3%,0.01,-1.9%,-1.9%,-0.0,2.5%,-3.9%,-2.1%,-7.4%,-1.8%,0.2%,-2.8%,-0.3%,2.1%,2002
4,Opponent,82.0,19755,2850,6594,0.432,433,1156,0.375,2417,5438,0.444,1488,1938,0.768,963,2399,3362,1639,625,422,1140,1703,7621,2002
5,Opponent/G,,240.9,34.8,80.4,0.432,5.3,14.1,0.375,29.5,66.3,0.444,18.1,23.6,0.768,11.7,29.3,41.0,20.0,7.6,5.1,13.9,20.8,92.9,2002
6,Lg Rank,,24,6,12,7.0,17,9,27.0,5,14,3.0,15,12,26.0,10,9,7,7,14,16,21,17,7,2002
7,Year/Year,,-0.6%,3.0%,1.4%,0.007,11.3%,6.9%,0.015,1.6%,0.3%,0.006,3.0%,1.5%,0.012,8.0%,-1.5%,1.0%,-6.2%,1.5%,12.5%,-5.3%,-3.7%,3.4%,2002
0,Team,82.0,19880.0,2961.0,6859.0,0.432,320.0,881.0,0.363,2641.0,5978.0,0.442,1487.0,2096.0,0.709,1083.0,2335.0,3418.0,1794.0,695.0,440.0,1192.0,1894.0,7729.0,2005
1,Team/G,,242.4,36.1,83.6,0.432,3.9,10.7,0.363,32.2,72.9,0.442,18.1,25.6,0.709,13.2,28.5,41.7,21.9,8.5,5.4,14.5,23.1,94.3,2005
2,Lg Rank,,8.0,14.0,4.0,27.0,24.0,28.0,9.0,7.0,1.0,29.0,25.0,18.0,29.0,4.0,25.0,19.0,10.0,6.0,12.0,18.0,21.0,22.0,2005
3,Year/Year,,,,,,,,,,,,,,,,,,,,,,,,2005
4,Opponent,82.0,19880.0,3015.0,6507.0,0.463,442.0,1224.0,0.361,2573.0,5283.0,0.487,1748.0,2279.0,0.767,959.0,2586.0,3545.0,1768.0,624.0,446.0,1297.0,1858.0,8220.0,2005
5,Opponent/G,,242.4,36.8,79.4,0.463,5.4,14.9,0.361,31.4,64.4,0.487,21.3,27.8,0.767,11.7,31.5,43.2,21.6,7.6,5.4,15.8,22.7,100.2,2005
6,Lg Rank,,8.0,20.0,13.0,26.0,10.0,7.0,17.0,20.0,12.0,26.0,26.0,23.0,23.0,13.0,27.0,25.0,19.0,18.0,25.0,5.0,16.0,21.0,2005
7,Year/Year,,,,,,,,,,,,,,,,,,,,,,,,2005
0,Team,82.0,19905,2961,6843,0.433,428,1261,0.339,2533,5582,0.454,1593,2186,0.729,990,2270,3260,1717,822,354,1167,1960,7943,2006
1,Team/G,,242.7,36.1,83.5,0.433,5.2,15.4,0.339,30.9,68.1,0.454,19.4,26.7,0.729,12.1,27.7,39.8,20.9,10.0,4.3,14.2,23.9,96.9,2006
2,Lg Rank,,5,14,2,30.0,19,19,23.0,8,3,30.0,19,14,21.0,7,27,24,10,1,19,14,24,18,2006
3,Year/Year,,0.1%,0.0%,-0.2%,0.001,33.7%,43.1%,-0.024,-4.1%,-6.6%,0.012,7.1%,4.3%,0.019,-8.6%,-2.8%,-4.6%,-4.3%,18.3%,-19.5%,-2.1%,3.5%,2.8%,2006
4,Opponent,82.0,19905,3065,6410,0.478,458,1285,0.356,2607,5125,0.509,1683,2283,0.737,940,2667,3607,1881,577,441,1464,1929,8271,2006
5,Opponent/G,,242.7,37.4,78.2,0.478,5.6,15.7,0.356,31.8,62.5,0.509,20.5,27.8,0.737,11.5,32.5,44.0,22.9,7.0,5.4,17.9,23.5,100.9,2006
6,Lg Rank,,5,24,10,28.0,9,9,15.0,26,12,28.0,23,24,9.0,18,29,28,26,12,28,1,7,24,2006
7,Year/Year,,0.1%,1.7%,-1.5%,0.015,3.6%,5.0%,-0.005,1.3%,-3.0%,0.022,-3.7%,0.2%,-0.03,-2.0%,3.1%,1.7%,6.4%,-7.5%,-1.1%,12.9%,3.8%,0.6%,2006
0,Team,82.0,20005,2960,6643,0.446,457,1280,0.357,2503,5363,0.467,1568,2136,0.734,920,2346,3266,1836,638,369,1224,1985,7945,2007
1,Team/G,,244.0,36.1,81.0,0.446,5.6,15.6,0.357,30.5,65.4,0.467,19.1,26.0,0.734,11.2,28.6,39.8,22.4,7.8,4.5,14.9,24.2,96.9,2007
2,Lg Rank,,2,17,10,25.0,21,21,12.0,14,8,27.0,15,13,22.0,15,26,23,8,5,19,13,29,18,2007
3,Year/Year,,0.5%,-0.0%,-2.9%,0.013,6.8%,1.5%,0.018,-1.2%,-3.9%,0.013,-1.6%,-2.3%,0.005,-7.1%,3.3%,0.2%,6.9%,-22.4%,4.2%,4.9%,1.3%,0.0%,2007
4,Opponent,82.0,20005,2999,6450,0.465,452,1245,0.363,2547,5205,0.489,1802,2404,0.75,929,2562,3491,1717,603,437,1296,1786,8252,2007
5,Opponent/G,,244.0,36.6,78.7,0.465,5.5,15.2,0.363,31.1,63.5,0.489,22.0,29.3,0.75,11.3,31.2,42.6,20.9,7.4,5.3,15.8,21.8,100.6,2007
6,Lg Rank,,2,16,12,22.0,7,8,21.0,20,23,17.0,28,28,13.0,18,27,25,14,18,27,5,19,21,2007
7,Year/Year,,0.5%,-2.2%,0.6%,-0.013,-1.3%,-3.1%,0.007,-2.3%,1.6%,-0.019,7.1%,5.3%,0.012,-1.2%,-3.9%,-3.2%,-8.7%,4.5%,-0.9%,-11.5%,-7.4%,-0.2%,2007
0,Team,82.0,19880,2960,6554,0.452,529,1443,0.367,2431,5111,0.476,1510,2115,0.714,892,2440,3332,1748,614,402,1204,1777,7959,2008
1,Team/G,,242.4,36.1,79.9,0.452,6.5,17.6,0.367,29.6,62.3,0.476,18.4,25.8,0.714,10.9,29.8,40.6,21.3,7.5,4.9,14.7,21.7,97.1,2008
2,Lg Rank,,3,24,20,17.0,16,16,12.0,20,19,17.0,18,11,29.0,20,22,26,16,13,10,22,21,19,2008
3,Year/Year,,-0.6%,0.0%,-1.3%,0.006,15.8%,12.7%,0.01,-2.9%,-4.7%,0.009,-3.7%,-1.0%,-0.02,-3.0%,4.0%,2.0%,-4.8%,-3.8%,8.9%,-1.6%,-10.5%,0.2%,2008
4,Opponent,82.0,19880,3115,6684,0.466,517,1456,0.355,2598,5228,0.497,1571,2102,0.747,999,2588,3587,1785,625,476,1177,1721,8318,2008
5,Opponent/G,,242.4,38.0,81.5,0.466,6.3,17.8,0.355,31.7,63.8,0.497,19.2,25.6,0.747,12.2,31.6,43.7,21.8,7.6,5.8,14.4,21.0,101.4,2008
6,Lg Rank,,3,20,19,23.0,12,12,8.0,23,18,24.0,18,19,6.0,27,23,24,13,20,30,9,17,20,2008
7,Year/Year,,-0.6%,3.9%,3.6%,0.001,14.4%,16.9%,-0.008,2.0%,0.4%,0.008,-12.8%,-12.6%,-0.002,7.5%,1.0%,2.7%,4.0%,3.6%,8.9%,-9.2%,-3.6%,0.8%,2008
0,Team,82.0,19930,2866,6299,0.455,490,1339,0.366,2376,4960,0.479,1455,1965,0.74,886,2366,3252,1741,580,397,1279,1754,7677,2009
1,Team/G,,243.0,35.0,76.8,0.455,6.0,16.3,0.366,29.0,60.5,0.479,17.7,24.0,0.74,10.8,28.9,39.7,21.2,7.1,4.8,15.6,21.4,93.6,2009
2,Lg Rank,,2,29,30,18.0,23,22,15.0,23,21,19.0,26,18,27.0,18,25,27,10,19,14,27,20,30,2009
3,Year/Year,,0.3%,-3.2%,-3.9%,0.003,-7.4%,-7.2%,-0.001,-2.3%,-3.0%,0.003,-3.6%,-7.1%,0.027,-0.7%,-3.0%,-2.4%,-0.4%,-5.5%,-1.2%,6.2%,-1.3%,-3.5%,2009
4,Opponent,82.0,19930,2883,6349,0.454,558,1526,0.366,2325,4823,0.482,1457,1928,0.756,877,2310,3187,1604,626,488,1206,1714,7781,2009
5,Opponent/G,,243.0,35.2,77.4,0.454,6.8,18.6,0.366,28.4,58.8,0.482,17.8,23.5,0.756,10.7,28.2,38.9,19.6,7.6,6.0,14.7,20.9,94.9,2009
6,Lg Rank,,2,6,4,10.0,16,20,14.0,5,3,12.0,10,11,4.0,12,4,3,6,19,30,8,13,9,2009
7,Year/Year,,0.3%,-7.4%,-5.0%,-0.012,7.9%,4.8%,0.011,-10.5%,-7.7%,-0.015,-7.3%,-8.3%,0.008,-12.2%,-10.7%,-11.2%,-10.1%,0.2%,2.5%,2.5%,-0.4%,-6.5%,2009
0,Team,82.0,19880,2858,6306,0.453,460,1331,0.346,2398,4975,0.482,1637,2180,0.751,858,2490,3348,1658,632,446,1290,1597,7813,2010
1,Team/G,,242.4,34.9,76.9,0.453,5.6,16.2,0.346,29.2,60.7,0.482,20.0,26.6,0.751,10.5,30.4,40.8,20.2,7.7,5.4,15.7,19.5,95.3,2010
2,Lg Rank,,5,29,29,22.0,22,22,21.0,27,25,22.0,4,5,20.0,21,19,22,22,8,7,29,5,28,2010
3,Year/Year,,-0.3%,-0.3%,0.1%,-0.002,-6.1%,-0.6%,-0.02,0.9%,0.3%,0.003,12.5%,10.9%,0.01,-3.2%,5.2%,3.0%,-4.8%,9.0%,12.3%,0.9%,-9.0%,1.8%,2010
4,Opponent,82.0,19880,2925,6536,0.448,573,1696,0.338,2352,4840,0.486,1270,1710,0.743,868,2382,3250,1666,614,502,1256,1804,7693,2010
5,Opponent/G,,242.4,35.7,79.7,0.448,7.0,20.7,0.338,28.7,59.0,0.486,15.5,20.9,0.743,10.6,29.0,39.6,20.3,7.5,6.1,15.3,22.0,93.8,2010
6,Lg Rank,,5,5,7,6.0,26,30,2.0,2,2,13.0,1,1,1.0,9,5,6,11,20,29,3,6,1,2010
7,Year/Year,,-0.3%,1.5%,2.9%,-0.007,2.7%,11.1%,-0.028,1.2%,0.4%,0.004,-12.8%,-11.3%,-0.013,-1.0%,3.1%,2.0%,3.9%,-1.9%,2.9%,4.1%,5.3%,-1.1%,2010
0,Team,82.0,19805,2873,6365,0.451,393,1203,0.327,2480,5162,0.48,1511,1999,0.756,848,2444,3292,1728,524,433,1192,1637,7650,2011
1,Team/G,,241.5,35.0,77.6,0.451,4.8,14.7,0.327,30.2,63.0,0.48,18.4,24.4,0.756,10.3,29.8,40.1,21.1,6.4,5.3,14.5,20.0,93.3,2011
2,Lg Rank,,18,29,28,22.0,27,26,29.0,20,15,21.0,13,12,21.0,21,22,24,18,28,8,21,8,29,2011
3,Year/Year,,-0.4%,0.5%,0.9%,-0.002,-14.6%,-9.6%,-0.019,3.4%,3.8%,-0.002,-7.7%,-8.3%,0.005,-1.2%,-1.8%,-1.7%,4.2%,-17.1%,-2.9%,-7.6%,2.5%,-2.1%,2011
4,Opponent,82.0,19805,2956,6492,0.455,577,1609,0.359,2379,4883,0.487,1489,1908,0.78,804,2446,3250,1777,601,496,1082,1730,7978,2011
5,Opponent/G,,241.5,36.0,79.2,0.455,7.0,19.6,0.359,29.0,59.5,0.487,18.2,23.3,0.78,9.8,29.8,39.6,21.7,7.3,6.0,13.2,21.1,97.3,2011
6,Lg Rank,,18,8,8,10.0,24,26,16.0,8,3,15.0,13,9,29.0,2,10,5,18,16,29,27,13,11,2011
7,Year/Year,,-0.4%,1.1%,-0.7%,0.008,0.7%,-5.1%,0.021,1.1%,0.9%,0.001,17.2%,11.6%,0.038,-7.4%,2.7%,0.0%,6.7%,-2.1%,-1.2%,-13.9%,-4.1%,3.7%,2011
0,Team,66.0,15890,2193,5293,0.414,263,892,0.295,1930,4401,0.439,1090,1462,0.746,677,1894,2571,1326,397,361,957,1249,5739,2012
1,Team/G,,240.8,33.2,80.2,0.414,4.0,13.5,0.295,29.2,66.7,0.439,16.5,22.2,0.746,10.3,28.7,39.0,20.1,6.0,5.5,14.5,18.9,87.0,2012
2,Lg Rank,,26,30,23,30.0,29,27,30.0,21,5,30.0,16,14,20.0,26,28,29,19,29,8,16,10,30,2012
3,Year/Year,,-0.3%,-5.2%,3.3%,-0.037,-16.9%,-7.9%,-0.032,-3.3%,5.9%,-0.042,-10.4%,-9.1%,-0.01,-0.8%,-3.7%,-3.0%,-4.7%,-5.9%,3.6%,-0.3%,-5.2%,-6.8%,2012
4,Opponent,66.0,15890,2568,5411,0.475,406,1142,0.356,2162,4269,0.506,1115,1486,0.75,778,2193,2971,1537,499,378,890,1341,6657,2012
5,Opponent/G,,240.8,38.9,82.0,0.475,6.2,17.3,0.356,32.8,64.7,0.506,16.9,22.5,0.75,11.8,33.2,45.0,23.3,7.6,5.7,13.5,20.3,100.9,2012
6,Lg Rank,,26,28,18,29.0,9,8,22.0,28,22,29.0,15,15,13.0,21,30,29,28,11,25,25,9,27,2012
7,Year/Year,,-0.3%,7.9%,3.6%,0.019,-12.6%,-11.8%,-0.003,12.9%,8.6%,0.019,-7.0%,-3.2%,-0.03,20.2%,11.4%,13.6%,7.5%,3.2%,-5.3%,2.2%,-3.7%,3.7%,2012
0,Team,82.0,19805,2823,6649,0.425,469,1399,0.335,2354,5250,0.448,1546,2060,0.75,917,2389,3306,1587,591,479,1153,1561,7661,2013
1,Team/G,,241.5,34.4,81.1,0.425,5.7,17.1,0.335,28.7,64.0,0.448,18.9,25.1,0.75,11.2,29.1,40.3,19.4,7.2,5.8,14.1,19.0,93.4,2013
2,Lg Rank,,16,30,20,30.0,27,27,27.0,24,11,30.0,4,5,18.0,16,28,27,29,22,6,8,10,26,2013
3,Year/Year,,0.3%,3.6%,1.1%,0.01,43.5%,26.2%,0.04,-1.8%,-4.0%,0.01,14.2%,13.4%,0.005,9.0%,1.5%,3.5%,-3.7%,19.8%,6.8%,-3.0%,0.6%,7.4%,2013
4,Opponent,82.0,19805,3185,6762,0.471,716,1847,0.388,2469,4915,0.502,1332,1784,0.747,971,2645,3616,2071,569,565,1152,1746,8418,2013
5,Opponent/G,,241.5,38.8,82.5,0.471,8.7,22.5,0.388,30.1,59.9,0.502,16.2,21.8,0.747,11.8,32.3,44.1,25.3,6.9,6.9,14.0,21.3,102.7,2013
6,Lg Rank,,16,27,17,27.0,30,28,29.0,19,7,26.0,11,14,9.0,25,25,27,30,2,30,21,6,29,2013
7,Year/Year,,0.3%,-0.2%,0.6%,-0.004,41.9%,30.2%,0.032,-8.1%,-7.3%,-0.004,-3.8%,-3.4%,-0.004,0.5%,-2.9%,-2.0%,8.5%,-8.2%,20.3%,4.2%,4.8%,1.8%,2013
0,Team,82.0,19905,2976,6730,0.442,516,1471,0.351,2460,5259,0.468,1474,2000,0.737,776,2724,3500,1778,499,421,1010,1493,7942,2014
1,Team/G,,242.7,36.3,82.1,0.442,6.3,17.9,0.351,30.0,64.1,0.468,18.0,24.4,0.737,9.5,33.2,42.7,21.7,6.1,5.1,12.3,18.2,96.9,2014
2,Lg Rank,,6,25,21,25.0,25,27,23.0,14,8,27.0,14,11,24.0,25,7,16,16,29,8,1,1,23,2014
3,Year/Year,,0.5%,5.4%,1.2%,0.018,10.0%,5.1%,0.016,4.5%,0.2%,0.019,-4.7%,-2.9%,-0.013,-15.4%,14.0%,5.9%,12.0%,-15.6%,-12.1%,-12.4%,-4.4%,3.7%,2014
4,Opponent,82.0,19905,3022,6838,0.442,665,1800,0.369,2357,5038,0.468,1251,1649,0.759,785,2766,3551,1718,514,415,1090,1716,7960,2014
5,Opponent/G,,242.7,36.9,83.4,0.442,8.1,22.0,0.369,28.7,61.4,0.468,15.3,20.1,0.759,9.6,33.7,43.3,21.0,6.3,5.1,13.3,20.9,97.1,2014
6,Lg Rank,,6,10,16,6.0,19,16,24.0,9,15,5.0,2,2,18.0,1,28,21,9,2,21,28,9,4,2014
7,Year/Year,,0.5%,-5.1%,1.1%,-0.029,-7.1%,-2.5%,-0.018,-4.5%,2.5%,-0.034,-6.1%,-7.6%,0.012,-19.2%,4.6%,-1.8%,-17.0%,-9.7%,-26.5%,-5.4%,-1.7%,-5.4%,2014
0,Team,82.0,19905,2913,6932,0.42,498,1566,0.318,2415,5366,0.45,1397,1867,0.748,820,2793,3613,1654,499,448,976,1494,7721,2015
1,Team/G,,242.7,35.5,84.5,0.42,6.1,19.1,0.318,29.5,65.4,0.45,17.0,22.8,0.748,10.0,34.1,44.1,20.2,6.1,5.5,11.9,18.2,94.2,2015
2,Lg Rank,,6,26,10,29.0,26,24,30.0,17,5,29.0,13,15,19.0,26,6,10,28,30,7,1,2,28,2015
3,Year/Year,,0.0%,-2.1%,3.0%,-0.022,-3.5%,6.5%,-0.033,-1.8%,2.0%,-0.018,-5.2%,-6.6%,0.011,5.7%,2.5%,3.2%,-7.0%,0.0%,6.4%,-3.4%,0.1%,-2.8%,2015
4,Opponent,82.0,19905,3020,6863,0.44,649,1816,0.357,2371,5047,0.47,1292,1673,0.772,728,2890,3618,1815,502,440,1033,1708,7981,2015
5,Opponent/G,,242.7,36.8,83.7,0.44,7.9,22.1,0.357,28.9,61.5,0.47,15.8,20.4,0.772,8.9,35.2,44.1,22.1,6.1,5.4,12.6,20.8,97.3,2015
6,Lg Rank,,6,9,18,8.0,15,11,22.0,10,20,7.0,6,4,30.0,1,30,21,15,1,23,27,9,7,2015
7,Year/Year,,0.0%,-0.1%,0.4%,-0.002,-2.4%,0.9%,-0.012,0.6%,0.2%,0.002,3.3%,1.5%,0.014,-7.3%,4.5%,1.9%,5.6%,-2.3%,6.0%,-5.2%,-0.5%,0.3%,2015
0,Team,82.0,19855,3036,6922,0.439,873,2410,0.362,2163,4512,0.479,1534,1941,0.79,734,2869,3603,1778,595,438,1030,1487,8479,2016
1,Team/G,,242.1,37.0,84.4,0.439,10.6,29.4,0.362,26.4,55.0,0.479,18.7,23.7,0.79,9.0,35.0,43.9,21.7,7.3,5.3,12.6,18.1,103.4,2016
2,Lg Rank,,9,24,16,27.0,4,4,8.0,30,28,24.0,7,11,5.0,28,4,14,19,22,12,1,3,11,2016
3,Year/Year,,-0.3%,4.2%,-0.1%,0.018,75.3%,53.9%,0.044,-10.4%,-15.9%,0.029,9.8%,4.0%,0.042,-10.5%,2.7%,-0.3%,7.5%,19.2%,-2.2%,5.5%,-0.5%,9.8%,2016
4,Opponent,82.0,19855,3098,6971,0.444,726,2081,0.349,2372,4890,0.485,1334,1735,0.769,726,2936,3662,1901,553,448,1103,1670,8256,2016
5,Opponent/G,,242.1,37.8,85.0,0.444,8.9,25.4,0.349,28.9,59.6,0.485,16.3,21.2,0.769,8.9,35.8,44.7,23.2,6.7,5.5,13.5,20.4,100.7,2016
6,Lg Rank,,9,12,18,12.0,18,23,14.0,7,15,14.0,3,4,25.0,2,29,22,23,2,21,21,14,9,2016
7,Year/Year,,-0.3%,2.6%,1.6%,0.004,11.9%,14.6%,-0.009,0.0%,-3.1%,0.015,3.3%,3.7%,-0.003,-0.3%,1.6%,1.2%,4.7%,10.2%,1.8%,6.8%,-2.2%,3.4%,2016
0,Team,82.0,19830,3093,7000,0.442,824,2347,0.351,2269,4653,0.488,1591,1953,0.815,721,2853,3574,1891,571,390,942,1360,8601,2017
1,Team/G,,241.8,37.7,85.4,0.442,10.0,28.6,0.351,27.7,56.7,0.488,19.4,23.8,0.815,8.8,34.8,43.6,23.1,7.0,4.8,11.5,16.6,104.9,2017
2,Lg Rank,,10,26,15,26.0,11,9,18.0,22,21,27.0,5,10,1.0,26,4,16,11,27,17,1,1,16,2017
3,Year/Year,,-0.1%,1.9%,1.1%,0.003,-5.6%,-2.6%,-0.011,4.9%,3.1%,0.008,3.7%,0.6%,0.024,-1.8%,-0.6%,-0.8%,6.4%,-4.0%,-11.0%,-8.5%,-8.5%,1.4%,2017
4,Opponent,82.0,19830,3237,7092,0.456,950,2576,0.369,2287,4516,0.506,1161,1496,0.776,732,2909,3641,2012,539,450,1071,1631,8585,2017
5,Opponent/G,,241.8,39.5,86.5,0.456,11.6,31.4,0.369,27.9,55.1,0.506,14.2,18.2,0.776,8.9,35.5,44.4,24.5,6.6,5.5,13.1,19.9,104.7,2017
6,Lg Rank,,10,18,21,15.0,30,30,25.0,7,5,21.0,1,1,21.0,3,26,22,28,2,28,23,15,13,2017
7,Year/Year,,-0.1%,4.5%,1.7%,0.012,30.9%,23.8%,0.02,-3.6%,-7.6%,0.021,-13.0%,-13.8%,0.007,0.8%,-0.9%,-0.6%,5.8%,-2.5%,0.4%,-2.9%,-2.3%,4.0%,2017
0,Team,82.0,19780,3197,7106,0.45,824,2233,0.369,2373,4873,0.487,1656,2216,0.747,827,2901,3728,1770,559,373,1041,1409,8874,2018
1,Team/G,,241.2,39.0,86.7,0.45,10.0,27.2,0.369,28.9,59.4,0.487,20.2,27.0,0.747,10.1,35.4,45.5,21.6,6.8,4.5,12.7,17.2,108.2,2018
2,Lg Rank,,16,18,11,24.0,19,21,8.0,18,7,27.0,1,1,24.0,12,4,3,24,28,18,3,2,10,2018
3,Year/Year,,-0.3%,3.4%,1.5%,0.008,0.0%,-4.9%,0.018,4.6%,4.7%,-0.001,4.1%,13.5%,-0.067,14.7%,1.7%,4.3%,-6.4%,-2.1%,-4.4%,10.5%,3.6%,3.2%,2018
4,Opponent,82.0,19780,3370,7199,0.468,926,2467,0.375,2444,4732,0.516,1187,1494,0.795,692,2891,3583,2029,542,404,1112,1839,8853,2018
5,Opponent/G,,241.2,41.1,87.8,0.468,11.3,30.1,0.375,29.8,57.7,0.516,14.5,18.2,0.795,8.4,35.3,43.7,24.7,6.6,4.9,13.6,22.4,108.0,2018
6,Lg Rank,,16,25,24,22.0,26,19,27.0,23,19,19.0,2,1,30.0,2,25,19,26,2,20,24,1,19,2018
7,Year/Year,,-0.3%,4.1%,1.5%,0.012,-2.5%,-4.2%,0.007,6.9%,4.8%,0.01,2.2%,-0.1%,0.018,-5.5%,-0.6%,-1.6%,0.8%,0.6%,-10.2%,3.8%,12.8%,3.1%,2018
0,Team,82.0,19830,3297,7362,0.448,977,2783,0.351,2320,4579,0.507,1510,1895,0.797,814,2778,3592,1905,591,405,1001,1550,9081,2019
1,Team/G,,241.8,40.2,89.8,0.448,11.9,33.9,0.351,28.3,55.8,0.507,18.4,23.1,0.797,9.9,33.9,43.8,23.2,7.2,4.9,12.2,18.9,110.7,2019
2,Lg Rank,,11,21,12,26.0,11,10,18.0,24,19,22.0,9,16,6.0,19,22,23,24,21,18,2,3,19,2019
3,Year/Year,,0.3%,3.1%,3.6%,-0.002,18.6%,24.6%,-0.018,-2.2%,-6.0%,0.02,-8.8%,-14.5%,0.05,-1.6%,-4.2%,-3.6%,7.6%,5.7%,8.6%,-3.8%,10.0%,2.3%,2019
4,Opponent,82.0,19830,3436,7311,0.47,992,2748,0.361,2444,4563,0.536,1307,1660,0.787,825,2931,3756,2133,565,492,1109,1686,9171,2019
5,Opponent/G,,241.8,41.9,89.2,0.47,12.1,33.5,0.361,29.8,55.6,0.536,15.9,20.2,0.787,10.1,35.7,45.8,26.0,6.9,6.0,13.5,20.6,111.8,2019
6,Lg Rank,,11,20,13,25.0,25,22,23.0,14,7,24.0,5,2,30.0,12,25,21,26,4,29,17,18,17,2019
7,Year/Year,,0.3%,2.0%,1.6%,0.002,7.1%,11.4%,-0.014,0.0%,-3.6%,0.019,10.1%,11.1%,-0.007,19.2%,1.4%,4.8%,5.1%,4.2%,21.8%,-0.3%,-8.3%,3.6%,2019
0,Team,65.0,15750,2425,5586,0.434,785,2231,0.352,1640,3355,0.489,1052,1406,0.748,715,2066,2781,1549,428,268,949,1223,6687,2020
1,Team/G,,242.3,37.3,85.9,0.434,12.1,34.3,0.352,25.2,51.6,0.489,16.2,21.6,0.748,11.0,31.8,42.8,23.8,6.6,4.1,14.6,18.8,102.9,2020
2,Lg Rank,,26,30,26,30.0,15,14,19.0,29,25,30.0,26,25,24.0,3,29,26,19,26,25,14,3,30,2020
3,Year/Year,,0.2%,-7.2%,-4.3%,-0.014,1.4%,1.1%,0.001,-10.8%,-7.6%,-0.018,-12.1%,-6.4%,-0.049,10.8%,-6.2%,-2.3%,2.6%,-8.6%,-16.5%,19.6%,-0.5%,-7.1%,2020
4,Opponent,65.0,15750,2708,5690,0.476,803,2279,0.352,1905,3411,0.558,907,1197,0.758,711,2276,2987,1732,523,328,935,1337,7126,2020
5,Opponent/G,,242.3,41.7,87.5,0.476,12.4,35.1,0.352,29.3,52.5,0.558,14.0,18.4,0.758,10.9,35.0,46.0,26.6,8.0,5.0,14.4,20.6,109.6,2020
6,Lg Rank,,26,19,12,23.0,19,23,11.0,18,7,30.0,1,1,4.0,27,18,23,30,23,20,16,16,12,2020
7,Year/Year,,0.2%,-0.6%,-1.8%,0.006,2.1%,4.6%,-0.009,-1.7%,-5.7%,0.023,-12.5%,-9.0%,-0.03,8.7%,-2.0%,0.3%,2.4%,16.8%,-15.9%,6.4%,0.0%,-2.0%,2020
0,Team,72.0,17355,2875,6324,0.455,985,2666,0.369,1890,3658,0.517,1146,1505,0.761,762,2389,3151,1933,565,344,1069,1298,7881,2021
1,Team/G,,241.0,39.9,87.8,0.455,13.7,37.0,0.369,26.3,50.8,0.517,15.9,20.9,0.761,10.6,33.2,43.8,26.8,7.8,4.8,14.8,18.0,109.5,2021
2,Lg Rank,,19,22,20,22.0,10,9,14.0,26,23,22.0,26,24,21.0,6,25,19,5,10,16,24,5,23,2021
3,Year/Year,,-0.5%,7.0%,2.2%,0.02,13.3%,7.9%,0.018,4.0%,-1.6%,0.028,-1.7%,-3.4%,0.013,-3.8%,4.4%,2.3%,12.7%,19.2%,15.9%,1.7%,-4.2%,6.4%,2021
4,Opponent,72.0,17355,2972,6346,0.468,1042,2847,0.366,1930,3499,0.552,1034,1387,0.745,766,2487,3253,1951,582,347,1062,1340,8020,2021
5,Opponent/G,,241.0,41.3,88.1,0.468,14.5,39.5,0.366,26.8,48.6,0.552,14.4,19.3,0.745,10.6,34.5,45.2,27.1,8.1,4.8,14.8,18.6,111.4,2021
6,Lg Rank,,19,15,14,17.0,28,30,17.0,4,3,30.0,1,3,1.0,27,18,19,30,24,14,9,21,13,2021
7,Year/Year,,-0.5%,-0.9%,0.7%,-0.008,17.1%,12.8%,0.014,-8.5%,-7.4%,-0.007,2.9%,4.6%,-0.012,-2.7%,-1.4%,-1.7%,1.7%,0.5%,-4.5%,2.5%,-9.5%,1.6%,2021
0,Team,82.0,19880,3508,7497,0.468,1143,3130,0.365,2365,4367,0.542,1298,1753,0.74,888,2767,3655,2302,707,402,1087,1629,9457,2022
1,Team/G,,242.4,42.8,91.4,0.468,13.9,38.2,0.365,28.8,53.3,0.542,15.8,21.4,0.74,10.8,33.7,44.6,28.1,8.6,4.9,13.3,19.9,115.3,2022
2,Lg Rank,,3,4,3,11.0,5,6,6.0,12,15,11.0,25,19,27.0,9,21,12,1,5,11,10,18,4,2022
3,Year/Year,,0.6%,7.1%,4.1%,0.013,1.9%,3.1%,-0.004,9.9%,4.8%,0.025,-0.5%,2.3%,-0.021,2.3%,1.7%,1.8%,4.6%,9.9%,2.6%,-10.7%,10.2%,5.4%,2022
4,Opponent,82.0,19880,3444,7388,0.466,1148,3170,0.362,2296,4218,0.544,1385,1815,0.763,931,2920,3851,2169,617,377,1229,1609,9421,2022
5,Opponent/G,,242.4,42.0,90.1,0.466,14.0,38.7,0.362,28.0,51.4,0.544,16.9,22.1,0.763,11.4,35.6,47.0,26.5,7.5,4.6,15.0,19.6,114.9,2022
6,Lg Rank,,3,25,23,20.0,29,28,23.0,14,9,23.0,15,16,7.0,28,26,27,29,16,12,4,18,25,2022
7,Year/Year,,0.6%,1.7%,2.2%,-0.002,-3.3%,-2.2%,-0.004,4.5%,5.8%,-0.007,17.6%,14.9%,0.018,6.7%,3.1%,3.9%,-2.4%,-6.9%,-4.6%,1.6%,5.4%,3.1%,2022
0,Team,82.0,19830,3385,7413,0.457,881,2669,0.33,2504,4744,0.528,1447,1933,0.749,901,2751,3652,2062,634,425,1164,1661,9098,2023
1,Team/G,,241.8,41.3,90.4,0.457,10.7,32.5,0.33,30.5,57.9,0.528,17.6,23.6,0.749,11.0,33.5,44.5,25.1,7.7,5.2,14.2,20.3,111.0,2023
2,Lg Rank,,12,22,6,29.0,27,18,29.0,12,6,27.0,20,17,27.0,12,10,9,17,9,8,17,17,27,2023
3,Year/Year,,-0.3%,-3.5%,-1.1%,-0.011,-22.9%,-14.7%,-0.035,5.9%,8.6%,-0.014,11.5%,10.3%,0.008,1.5%,-0.6%,-0.1%,-10.4%,-10.3%,5.7%,7.1%,2.0%,-3.8%,2023
4,Opponent,82.0,19830,3522,7391,0.477,1004,2812,0.357,2518,4579,0.55,1562,1965,0.795,895,2892,3787,2127,573,471,1177,1667,9610,2023
5,Opponent/G,,241.8,43.0,90.1,0.477,12.2,34.3,0.357,30.7,55.8,0.55,19.0,24.0,0.795,10.9,35.3,46.2,25.9,7.0,5.7,14.4,20.3,117.2,2023
6,Lg Rank,,12,22,23,19.0,15,19,14.0,23,21,15.0,22,19,25.0,22,30,29,21,10,29,12,13,22,2023
7,Year/Year,,-0.3%,2.3%,0.0%,0.01,-12.5%,-11.3%,-0.005,9.7%,8.6%,0.006,12.8%,8.3%,0.032,-3.9%,-1.0%,-1.7%,-1.9%,-7.1%,24.9%,-4.2%,3.6%,2.0%,2023
