,Unnamed: 0,G,MP,FG,FGA,FG%,3P,3PA,3P%,2P,2PA,2P%,FT,FTA,FT%,ORB,DRB,TRB,AST,TOV,PF,PTS,Year,STL,BLK
0,Team,78.0,18845.0,3174.0,7397.0,0.429,96.0,360.0,0.267,3078.0,7037.0,0.437,2102.0,2971.0,0.708,,,4257.0,1176.0,1402.0,1788.0,8546.0,1968,,
1,Team/G,,241.6,40.7,94.8,0.429,1.2,4.6,0.267,39.5,90.2,0.437,26.9,38.1,0.708,,,54.6,15.1,18.0,22.9,109.6,1968,,
2,Lg Rank,,3.0,7.0,9.0,2.0,7.0,6.0,8.0,6.0,8.0,3.0,5.0,2.0,9.0,,,5.0,6.0,7.0,1.0,7.0,1968,,
3,Year/Year,,,,,,,,,,,,,,,,,,,,,,1968,,
4,Opponent,78.0,18845.0,3311.0,7844.0,0.422,141.0,417.0,0.338,3170.0,7427.0,0.427,1767.0,2473.0,0.715,,,4131.0,1257.0,1290.0,2013.0,8530.0,1968,,
5,Opponent/G,,241.6,42.4,100.6,0.422,1.8,5.3,0.338,40.6,95.2,0.427,22.7,31.7,0.715,,,53.0,16.1,16.5,25.8,109.4,1968,,
6,Lg Rank,,3.0,9.0,10.0,6.0,11.0,9.0,11.0,8.0,9.0,6.0,1.0,1.0,5.0,,,4.0,7.0,9.0,2.0,8.0,1968,,
7,Year/Year,,,,,,,,,,,,,,,,,,,,,,1968,,
0,Team,78.0,18920,3474,7709,0.451,110,368,0.299,3364,7341,0.458,2273,3180,0.715,1604.0,2827.0,4431,1553,1518,2106,9331,1969,,
1,Team/G,,242.6,44.5,98.8,0.451,1.4,4.7,0.299,43.1,94.1,0.458,29.1,40.8,0.715,20.6,36.2,56.8,19.9,19.5,27.0,119.6,1969,,
2,Lg Rank,,2,2,3,3.0,6,6,5.0,3,3,3.0,3,3,9.0,3.0,2.0,2,3,8,6,2,1969,,
3,Year/Year,,0.4%,9.5%,4.2%,0.022,14.6%,2.2%,0.032,9.3%,4.3%,0.021,8.1%,7.0%,0.007,,,4.1%,32.1%,8.3%,17.8%,9.2%,1969,,
4,Opponent,78.0,18920,3356,7829,0.429,141,506,0.279,3215,7323,0.439,2157,2939,0.734,,,4288,1469,1450,2172,9010,1969,,
5,Opponent/G,,242.6,43.0,100.4,0.429,1.8,6.5,0.279,41.2,93.9,0.439,27.7,37.7,0.734,,,55.0,18.8,18.6,27.8,115.5,1969,,
6,Lg Rank,,2,9,10,4.0,7,9,3.0,7,10,5.0,5,5,6.0,,,7,7,9,3,7,1969,,
7,Year/Year,,0.4%,1.4%,-0.2%,0.007,0.0%,21.3%,-0.059,1.4%,-1.4%,0.012,22.1%,18.8%,0.019,,,3.8%,16.9%,12.4%,7.9%,5.6%,1969,,
0,Team,84.0,20285,3593,7896,0.455,215,784,0.274,3378,7112,0.475,2110,2846,0.741,1496,2937,4433,1826,1485,2125,9511,1970,,
1,Team/G,,241.5,42.8,94.0,0.455,2.6,9.3,0.274,40.2,84.7,0.475,25.1,33.9,0.741,17.8,35.0,52.8,21.7,17.7,25.3,113.2,1970,,
2,Lg Rank,,8,6,9,3.0,2,2,6.0,9,11,1.0,5,5,7.0,8,8,9,2,2,3,6,1970,,
3,Year/Year,,-0.4%,-4.0%,-4.9%,0.004,81.5%,97.8%,-0.025,-6.8%,-10.0%,0.017,-13.8%,-16.9%,0.027,-13.4%,-3.5%,-7.1%,9.2%,-9.2%,-6.3%,-5.4%,1970,,
4,Opponent,84.0,20285,3568,8181,0.436,125,507,0.247,3443,7674,0.449,1959,2731,0.717,,,4572,1726,1516,2224,9220,1970,,
5,Opponent/G,,241.5,42.5,97.4,0.436,1.5,6.0,0.247,41.0,91.4,0.449,23.3,32.5,0.717,,,54.4,20.5,18.0,26.5,109.8,1970,,
6,Lg Rank,,8,5,6,2.0,1,6,1.0,5,7,4.0,2,4,1.0,,,7,7,10,5,4,1970,,
7,Year/Year,,-0.4%,-1.3%,-3.0%,0.007,-17.7%,-7.0%,-0.032,-0.6%,-2.7%,0.01,-15.7%,-13.7%,-0.017,,,-1.0%,9.1%,-2.9%,-4.9%,-5.0%,1970,,
0,Team,84.0,20360,3796,8202,0.463,306,1024,0.299,3490,7178,0.486,2104,2741,0.768,1420,2953,4373,2068,1429,1953,10002,1971,,
1,Team/G,,242.4,45.2,97.6,0.463,3.6,12.2,0.299,41.5,85.5,0.486,25.0,32.6,0.768,16.9,35.2,52.1,24.6,17.0,23.3,119.1,1971,,
2,Lg Rank,,3,7,9,3.0,1,1,6.0,11,11,1.0,6,7,2.0,10,8,8,2,2,1,4,1971,,
3,Year/Year,,0.4%,5.6%,3.9%,0.008,42.3%,30.6%,0.025,3.3%,0.9%,0.011,-0.3%,-3.7%,0.026,-5.1%,0.5%,-1.4%,13.3%,-3.8%,-8.1%,5.2%,1971,,
4,Opponent,84.0,20360,3768,8463,0.445,118,412,0.286,3650,8051,0.453,1847,2489,0.742,,,4653,1954,1535,2138,9501,1971,,
5,Opponent/G,,242.4,44.9,100.8,0.445,1.4,4.9,0.286,43.5,95.8,0.453,22.0,29.6,0.742,,,55.4,23.3,18.3,25.5,113.1,1971,,
6,Lg Rank,,3,5,7,3.0,2,2,2.0,6,8,3.0,2,2,2.0,,,6,9,8,7,4,1971,,
7,Year/Year,,0.4%,5.6%,3.4%,0.009,-5.6%,-18.7%,0.04,6.0%,4.9%,0.005,-5.7%,-8.9%,0.025,,,1.8%,13.2%,1.3%,-3.9%,3.0%,1971,,
0,Team,84.0,20360,3601,7805,0.461,220,750,0.293,3381,7055,0.479,2065,2756,0.749,1574,3004,4578,1731,1524,1908,9487,1972,,
1,Team/G,,242.4,42.9,92.9,0.461,2.6,8.9,0.293,40.3,84.0,0.479,24.6,32.8,0.749,18.7,35.8,54.5,20.6,18.1,22.7,112.9,1972,,
2,Lg Rank,,5,8,6,6.0,1,1,6.0,8,11,5.0,4,4,8.0,5,3,3,9,6,1,6,1972,,
3,Year/Year,,0.0%,-5.1%,-4.8%,-0.001,-28.1%,-26.8%,-0.005,-3.1%,-1.7%,-0.007,-1.9%,0.5%,-0.018,10.8%,1.7%,4.7%,-16.3%,6.6%,-2.3%,-5.1%,1972,,
4,Opponent,84.0,20360,3718,8183,0.454,104,369,0.282,3614,7814,0.463,1726,2298,0.751,1617,2719,4336,1918,1345,2180,9266,1972,,
5,Opponent/G,,242.4,44.3,97.4,0.454,1.2,4.4,0.282,43.0,93.0,0.463,20.5,27.4,0.751,19.3,32.4,51.6,22.8,16.0,26.0,110.3,1972,,
6,Lg Rank,,5,8,8,6.0,1,1,3.0,8,9,5.0,2,2,3.0,9,1,4,10,11,3,3,1972,,
7,Year/Year,,0.0%,-1.3%,-3.3%,0.009,-11.9%,-10.4%,-0.005,-1.0%,-2.9%,0.009,-6.6%,-7.7%,0.009,,,-6.8%,-1.8%,-12.4%,2.0%,-2.5%,1972,,
0,Team,84.0,20360,3668,7948,0.461,172,551,0.312,3496,7397,0.473,2123,2874,0.739,1612,2941,4553,1860,1609,2056,9631,1973,,
1,Team/G,,242.4,43.7,94.6,0.461,2.0,6.6,0.312,41.6,88.1,0.473,25.3,34.2,0.739,19.2,35.0,54.2,22.1,19.2,24.5,114.7,1973,,
2,Lg Rank,,1,4,2,7.0,1,1,3.0,6,6,7.0,4,3,6.0,1,1,1,10,7,2,3,1973,,
3,Year/Year,,0.0%,1.9%,1.8%,0.0,-21.8%,-26.5%,0.019,3.4%,4.8%,-0.007,2.8%,4.3%,-0.011,2.4%,-2.1%,-0.5%,7.5%,5.6%,7.8%,1.5%,1973,,
4,Opponent,84.0,20360,3741,8207,0.456,78,284,0.275,3663,7923,0.462,1891,2547,0.742,1647,2697,4344,2033,1538,2255,9451,1973,,
5,Opponent/G,,242.4,44.5,97.7,0.456,0.9,3.4,0.275,43.6,94.3,0.462,22.5,30.3,0.742,19.6,32.1,51.7,24.2,18.3,26.8,112.5,1973,,
6,Lg Rank,,1,8,10,2.0,1,2,4.0,9,10,2.0,2,2,3.0,10,6,10,6,7,3,6,1973,,
7,Year/Year,,0.0%,0.6%,0.3%,0.001,-25.0%,-23.0%,-0.007,1.4%,1.4%,-0.0,9.6%,10.8%,-0.009,1.9%,-0.8%,0.2%,6.0%,14.3%,3.4%,2.0%,1973,,
0,Team,84.0,20360,3546,7886,0.45,171,543,0.315,3375,7343,0.46,1625,2242,0.725,1474,2896,4370,1825,1554,1926,8888,1974,735.0,459.0
1,Team/G,,242.4,42.2,93.9,0.45,2.0,6.5,0.315,40.2,87.4,0.46,19.3,26.7,0.725,17.5,34.5,52.0,21.7,18.5,22.9,105.8,1974,8.8,5.5
2,Lg Rank,,1,7,5,8.0,2,2,3.0,7,6,7.0,4,4,10.0,2,2,2,8,7,3,7,1974,3.0,4.0
3,Year/Year,,0.0%,-3.3%,-0.8%,-0.012,-0.6%,-1.5%,0.003,-3.5%,-0.7%,-0.013,-23.5%,-22.0%,-0.014,-8.6%,-1.5%,-4.0%,-1.9%,-3.4%,-6.3%,-7.7%,1974,,
4,Opponent,84.0,20360,3606,8069,0.447,80,332,0.241,3526,7737,0.456,1524,2031,0.75,1468,2788,4256,1853,1473,2036,8816,1974,652.0,447.0
5,Opponent/G,,242.4,42.9,96.1,0.447,1.0,4.0,0.241,42.0,92.1,0.456,18.1,24.2,0.75,17.5,33.2,50.7,22.1,17.5,24.2,105.0,1974,7.8,5.3
6,Lg Rank,,1,7,9,3.0,2,3,1.0,7,9,3.0,4,4,2.0,9,8,9,5,5,4,5,1974,3.0,8.0
7,Year/Year,,0.0%,-3.6%,-1.7%,-0.009,2.6%,16.9%,-0.034,-3.7%,-2.3%,-0.007,-19.4%,-20.3%,0.008,-10.9%,3.4%,-2.0%,-8.9%,-4.2%,-9.7%,-6.7%,1974,,
0,Team,84.0,20260,3891,8365,0.465,224,718,0.312,3667,7647,0.48,1465,1969,0.744,1673,2565,4238,1927,1543,1946,9471,1975,890,413
1,Team/G,,241.2,46.3,99.6,0.465,2.7,8.5,0.312,43.7,91.0,0.48,17.4,23.4,0.744,19.9,30.5,50.5,22.9,18.4,23.2,112.8,1975,10.6,4.9
2,Lg Rank,,7,2,1,7.0,1,1,3.0,7,6,6.0,8,7,7.0,1,7,4,7,5,4,3,1975,3,5
3,Year/Year,,-0.5%,9.7%,6.1%,0.015,31.0%,32.2%,-0.003,8.7%,4.1%,0.02,-9.8%,-12.2%,0.019,13.5%,-11.4%,-3.0%,5.6%,-0.7%,1.0%,6.6%,1975,21.1%,-10.0%
4,Opponent,84.0,20260,3831,7848,0.488,75,262,0.286,3756,7586,0.495,1644,2127,0.773,1448,2746,4194,2055,1716,1906,9381,1975,684,414
5,Opponent/G,,241.2,45.6,93.4,0.488,0.9,3.1,0.286,44.7,90.3,0.495,19.6,25.3,0.773,17.2,32.7,49.9,24.5,20.4,22.7,111.7,1975,8.1,4.9
6,Lg Rank,,7,8,6,8.0,4,4,4.0,8,7,8.0,7,5,9.0,8,8,8,5,2,7,8,1975,2,7
7,Year/Year,,-0.5%,6.2%,-2.7%,0.041,-6.2%,-21.1%,0.045,6.5%,-2.0%,0.039,7.9%,4.7%,0.023,-1.4%,-1.5%,-1.5%,10.9%,16.5%,-6.4%,6.4%,1975,4.9%,-7.4%
0,Team,84.0,20335,3735,8525,0.438,250,771,0.324,3485,7754,0.449,1740,2253,0.772,1612,2740,4352,2087,1452,1981,9460,1976,941,459
1,Team/G,,242.1,44.5,101.5,0.438,3.0,9.2,0.324,41.5,92.3,0.449,20.7,26.8,0.772,19.2,32.6,51.8,24.8,17.3,23.6,112.6,1976,11.2,5.5
2,Lg Rank,,4,7,1,7.0,1,1,2.0,7,5,7.0,6,7,5.0,1,6,2,3,1,2,4,1976,1,7
3,Year/Year,,0.4%,-4.0%,1.9%,-0.027,11.6%,7.4%,0.012,-5.0%,1.4%,-0.03,18.8%,14.4%,0.028,-3.6%,6.8%,2.7%,8.3%,-5.9%,1.8%,-0.1%,1976,5.7%,11.1%
4,Opponent,84.0,20335,3869,8132,0.476,63,224,0.281,3806,7908,0.481,1679,2156,0.779,1501,3103,4604,2139,1740,2060,9480,1976,744,494
5,Opponent/G,,242.1,46.1,96.8,0.476,0.8,2.7,0.281,45.3,94.1,0.481,20.0,25.7,0.779,17.9,36.9,54.8,25.5,20.7,24.5,112.9,1976,8.9,5.9
6,Lg Rank,,4,6,8,7.0,1,1,3.0,7,8,7.0,2,2,8.0,8,9,9,8,2,7,6,1976,2,6
7,Year/Year,,0.4%,1.0%,3.6%,-0.012,-16.0%,-14.5%,-0.005,1.3%,4.2%,-0.014,2.1%,1.4%,0.006,3.7%,13.0%,9.8%,4.1%,1.4%,8.1%,1.1%,1976,8.8%,19.3%
0,Team,82.0,19755,3522,7840,0.449,,,,,,,1714,2297,0.746,1409,2584,3993,2009,1609,2030,8758,1977,924,458
1,Team/G,,240.9,43.0,95.6,0.449,,,,,,,20.9,28.0,0.746,17.2,31.5,48.7,24.5,19.6,24.8,106.8,1977,11.3,5.6
2,Lg Rank,,12,11,1,19.0,,,,,,,8,9,14.0,1,14,5,7,6,8,11,1977,3,8
3,Year/Year,,-0.5%,-3.4%,-5.8%,0.011,,,,,,,0.9%,4.4%,-0.026,-10.5%,-3.4%,-6.0%,-1.4%,13.5%,5.0%,-5.2%,1977,0.6%,2.2%
4,Opponent,82.0,19755,3599,7629,0.472,,,,,,,1705,2252,0.757,1378,2770,4148,2097,1792,2043,8903,1977,715,466
5,Opponent/G,,240.9,43.9,93.0,0.472,,,,,,,20.8,27.5,0.757,16.8,33.8,50.6,25.6,21.9,24.9,108.6,1977,8.7,5.7
6,Lg Rank,,12,19,13,16.0,,,,,,,10,9,18.0,21,20,22,18,6,12,17,1977,4,18
7,Year/Year,,-0.5%,-4.7%,-3.9%,-0.004,,,,,,,4.0%,7.0%,-0.022,-6.0%,-8.6%,-7.7%,0.4%,5.5%,1.6%,-3.8%,1977,-1.6%,-3.4%
0,Team,82.0,19830,3500,7783,0.45,,,,,,,1904,2564,0.743,1386,2624,4010,1982,1642,2230,8904,1978,808,456
1,Team/G,,241.8,42.7,94.9,0.45,,,,,,,23.2,31.3,0.743,16.9,32.0,48.9,24.2,20.0,27.2,108.6,1978,9.9,5.6
2,Lg Rank,,6,16,5,20.0,,,,,,,3,4,15.0,2,12,5,13,10,20,11,1978,9,6
3,Year/Year,,0.4%,-0.6%,-0.7%,0.0,,,,,,,11.1%,11.6%,-0.004,-1.6%,1.5%,0.4%,-1.3%,2.1%,9.9%,1.7%,1978,-12.6%,-0.4%
4,Opponent,82.0,19830,3634,7663,0.474,,,,,,,1841,2455,0.75,1350,2793,4143,2259,1762,2135,9109,1978,727,466
5,Opponent/G,,241.8,44.3,93.5,0.474,,,,,,,22.5,29.9,0.75,16.5,34.1,50.5,27.5,21.5,26.0,111.1,1978,8.9,5.7
6,Lg Rank,,6,14,12,17.0,,,,,,,18,18,9.0,20,20,21,22,5,6,17,1978,4,17
7,Year/Year,,0.4%,1.0%,0.4%,0.002,,,,,,,8.0%,9.0%,-0.007,-2.0%,0.8%,-0.1%,7.7%,-1.7%,4.5%,2.3%,1978,1.7%,0.0%
0,Team,82.0,19705,3575,7525,0.475,,,,,,,1759,2317,0.759,1225,2530,3755,2005,1536,2093,8909,1979,687,416
1,Team/G,,240.3,43.6,91.8,0.475,,,,,,,21.5,28.3,0.759,14.9,30.9,45.8,24.5,18.7,25.5,108.6,1979,8.4,5.1
2,Lg Rank,,18,13,9,17.0,,,,,,,13,13,11.0,12,9,9,15,6,13,13,1979,18,11
3,Year/Year,,-0.6%,2.1%,-3.3%,0.025,,,,,,,-7.6%,-9.6%,0.017,-11.6%,-3.6%,-6.4%,1.2%,-6.5%,-6.1%,0.1%,1979,-15.0%,-8.8%
4,Opponent,82.0,19705,3586,7499,0.478,,,,,,,1868,2416,0.773,1299,2605,3904,2178,1618,2091,9040,1979,677,437
5,Opponent/G,,240.3,43.7,91.5,0.478,,,,,,,22.8,29.5,0.773,15.8,31.8,47.6,26.6,19.7,25.5,110.2,1979,8.3,5.3
6,Lg Rank,,18,8,9,6.0,,,,,,,17,16,22.0,20,19,20,14,10,11,12,1979,6,13
7,Year/Year,,-0.6%,-1.3%,-2.1%,0.004,,,,,,,1.5%,-1.6%,0.023,-3.8%,-6.7%,-5.8%,-3.6%,-8.2%,-2.1%,-0.8%,1979,-6.9%,-6.2%
0,Team,82.0,19855,3639,7689,0.473,88.0,314.0,0.28,3551,7375,0.481,1753,2333,0.751,1398,2326,3724,2148,1517,1973,9119,1980,900,530
1,Team/G,,242.1,44.4,93.8,0.473,1.1,3.8,0.28,43.3,89.9,0.481,21.4,28.5,0.751,17.0,28.4,45.4,26.2,18.5,24.1,111.2,1980,11.0,6.5
2,Lg Rank,,8,7,4,16.0,4.0,4.0,9.0,8,8,15.0,10,9,15.0,1,19,8,11,9,12,6,1980,2,6
3,Year/Year,,0.8%,1.8%,2.2%,-0.002,,,,-0.7%,-2.0%,0.006,-0.3%,0.7%,-0.008,14.1%,-8.1%,-0.8%,7.1%,-1.2%,-5.7%,2.4%,1980,31.0%,27.4%
4,Opponent,82.0,19855,3693,7545,0.489,56.0,228.0,0.246,3637,7317,0.497,1734,2295,0.756,1394,2552,3946,2323,1758,2028,9176,1980,738,470
5,Opponent/G,,242.1,45.0,92.0,0.489,0.7,2.8,0.246,44.4,89.2,0.497,21.1,28.0,0.756,17.0,31.1,48.1,28.3,21.4,24.7,111.9,1980,9.0,5.7
6,Lg Rank,,8,15,15,12.0,7.0,15.0,3.0,15,15,13.0,15,15,5.0,22,15,22,20,2,13,17,1980,10,16
7,Year/Year,,0.8%,3.0%,0.6%,0.011,,,,1.4%,-2.4%,0.019,-7.2%,-5.0%,-0.018,7.3%,-2.0%,1.1%,6.7%,8.7%,-3.0%,1.5%,1980,9.0%,7.6%
0,Team,82.0,19730,3491,7245,0.482,30,169,0.178,3461,7076,0.489,1815,2540,0.715,1325,2267,3592,2091,1491,2006,8827,1981,833,484
1,Team/G,,240.6,42.6,88.4,0.482,0.4,2.1,0.178,42.2,86.3,0.489,22.1,31.0,0.715,16.2,27.6,43.8,25.5,18.2,24.5,107.6,1981,10.2,5.9
2,Lg Rank,,20,15,14,14.0,14,8,19.0,14,11,14.0,8,5,22.0,2,17,12,11,10,9,13,1981,6,8
3,Year/Year,,-0.6%,-4.1%,-5.8%,0.009,-65.9%,-46.2%,-0.103,-2.5%,-4.1%,0.008,3.5%,8.9%,-0.037,-5.2%,-2.5%,-3.5%,-2.7%,-1.7%,1.7%,-3.2%,1981,-7.4%,-8.7%
4,Opponent,82.0,19730,3457,7071,0.489,41,179,0.229,3416,6892,0.496,1757,2290,0.767,1246,2407,3653,2113,1655,2064,8712,1981,695,439
5,Opponent/G,,240.6,42.2,86.2,0.489,0.5,2.2,0.229,41.7,84.0,0.496,21.4,27.9,0.767,15.2,29.4,44.5,25.8,20.2,25.2,106.2,1981,8.5,5.4
6,Lg Rank,,20,9,6,12.0,12,18,10.0,9,5,12.0,10,8,22.0,17,14,18,16,6,10,8,1981,6,13
7,Year/Year,,-0.6%,-6.4%,-6.3%,-0.001,-26.8%,-21.5%,-0.017,-6.1%,-5.8%,-0.001,1.3%,-0.2%,0.012,-10.6%,-5.7%,-7.4%,-9.0%,-5.9%,1.8%,-5.1%,1981,-5.8%,-6.6%
0,Team,82.0,19830,3332,7164,0.465,103,316,0.326,3229,6848,0.472,1612,2176,0.741,1141,2372,3513,1897,1393,2041,8379,1982,753,494
1,Team/G,,241.8,40.6,87.4,0.465,1.3,3.9,0.326,39.4,83.5,0.472,19.7,26.5,0.741,13.9,28.9,42.8,23.1,17.0,24.9,102.2,1982,9.2,6.0
2,Lg Rank,,6,22,17,22.0,1,3,1.0,22,19,22.0,20,18,12.0,15,12,14,18,9,7,22,1982,5,6
3,Year/Year,,0.5%,-4.6%,-1.1%,-0.017,243.3%,87.0%,0.148,-6.7%,-3.2%,-0.018,-11.2%,-14.3%,0.026,-13.9%,4.6%,-2.2%,-9.3%,-6.6%,1.7%,-5.1%,1982,-9.6%,2.1%
4,Opponent,82.0,19830,3470,7062,0.491,34,183,0.186,3436,6879,0.499,1558,2133,0.73,1204,2598,3802,2053,1517,2016,8532,1982,678,397
5,Opponent/G,,241.8,42.3,86.1,0.491,0.4,2.2,0.186,41.9,83.9,0.499,19.0,26.0,0.73,14.7,31.7,46.4,25.0,18.5,24.6,104.0,1982,8.3,4.8
6,Lg Rank,,6,8,7,12.0,2,8,1.0,8,8,12.0,4,4,4.0,17,22,21,13,6,21,6,1982,9,8
7,Year/Year,,0.5%,0.4%,-0.1%,0.002,-17.1%,2.2%,-0.043,0.6%,-0.2%,0.004,-11.3%,-6.9%,-0.037,-3.4%,7.9%,4.1%,-2.8%,-8.3%,-2.3%,-2.1%,1982,-2.4%,-9.6%
0,Team,82.0,19830,3707,7723,0.48,50,236,0.212,3657,7487,0.488,1447,1910,0.758,1299,2294,3593,2150,1535,2086,8911,1983,755,411
1,Team/G,,241.8,45.2,94.2,0.48,0.6,2.9,0.212,44.6,91.3,0.488,17.6,23.3,0.758,15.8,28.0,43.8,26.2,18.7,25.4,108.7,1983,9.2,5.0
2,Lg Rank,,3,5,2,16.0,7,6,18.0,5,2,13.0,21,23,3.0,4,19,14,10,9,11,12,1983,10,14
3,Year/Year,,0.0%,11.3%,7.8%,0.015,-51.5%,-25.3%,-0.114,13.3%,9.3%,0.017,-10.2%,-12.2%,0.017,13.8%,-3.3%,2.3%,13.3%,10.2%,2.2%,6.3%,1983,0.3%,-16.8%
4,Opponent,82.0,19830,3768,7284,0.517,40,142,0.282,3728,7142,0.522,1815,2413,0.752,1206,2564,3770,2237,1643,1886,9391,1983,761,439
5,Opponent/G,,241.8,46.0,88.8,0.517,0.5,1.7,0.282,45.5,87.1,0.522,22.1,29.4,0.752,14.7,31.3,46.0,27.3,20.0,23.0,114.5,1983,9.3,5.4
6,Lg Rank,,3,19,12,22.0,9,3,22.0,19,13,22.0,20,20,19.0,11,18,18,17,6,21,21,1983,15,10
7,Year/Year,,0.0%,8.6%,3.1%,0.026,17.6%,-22.4%,0.096,8.5%,3.8%,0.022,16.5%,13.1%,0.022,0.2%,-1.3%,-0.8%,9.0%,8.3%,-6.4%,10.1%,1983,12.2%,10.6%
0,Team,82.0,19780,3447,7130,0.483,48,207,0.232,3399,6923,0.491,1624,2119,0.766,1002,2398,3400,2169,1525,2061,8566,1984,834,398
1,Team/G,,241.2,42.0,87.0,0.483,0.6,2.5,0.232,41.5,84.4,0.491,19.8,25.8,0.766,12.2,29.2,41.5,26.5,18.6,25.1,104.5,1984,10.2,4.9
2,Lg Rank,,16,16,16,18.0,12,11,14.0,16,17,18.0,21,23,8.0,23,8,18,11,17,9,19,1984,1,12
3,Year/Year,,-0.3%,-7.0%,-7.7%,0.003,-4.0%,-12.3%,0.02,-7.1%,-7.5%,0.003,12.2%,10.9%,0.009,-22.9%,4.5%,-5.4%,0.9%,-0.7%,-1.2%,-3.9%,1984,10.5%,-3.2%
4,Opponent,82.0,19780,3552,7175,0.495,29,146,0.199,3523,7029,0.501,1828,2415,0.757,1194,2564,3758,2117,1587,1930,8961,1984,761,444
5,Opponent/G,,241.2,43.3,87.5,0.495,0.4,1.8,0.199,43.0,85.7,0.501,22.3,29.5,0.757,14.6,31.3,45.8,25.8,19.4,23.5,109.3,1984,9.3,5.4
6,Lg Rank,,16,11,12,14.0,1,1,1.0,12,12,13.0,11,12,8.0,15,22,21,11,5,21,11,1984,18,13
7,Year/Year,,-0.3%,-5.7%,-1.5%,-0.022,-27.5%,2.8%,-0.083,-5.5%,-1.6%,-0.021,0.7%,0.1%,0.005,-1.0%,0.0%,-0.3%,-5.4%,-3.4%,2.3%,-4.6%,1984,0.0%,1.1%
0,Team,82.0,19780,3489,7324,0.476,30,155,0.194,3459,7169,0.482,1871,2516,0.744,1198,2623,3821,1945,1622,2237,8879,1985,625,366
1,Team/G,,241.2,42.5,89.3,0.476,0.4,1.9,0.194,42.2,87.4,0.482,22.8,30.7,0.744,14.6,32.0,46.6,23.7,19.8,27.3,108.3,1985,7.6,4.5
2,Lg Rank,,14,16,10,19.0,22,23,22.0,12,6,19.0,10,8,19.0,10,2,2,21,23,21,17,1985,19,17
3,Year/Year,,0.0%,1.2%,2.7%,-0.007,-37.5%,-25.1%,-0.038,1.8%,3.6%,-0.008,15.2%,18.7%,-0.023,19.6%,9.4%,12.4%,-10.3%,6.4%,8.5%,3.7%,1985,-25.1%,-8.0%
4,Opponent,82.0,19780,3628,7332,0.495,64,200,0.32,3564,7132,0.5,2068,2707,0.764,1098,2583,3681,2242,1424,2072,9388,1985,777,523
5,Opponent/G,,241.2,44.2,89.4,0.495,0.8,2.4,0.32,43.5,87.0,0.5,25.2,33.0,0.764,13.4,31.5,44.9,27.3,17.4,25.3,114.5,1985,9.5,6.4
6,Lg Rank,,14,14,13,16.0,4,1,22.0,14,15,14.0,22,22,12.0,3,20,19,18,15,10,20,1985,22,22
7,Year/Year,,0.0%,2.1%,2.2%,-0.0,120.7%,37.0%,0.121,1.2%,1.5%,-0.001,13.1%,12.1%,0.007,-8.0%,0.7%,-2.0%,5.9%,-10.3%,7.4%,4.8%,1985,2.1%,17.8%
0,Team,82.0,19755,3441,7150,0.481,23,143,0.161,3418,7007,0.488,1614,2183,0.739,1138,2613,3751,2159,1515,2135,8519,1986,659,381
1,Team/G,,240.9,42.0,87.2,0.481,0.3,1.7,0.161,41.7,85.5,0.488,19.7,26.6,0.739,13.9,31.9,45.7,26.3,18.5,26.0,103.9,1986,8.0,4.6
2,Lg Rank,,20,18,15,16.0,23,22,23.0,14,7,18.0,22,23,18.0,13,2,2,10,16,14,21,1986,17,15
3,Year/Year,,-0.1%,-1.4%,-2.4%,0.005,-23.3%,-7.7%,-0.033,-1.2%,-2.3%,0.005,-13.7%,-13.2%,-0.004,-5.0%,-0.4%,-1.8%,11.0%,-6.6%,-4.6%,-4.1%,1986,5.4%,4.1%
4,Opponent,82.0,19755,3372,7123,0.473,73,275,0.265,3299,6848,0.482,1975,2571,0.768,1050,2479,3529,2057,1315,1909,8792,1986,745,445
5,Opponent/G,,240.9,41.1,86.9,0.473,0.9,3.4,0.265,40.2,83.5,0.482,24.1,31.4,0.768,12.8,30.2,43.0,25.1,16.0,23.3,107.2,1986,9.1,5.4
6,Lg Rank,,20,5,5,5.0,10,13,7.0,5,6,5.0,16,13,22.0,3,16,11,9,20,22,7,1986,14,13
7,Year/Year,,-0.1%,-7.1%,-2.9%,-0.021,14.1%,37.5%,-0.055,-7.4%,-4.0%,-0.018,-4.5%,-5.0%,0.004,-4.4%,-4.0%,-4.1%,-8.3%,-7.7%,-7.9%,-6.3%,1986,-4.1%,-14.9%
0,Team,82.0,19930,3454,7324,0.472,94,316,0.297,3360,7008,0.479,1696,2170,0.782,1132,2464,3596,2170,1276,2097,8698,1987,697,311
1,Team/G,,243.0,42.1,89.3,0.472,1.1,3.9,0.297,41.0,85.5,0.479,20.7,26.5,0.782,13.8,30.0,43.9,26.5,15.6,25.6,106.1,1987,8.5,3.8
2,Lg Rank,,1,15,10,18.0,14,18,11.0,13,8,20.0,23,22,5.0,18,7,14,11,5,17,18,1987,15,23
3,Year/Year,,0.9%,0.4%,2.4%,-0.01,308.7%,121.0%,0.137,-1.7%,0.0%,-0.008,5.1%,-0.6%,0.042,-0.5%,-5.7%,-4.1%,0.5%,-15.8%,-1.8%,2.1%,1987,5.8%,-18.4%
4,Opponent,82.0,19930,3344,6969,0.48,103,345,0.299,3241,6624,0.489,1960,2584,0.759,1117,2584,3701,2019,1416,1852,8751,1987,660,472
5,Opponent/G,,243.0,40.8,85.0,0.48,1.3,4.2,0.299,39.5,80.8,0.489,23.9,31.5,0.759,13.6,31.5,45.1,24.6,17.3,22.6,106.7,1987,8.0,5.8
6,Lg Rank,,1,4,3,13.0,5,5,12.0,5,4,13.0,15,15,11.0,3,20,17,5,10,21,7,1987,6,15
7,Year/Year,,0.9%,-0.8%,-2.2%,0.006,41.1%,25.5%,0.033,-1.8%,-3.3%,0.008,-0.8%,0.5%,-0.01,6.4%,4.2%,4.9%,-1.8%,7.7%,-3.0%,-0.5%,1987,-11.4%,6.1%
0,Team,82.0,19705,3436,7154,0.48,163,485,0.336,3273,6669,0.491,1546,1982,0.78,1078,2457,3535,1977,1318,2038,8581,1988,619,345
1,Team/G,,240.3,41.9,87.2,0.48,2.0,5.9,0.336,39.9,81.3,0.491,18.9,24.2,0.78,13.1,30.0,43.1,24.1,16.1,24.9,104.6,1988,7.5,4.2
2,Lg Rank,,21,14,13,11.0,5,6,5.0,16,15,11.0,23,23,6.0,18,9,13,18,7,16,20,1988,21,22
3,Year/Year,,-1.1%,-0.5%,-2.3%,0.009,73.4%,53.5%,0.039,-2.6%,-4.8%,0.011,-8.8%,-8.7%,-0.002,-4.8%,-0.3%,-1.7%,-8.9%,3.3%,-2.8%,-1.3%,1988,-11.2%,10.9%
4,Opponent,82.0,19705,3335,7060,0.472,118,368,0.321,3217,6692,0.481,1858,2446,0.76,1160,2500,3660,1933,1269,1859,8646,1988,700,407
5,Opponent/G,,240.3,40.7,86.1,0.472,1.4,4.5,0.321,39.2,81.6,0.481,22.7,29.8,0.76,14.1,30.5,44.6,23.6,15.5,22.7,105.4,1988,8.5,5.0
6,Lg Rank,,21,7,6,7.0,7,4,13.0,7,8,7.0,14,15,6.0,13,18,17,1,18,22,7,1988,12,7
7,Year/Year,,-1.1%,-0.3%,1.3%,-0.007,14.6%,6.7%,0.022,-0.7%,1.0%,-0.009,-5.2%,-5.3%,0.001,3.8%,-3.3%,-1.1%,-4.3%,-10.4%,0.4%,-1.2%,1988,6.1%,-13.8%
0,Team,82.0,19855,3385,6945,0.487,202,615,0.328,3183,6330,0.503,1795,2275,0.789,1065,2497,3562,2012,1547,2105,8767,1989,563,418
1,Team/G,,242.1,41.3,84.7,0.487,2.5,7.5,0.328,38.8,77.2,0.503,21.9,27.7,0.789,13.0,30.5,43.4,24.5,18.9,25.7,106.9,1989,6.9,5.1
2,Lg Rank,,3,20,21,7.0,9,10,10.0,20,23,8.0,13,18,6.0,21,8,16,19,20,23,15,1989,24,14
3,Year/Year,,0.8%,-1.5%,-2.9%,0.007,23.9%,26.8%,-0.008,-2.7%,-5.1%,0.012,16.1%,14.8%,0.009,-1.2%,1.6%,0.8%,1.8%,17.4%,3.3%,2.2%,1989,-9.0%,21.2%
4,Opponent,82.0,19855,3453,7400,0.467,167,547,0.305,3286,6853,0.479,2036,2606,0.781,1288,2312,3600,2034,1206,2029,9109,1989,836,389
5,Opponent/G,,242.1,42.1,90.2,0.467,2.0,6.7,0.305,40.1,83.6,0.479,24.8,31.8,0.781,15.7,28.2,43.9,24.8,14.7,24.7,111.1,1989,10.2,4.7
6,Lg Rank,,3,11,19,6.0,11,17,8.0,11,20,7.0,23,21,23.0,23,8,16,5,23,5,18,1989,21,8
7,Year/Year,,0.8%,3.5%,4.8%,-0.006,41.5%,48.6%,-0.015,2.1%,2.4%,-0.001,9.6%,6.5%,0.022,11.0%,-7.5%,-1.6%,5.2%,-5.0%,9.1%,5.4%,1989,19.4%,-4.4%
0,Team,82.0,19880,3381,6807,0.497,294,770,0.382,3087,6037,0.511,1906,2335,0.816,940,2388,3328,2023,1342,1972,8962,1990,552,350
1,Team/G,,242.4,41.2,83.0,0.497,3.6,9.4,0.382,37.6,73.6,0.511,23.2,28.5,0.816,11.5,29.1,40.6,24.7,16.4,24.0,109.3,1990,6.7,4.3
2,Lg Rank,,2,17,26,4.0,3,3,2.0,23,26,3.0,7,13,2.0,26,15,23,16,17,19,10,1990,24,21
3,Year/Year,,0.1%,-0.1%,-2.0%,0.009,45.5%,25.2%,0.053,-3.0%,-4.6%,0.009,6.2%,2.6%,0.027,-11.7%,-4.4%,-6.6%,0.5%,-13.3%,-6.3%,2.2%,1990,-2.0%,-16.3%
4,Opponent,82.0,19880,3486,7225,0.482,173,541,0.32,3313,6684,0.496,1804,2395,0.753,1173,2297,3470,1945,1189,2021,8949,1990,716,321
5,Opponent/G,,242.4,42.5,88.1,0.482,2.1,6.6,0.32,40.4,81.5,0.496,22.0,29.2,0.753,14.3,28.0,42.3,23.7,14.5,24.6,109.1,1990,8.7,3.9
6,Lg Rank,,2,21,17,19.0,12,13,11.0,21,18,20.0,14,17,6.0,21,9,12,6,25,6,22,1990,17,2
7,Year/Year,,0.1%,1.0%,-2.4%,0.016,3.6%,-1.1%,0.014,0.8%,-2.5%,0.016,-11.4%,-8.1%,-0.028,-8.9%,-0.6%,-3.6%,-4.4%,-1.4%,-0.4%,-1.8%,1990,-14.4%,-17.5%
0,Team,82.0,19805,3450,6994,0.493,249,749,0.332,3201,6245,0.513,2010,2479,0.811,1018,2376,3394,2181,1355,2088,9159,1991,658,357
1,Team/G,,241.5,42.1,85.3,0.493,3.0,9.1,0.332,39.0,76.2,0.513,24.5,30.2,0.811,12.4,29.0,41.4,26.6,16.5,25.5,111.7,1991,8.0,4.4
2,Lg Rank,,13,8,17,4.0,8,8,8.0,11,23,3.0,4,5,2.0,23,16,20,6,17,25,5,1991,18,24
3,Year/Year,,-0.4%,2.0%,2.7%,-0.003,-15.3%,-2.7%,-0.049,3.7%,3.4%,0.001,5.5%,6.2%,-0.005,8.3%,-0.5%,2.0%,7.8%,1.0%,5.9%,2.2%,1991,19.2%,2.0%
4,Opponent,82.0,19805,3577,7299,0.49,186,609,0.305,3391,6690,0.507,1851,2490,0.743,1202,2313,3515,2063,1260,2037,9191,1991,729,353
5,Opponent/G,,241.5,43.6,89.0,0.49,2.3,7.4,0.305,41.4,81.6,0.507,22.6,30.4,0.743,14.7,28.2,42.9,25.2,15.4,24.8,112.1,1991,8.9,4.3
6,Lg Rank,,13,26,21,24.0,14,16,6.0,26,20,25.0,18,21,2.0,22,9,14,19,15,4,25,1991,20,5
7,Year/Year,,-0.4%,2.6%,1.0%,0.008,7.5%,12.6%,-0.014,2.4%,0.1%,0.011,2.6%,4.0%,-0.01,2.5%,0.7%,1.3%,6.1%,6.0%,0.8%,2.7%,1991,1.8%,10.0%
0,Team,82.0,19955,3498,7079,0.494,333,940,0.354,3165,6139,0.516,1868,2364,0.79,1083,2564,3647,2398,1402,2137,9197,1992,705,393
1,Team/G,,243.4,42.7,86.3,0.494,4.1,11.5,0.354,38.6,74.9,0.516,22.8,28.8,0.79,13.2,31.3,44.5,29.2,17.1,26.1,112.2,1992,8.6,4.8
2,Lg Rank,,1,6,18,3.0,2,4,4.0,15,25,3.0,3,5,3.0,22,2,8,1,26,27,2,1992,15,18
3,Year/Year,,0.8%,1.4%,1.2%,0.001,33.7%,25.5%,0.022,-1.1%,-1.7%,0.003,-7.1%,-4.6%,-0.021,6.4%,7.9%,7.5%,9.9%,3.5%,2.3%,0.4%,1992,7.1%,10.1%
4,Opponent,82.0,19955,3425,7312,0.468,216,640,0.338,3209,6672,0.481,1976,2627,0.752,1241,2325,3566,2165,1247,1984,9042,1992,816,386
5,Opponent/G,,243.4,41.8,89.2,0.468,2.6,7.8,0.338,39.1,81.4,0.481,24.1,32.0,0.752,15.1,28.4,43.5,26.4,15.2,24.2,110.3,1992,10.0,4.7
6,Lg Rank,,1,15,20,11.0,19,19,16.0,13,21,11.0,27,27,9.0,23,7,14,23,19,2,24,1992,26,4
7,Year/Year,,0.8%,-4.2%,0.2%,-0.022,16.1%,5.1%,0.032,-5.4%,-0.3%,-0.026,6.8%,5.5%,0.009,3.2%,0.5%,1.5%,4.9%,-1.0%,-2.6%,-1.6%,1992,11.9%,9.3%
0,Team,82.0,19755,3371,7022,0.48,257,789,0.326,3114,6233,0.5,1837,2399,0.766,1220,2455,3675,2144,1256,2045,8836,1993,615,403
1,Team/G,,240.9,41.1,85.6,0.48,3.1,9.6,0.326,38.0,76.0,0.5,22.4,29.3,0.766,14.9,29.9,44.8,26.1,15.3,24.9,107.8,1993,7.5,4.9
2,Lg Rank,,22,10,17,13.0,14,12,17.0,13,17,8.0,6,8,8.0,9,12,5,5,7,23,7,1993,22,17
3,Year/Year,,-1.0%,-3.6%,-0.8%,-0.014,-22.8%,-16.1%,-0.029,-1.6%,1.5%,-0.016,-1.7%,1.5%,-0.024,12.7%,-4.3%,0.8%,-10.6%,-10.4%,-4.3%,-3.9%,1993,-12.8%,2.5%
4,Opponent,82.0,19755,3262,6955,0.469,216,706,0.306,3046,6249,0.487,1957,2635,0.743,1189,2345,3534,1987,1178,1979,8697,1993,693,387
5,Opponent/G,,240.9,39.8,84.8,0.469,2.6,8.6,0.306,37.1,76.2,0.487,23.9,32.1,0.743,14.5,28.6,43.1,24.2,14.4,24.1,106.1,1993,8.5,4.7
6,Lg Rank,,22,9,10,12.0,4,9,2.0,12,11,14.0,25,25,5.0,24,9,16,12,25,9,16,1993,13,10
7,Year/Year,,-1.0%,-4.8%,-4.9%,0.001,0.0%,10.3%,-0.032,-5.1%,-6.3%,0.006,-1.0%,0.3%,-0.009,-4.2%,0.9%,-0.9%,-8.2%,-5.5%,-0.3%,-3.8%,1993,-15.1%,0.3%
0,Team,82.0,19755,3167,6516,0.486,184,500,0.368,2983,6016,0.496,1762,2387,0.738,1130,2409,3539,2055,1440,1974,8280,1994,706,457
1,Team/G,,240.9,38.6,79.5,0.486,2.2,6.1,0.368,36.4,73.4,0.496,21.5,29.1,0.738,13.8,29.4,43.2,25.1,17.6,24.1,101.0,1994,8.6,5.6
2,Lg Rank,,13,20,27,2.0,23,26,1.0,12,17,6.0,5,4,15.0,14,11,11,13,25,21,15,1994,15,8
3,Year/Year,,0.0%,-6.1%,-7.2%,0.006,-28.4%,-36.6%,0.042,-4.2%,-3.5%,-0.004,-4.1%,-0.5%,-0.028,-7.4%,-1.9%,-3.7%,-4.2%,14.6%,-3.5%,-6.3%,1994,14.8%,13.4%
4,Opponent,82.0,19755,2978,6614,0.45,273,815,0.335,2705,5799,0.466,1768,2422,0.73,1132,2153,3285,1902,1340,1986,7997,1994,826,389
5,Opponent/G,,240.9,36.3,80.7,0.45,3.3,9.9,0.335,33.0,70.7,0.466,21.6,29.5,0.73,13.8,26.3,40.1,23.2,16.3,24.2,97.5,1994,10.1,4.7
6,Lg Rank,,13,4,5,6.0,14,14,15.0,4,6,5.0,22,21,10.0,16,1,5,10,11,1,8,1994,25,8
7,Year/Year,,0.0%,-8.7%,-4.9%,-0.019,26.4%,15.4%,0.029,-11.2%,-7.2%,-0.021,-9.7%,-8.1%,-0.013,-4.8%,-8.2%,-7.0%,-4.3%,13.8%,0.4%,-8.0%,1994,19.2%,0.5%
0,Team,82.0,19780,2983,6248,0.477,374,985,0.38,2609,5263,0.496,1796,2390,0.751,1051,2290,3341,1877,1340,1939,8136,1995,703,363
1,Team/G,,241.2,36.4,76.2,0.477,4.6,12.0,0.38,31.8,64.2,0.496,21.9,29.1,0.751,12.8,27.9,40.7,22.9,16.3,23.6,99.2,1995,8.6,4.4
2,Lg Rank,,21,23,26,8.0,21,24,3.0,17,19,11.0,5,6,9.0,16,18,17,14,20,14,18,1995,9,20
3,Year/Year,,0.1%,-5.8%,-4.1%,-0.009,103.3%,97.0%,0.012,-12.5%,-12.5%,-0.0,1.9%,0.1%,0.013,-7.0%,-4.9%,-5.6%,-8.7%,-6.9%,-1.8%,-1.7%,1995,-0.4%,-20.6%
4,Opponent,82.0,19780,2921,6408,0.456,475,1304,0.364,2446,5104,0.479,1516,2089,0.726,1048,2156,3204,1804,1370,2058,7833,1995,691,416
5,Opponent/G,,241.2,35.6,78.1,0.456,5.8,15.9,0.364,29.8,62.2,0.479,18.5,25.5,0.726,12.8,26.3,39.1,22.0,16.7,25.1,95.5,1995,8.4,5.1
6,Lg Rank,,21,4,4,9.0,20,21,17.0,4,3,8.0,8,9,7.0,10,2,4,7,5,3,4,1995,15,13
7,Year/Year,,0.1%,-1.9%,-3.1%,0.006,74.0%,60.0%,0.029,-9.6%,-12.0%,0.013,-14.3%,-13.7%,-0.004,-7.4%,0.1%,-2.5%,-5.2%,2.2%,3.6%,-2.1%,1995,-16.3%,6.9%
0,Team,82.0,19755,2979,6205,0.48,363,973,0.373,2616,5232,0.5,1823,2416,0.755,1010,2262,3272,1917,1335,2031,8144,1996,579,323
1,Team/G,,240.9,36.3,75.7,0.48,4.4,11.9,0.373,31.9,63.8,0.5,22.2,29.5,0.755,12.3,27.6,39.9,23.4,16.3,24.8,99.3,1996,7.1,3.9
2,Lg Rank,,21,21,27,5.0,25,27,11.0,13,19,7.0,3,3,11.0,12,21,21,10,18,25,17,1996,26,26
3,Year/Year,,-0.1%,-0.1%,-0.7%,0.003,-2.9%,-1.2%,-0.007,0.3%,-0.6%,0.004,1.5%,1.1%,0.003,-3.9%,-1.2%,-2.1%,2.1%,-0.4%,4.7%,0.1%,1996,-17.6%,-11.0%
4,Opponent,82.0,19755,2841,6291,0.452,493,1368,0.36,2348,4923,0.477,1703,2302,0.74,1004,2051,3055,1726,1259,2041,7878,1996,663,420
5,Opponent/G,,240.9,34.6,76.7,0.452,6.0,16.7,0.36,28.6,60.0,0.477,20.8,28.1,0.74,12.2,25.0,37.3,21.0,15.4,24.9,96.1,1996,8.1,5.1
6,Lg Rank,,21,5,3,9.0,17,21,9.0,6,3,11.0,21,20,13.0,12,1,2,7,20,1,7,1996,15,18
7,Year/Year,,-0.1%,-2.7%,-1.8%,-0.004,3.8%,4.9%,-0.004,-4.0%,-3.5%,-0.002,12.3%,10.2%,0.014,-4.2%,-4.9%,-4.7%,-4.3%,-8.1%,-0.8%,0.6%,1996,-4.1%,1.0%
0,Team,82.0,19930,2851,6254,0.456,430,1130,0.381,2421,5124,0.472,1687,2336,0.722,1029,2390,3419,1750,1338,1977,7819,1997,585,394
1,Team/G,,243.0,34.8,76.3,0.456,5.2,13.8,0.381,29.5,62.5,0.472,20.6,28.5,0.722,12.5,29.1,41.7,21.3,16.3,24.1,95.4,1997,7.1,4.8
2,Lg Rank,,1,21,24,14.0,22,24,4.0,17,17,18.0,5,3,21.0,14,10,10,16,21,27,19,1997,28,14
3,Year/Year,,0.9%,-4.3%,0.8%,-0.024,18.5%,16.1%,0.007,-7.5%,-2.1%,-0.028,-7.5%,-3.3%,-0.032,1.9%,5.7%,4.5%,-8.7%,0.2%,-2.7%,-4.0%,1997,1.0%,22.0%
4,Opponent,82.0,19930,2799,6357,0.44,499,1440,0.347,2300,4917,0.468,1642,2182,0.753,1004,2261,3265,1737,1289,1952,7739,1997,693,418
5,Opponent/G,,243.0,34.1,77.5,0.44,6.1,17.6,0.347,28.0,60.0,0.468,20.0,26.6,0.753,12.2,27.6,39.8,21.2,15.7,23.8,94.4,1997,8.5,5.1
6,Lg Rank,,1,8,8,7.0,18,22,5.0,7,6,11.0,22,19,28.0,8,10,7,10,14,3,9,1997,19,16
7,Year/Year,,0.9%,-1.5%,1.0%,-0.011,1.2%,5.3%,-0.014,-2.0%,-0.1%,-0.009,-3.6%,-5.2%,0.013,0.0%,10.2%,6.9%,0.6%,2.4%,-4.4%,-1.8%,1997,4.5%,-0.5%
0,Team,82.0,19830,2921,6223,0.469,401,1029,0.39,2520,5194,0.485,1631,2136,0.764,874,2348,3222,1889,1168,1859,7874,1998,645,368
1,Team/G,,241.8,35.6,75.9,0.469,4.9,12.5,0.39,30.7,63.3,0.485,19.9,26.0,0.764,10.7,28.6,39.3,23.0,14.2,22.7,96.0,1998,7.9,4.5
2,Lg Rank,,10,16,26,4.0,9,12,2.0,20,25,7.0,14,17,6.0,29,13,27,11,4,16,12,1998,21,20
3,Year/Year,,-0.5%,2.5%,-0.5%,0.014,-6.7%,-8.9%,0.009,4.1%,1.4%,0.013,-3.3%,-8.6%,0.041,-15.1%,-1.8%,-5.8%,7.9%,-12.7%,-6.0%,0.7%,1998,10.3%,-6.6%
4,Opponent,82.0,19830,2788,6451,0.432,274,867,0.316,2514,5584,0.45,1525,2096,0.728,1114,2254,3368,1591,1237,1847,7375,1998,644,366
5,Opponent/G,,241.8,34.0,78.7,0.432,3.3,10.6,0.316,30.7,68.1,0.45,18.6,25.6,0.728,13.6,27.5,41.1,19.4,15.1,22.5,89.9,1998,7.9,4.5
6,Lg Rank,,10,5,12,6.0,1,1,1.0,10,18,5.0,10,11,5.0,19,8,14,3,18,13,5,1998,8,5
7,Year/Year,,-0.5%,-0.4%,1.5%,-0.008,-45.1%,-39.8%,-0.03,9.3%,13.6%,-0.018,-7.1%,-3.9%,-0.025,11.0%,-0.3%,3.2%,-8.4%,-4.0%,-5.4%,-4.7%,1998,-7.1%,-12.4%
0,Team,50.0,12100,1731,3866,0.448,294,799,0.368,1437,3067,0.469,977,1228,0.796,574,1452,2026,1005,649,1082,4733,1999,316,223
1,Team/G,,242.0,34.6,77.3,0.448,5.9,16.0,0.368,28.7,61.3,0.469,19.5,24.6,0.796,11.5,29.0,40.5,20.1,13.0,21.6,94.7,1999,6.3,4.5
2,Lg Rank,,10,13,17,9.0,4,6,3.0,19,23,11.0,12,18,1.0,21,14,19,21,2,10,6,1999,29,19
3,Year/Year,,0.1%,-2.8%,1.9%,-0.022,20.2%,27.3%,-0.022,-6.5%,-3.2%,-0.017,-1.8%,-5.7%,0.032,7.7%,1.4%,3.1%,-12.7%,-8.9%,-4.5%,-1.4%,1999,-19.7%,-0.6%
4,Opponent,50.0,12100,1706,3935,0.434,206,634,0.325,1500,3301,0.454,928,1227,0.756,626,1426,2052,955,652,1127,4546,1999,357,238
5,Opponent/G,,242.0,34.1,78.7,0.434,4.1,12.7,0.325,30.0,66.0,0.454,18.6,24.5,0.756,12.5,28.5,41.0,19.1,13.0,22.5,90.9,1999,7.1,4.8
6,Lg Rank,,10,15,18,11.0,5,8,7.0,16,20,13.0,12,10,29.0,16,14,12,6,29,11,13,1999,1,11
7,Year/Year,,0.1%,0.4%,0.0%,0.001,23.3%,19.9%,0.009,-2.1%,-3.1%,0.004,-0.2%,-4.0%,0.029,-7.8%,3.8%,-0.1%,-1.6%,-13.6%,0.1%,1.1%,1999,-9.1%,6.6%
0,Team,82.0,19730,3047,6640,0.459,583,1487,0.392,2464,5153,0.478,1629,2008,0.811,842,2612,3454,1857,1159,1786,8306,2000,559,422
1,Team/G,,240.6,37.2,81.0,0.459,7.1,18.1,0.392,30.0,62.8,0.478,19.9,24.5,0.811,10.3,31.9,42.1,22.6,14.1,21.8,101.3,2000,6.8,5.1
2,Lg Rank,,26,11,20,8.0,1,4,1.0,26,27,10.0,7,20,1.0,28,6,20,13,7,8,4,2000,26,14
3,Year/Year,,-0.6%,7.3%,4.7%,0.011,20.9%,13.5%,0.024,4.6%,2.4%,0.01,1.7%,-0.3%,0.016,-10.6%,9.7%,4.0%,12.7%,8.9%,0.6%,7.0%,2000,7.9%,15.4%
4,Opponent,82.0,19730,3113,6982,0.446,329,1006,0.327,2784,5976,0.466,1374,1821,0.755,1040,2545,3585,1735,1126,1910,7929,2000,610,323
5,Opponent/G,,240.6,38.0,85.1,0.446,4.0,12.3,0.327,34.0,72.9,0.466,16.8,22.2,0.755,12.7,31.0,43.7,21.2,13.7,23.3,96.7,2000,7.4,3.9
6,Lg Rank,,26,18,25,12.0,1,3,2.0,24,26,12.0,4,5,23.0,20,19,21,8,27,14,12,2000,9,1
7,Year/Year,,-0.6%,11.3%,8.2%,0.012,-2.6%,-3.2%,0.002,13.2%,10.4%,0.011,-9.7%,-9.5%,-0.002,1.3%,8.8%,6.5%,10.8%,5.3%,3.3%,6.4%,2000,4.2%,-17.2%
0,Team,82.0,19980,2828,6431,0.44,396,1159,0.342,2432,5272,0.461,1539,2009,0.766,921,2595,3516,1763,1244,1926,7591,2001,563,487
1,Team/G,,243.7,34.5,78.4,0.44,4.8,14.1,0.342,29.7,64.3,0.461,18.8,24.5,0.766,11.2,31.6,42.9,21.5,15.2,23.5,92.6,2001,6.9,5.9
2,Lg Rank,,3,23,23,15.0,13,12,22.0,24,24,14.0,14,16,7.0,21,6,13,17,14,23,19,2001,26,7
3,Year/Year,,1.3%,-7.2%,-3.1%,-0.019,-32.1%,-22.1%,-0.05,-1.3%,2.3%,-0.017,-5.5%,0.0%,-0.045,9.4%,-0.7%,1.8%,-5.1%,7.3%,7.8%,-8.6%,2001,0.7%,15.4%
4,Opponent,82.0,19980,2829,6683,0.423,377,1121,0.336,2452,5562,0.441,1572,2074,0.758,1042,2495,3537,1695,1115,1882,7607,2001,589,387
5,Opponent/G,,243.7,34.5,81.5,0.423,4.6,13.7,0.336,29.9,67.8,0.441,19.2,25.3,0.758,12.7,30.4,43.1,20.7,13.6,23.0,92.8,2001,7.2,4.7
6,Lg Rank,,3,7,16,3.0,9,15,5.0,7,18,4.0,17,15,23.0,23,14,19,7,24,9,9,2001,4,8
7,Year/Year,,1.3%,-9.1%,-4.3%,-0.023,14.6%,11.4%,0.009,-11.9%,-6.9%,-0.025,14.4%,13.9%,0.003,0.2%,-2.0%,-1.3%,-2.3%,-1.0%,-1.5%,-4.1%,2001,-3.4%,19.8%
0,Team,82.0,19905,2935,6580,0.446,405,1195,0.339,2530,5385,0.47,1663,2155,0.772,930,2568,3498,1884,1249,1876,7938,2002,658,436
1,Team/G,,242.7,35.8,80.2,0.446,4.9,14.6,0.339,30.9,65.7,0.47,20.3,26.3,0.772,11.3,31.3,42.7,23.0,15.2,22.9,96.8,2002,8.0,5.3
2,Lg Rank,,3,15,19,15.0,16,13,21.0,17,20,11.0,4,4,6.0,21,4,11,8,23,27,9,2002,12,15
3,Year/Year,,-0.4%,3.8%,2.3%,0.006,2.3%,3.1%,-0.003,4.0%,2.1%,0.009,8.1%,7.3%,0.006,1.0%,-1.0%,-0.5%,6.9%,0.4%,-2.6%,4.6%,2002,16.9%,-10.5%
4,Opponent,82.0,19905,2977,6800,0.438,418,1200,0.348,2559,5600,0.457,1544,2062,0.749,1048,2514,3562,1771,1173,1855,7916,2002,618,466
5,Opponent/G,,242.7,36.3,82.9,0.438,5.1,14.6,0.348,31.2,68.3,0.457,18.8,25.1,0.749,12.8,30.7,43.4,21.6,14.3,22.6,96.5,2002,7.5,5.7
6,Lg Rank,,3,17,21,8.0,13,16,11.0,17,22,8.0,20,21,12.0,21,18,24,11,17,6,18,2002,11,23
7,Year/Year,,-0.4%,5.2%,1.8%,0.014,10.9%,7.0%,0.012,4.4%,0.7%,0.016,-1.8%,-0.6%,-0.009,0.6%,0.8%,0.7%,4.5%,5.2%,-1.4%,4.1%,2002,4.9%,20.4%
0,Team,82.0,19905,2911,6608,0.441,379,1119,0.339,2532,5489,0.461,1739,2271,0.766,1004,2622,3626,1910,1210,1811,7940,2003,696,443
1,Team/G,,242.7,35.5,80.6,0.441,4.6,13.6,0.339,30.9,66.9,0.461,21.2,27.7,0.766,12.2,32.0,44.2,23.3,14.8,22.1,96.8,2003,8.5,5.4
2,Lg Rank,,5,15,16,17.0,19,19,20.0,14,13,17.0,4,3,13.0,12,2,5,4,15,20,10,2003,8,14
3,Year/Year,,0.0%,-0.8%,0.4%,-0.006,-6.4%,-6.4%,-0.0,0.1%,1.9%,-0.009,4.6%,5.4%,-0.006,8.0%,2.1%,3.7%,1.4%,-3.1%,-3.5%,0.0%,2003,5.8%,1.6%
4,Opponent,82.0,19905,2860,6690,0.428,407,1197,0.34,2453,5493,0.447,1527,1992,0.767,1006,2458,3464,1696,1258,1923,7654,2003,620,513
5,Opponent/G,,242.7,34.9,81.6,0.428,5.0,14.6,0.34,29.9,67.0,0.447,18.6,24.3,0.767,12.3,30.0,42.2,20.7,15.3,23.5,93.3,2003,7.6,6.3
6,Lg Rank,,5,8,19,4.0,10,13,9.0,10,17,4.0,16,15,23.0,18,12,16,8,11,3,13,2003,9,27
7,Year/Year,,0.0%,-3.9%,-1.6%,-0.01,-2.6%,-0.3%,-0.008,-4.1%,-1.9%,-0.01,-1.1%,-3.4%,0.018,-4.0%,-2.2%,-2.8%,-4.2%,7.2%,3.7%,-3.3%,2003,0.3%,10.1%
0,Team,82.0,19805,2753,6322,0.435,449,1281,0.351,2304,5041,0.457,1538,2014,0.764,965,2452,3417,1774,1182,1709,7493,2004,726,411
1,Team/G,,241.5,33.6,77.1,0.435,5.5,15.6,0.351,28.1,61.5,0.457,18.8,24.6,0.764,11.8,29.9,41.7,21.6,14.4,20.8,91.4,2004,8.9,5.0
2,Lg Rank,,15,23,25,18.0,9,11,9.0,23,25,17.0,11,14,11.0,17,16,18,12,9,9,20,2004,6,11
3,Year/Year,,-0.5%,-5.4%,-4.3%,-0.005,18.5%,14.5%,0.012,-9.0%,-8.2%,-0.004,-11.6%,-11.3%,-0.002,-3.9%,-6.5%,-5.8%,-7.1%,-2.3%,-5.6%,-5.6%,2004,4.3%,-7.2%
4,Opponent,82.0,19805,2671,6180,0.432,329,1014,0.324,2342,5166,0.453,1350,1800,0.75,867,2423,3290,1649,1301,1794,7021,2004,582,512
5,Opponent/G,,241.5,32.6,75.4,0.432,4.0,12.4,0.324,28.6,63.0,0.453,16.5,22.0,0.75,10.6,29.5,40.1,20.1,15.9,21.9,85.6,2004,7.1,6.2
6,Lg Rank,,15,6,2,10.0,3,3,3.0,9,7,10.0,4,4,18.0,1,8,3,7,8,12,3,2004,3,28
7,Year/Year,,-0.5%,-6.6%,-7.6%,0.005,-19.2%,-15.3%,-0.016,-4.5%,-6.0%,0.007,-11.6%,-9.6%,-0.017,-13.8%,-1.4%,-5.0%,-2.8%,3.4%,-6.7%,-8.3%,2004,-6.1%,-0.2%
0,Team,82.0,19905,2668,6169,0.432,542,1575,0.344,2126,4594,0.463,1748,2206,0.792,868,2418,3286,1489,1173,1890,7626,2005,615,357
1,Team/G,,242.7,32.5,75.2,0.432,6.6,19.2,0.344,25.9,56.0,0.463,21.3,26.9,0.792,10.6,29.5,40.1,18.2,14.3,23.0,93.0,2005,7.5,4.4
2,Lg Rank,,5,30,30,25.0,7,6,24.0,30,30,24.0,7,10,2.0,28,18,28,29,16,20,25,2005,16,19
3,Year/Year,,0.5%,-3.1%,-2.4%,-0.003,20.7%,23.0%,-0.006,-7.7%,-8.9%,0.006,13.7%,9.5%,0.029,-10.1%,-1.4%,-3.8%,-16.1%,-0.8%,10.6%,1.8%,2005,-15.3%,-13.1%
4,Opponent,82.0,19905,2768,6284,0.44,391,1071,0.365,2377,5213,0.456,1637,2202,0.743,972,2416,3388,1540,1142,1883,7564,2005,549,398
5,Opponent/G,,242.7,33.8,76.6,0.44,4.8,13.1,0.365,29.0,63.6,0.456,20.0,26.9,0.743,11.9,29.5,41.3,18.8,13.9,23.0,92.2,2005,6.7,4.9
6,Lg Rank,,5,7,4,10.0,2,2,23.0,8,10,8.0,19,21,3.0,15,12,13,2,20,14,5,2005,4,14
7,Year/Year,,0.5%,3.6%,1.7%,0.008,18.8%,5.6%,0.041,1.5%,0.9%,0.003,21.3%,22.3%,-0.007,12.1%,-0.3%,3.0%,-6.6%,-12.2%,5.0%,7.7%,2005,-5.7%,-22.3%
0,Team,82.0,19730,2786,6274,0.444,536,1536,0.349,2250,4738,0.475,1591,2158,0.737,898,2559,3457,1631,1254,1821,7699,2006,598,409
1,Team/G,,240.6,34.0,76.5,0.444,6.5,18.7,0.349,27.4,57.8,0.475,19.4,26.3,0.737,11.0,31.2,42.2,19.9,15.3,22.2,93.9,2006,7.3,5.0
2,Lg Rank,,29,26,24,24.0,9,7,18.0,28,29,17.0,20,18,19.0,16,6,8,19,26,9,23,2006,11,13
3,Year/Year,,-0.9%,4.4%,1.7%,0.012,-1.1%,-2.5%,0.005,5.8%,3.1%,0.012,-9.0%,-2.2%,-0.055,3.5%,5.8%,5.2%,9.5%,6.9%,-3.7%,1.0%,2006,-2.8%,14.6%
4,Opponent,82.0,19730,2831,6504,0.435,371,1083,0.343,2460,5421,0.454,1511,2060,0.733,968,2416,3384,1520,1112,1800,7544,2006,661,399
5,Opponent/G,,240.6,34.5,79.3,0.435,4.5,13.2,0.343,30.0,66.1,0.454,18.4,25.1,0.733,11.8,29.5,41.3,18.5,13.6,22.0,92.0,2006,8.1,4.9
6,Lg Rank,,29,8,20,5.0,3,3,4.0,13,27,4.0,8,9,5.0,23,13,19,4,24,23,5,2006,27,15
7,Year/Year,,-0.9%,2.3%,3.5%,-0.005,-5.1%,1.1%,-0.023,3.5%,4.0%,-0.002,-7.7%,-6.4%,-0.01,-0.4%,0.0%,-0.1%,-1.3%,-2.6%,-4.4%,-0.3%,2006,20.4%,0.3%
0,Team,82.0,19780,2872,6561,0.438,481,1389,0.346,2391,5172,0.462,1615,2125,0.76,990,2441,3431,1680,1335,1912,7840,2007,599,447
1,Team/G,,241.2,35.0,80.0,0.438,5.9,16.9,0.346,29.2,63.1,0.462,19.7,25.9,0.76,12.1,29.8,41.8,20.5,16.3,23.3,95.6,2007,7.3,5.5
2,Lg Rank,,22,28,12,30.0,17,16,22.0,26,15,29.0,14,16,15.0,7,18,9,19,25,23,24,2007,11,4
3,Year/Year,,0.3%,3.1%,4.6%,-0.006,-10.3%,-9.6%,-0.003,6.3%,9.2%,-0.013,1.5%,-1.5%,0.023,10.2%,-4.6%,-0.8%,3.0%,6.5%,5.0%,1.8%,2007,0.2%,9.3%
4,Opponent,82.0,19780,2931,6416,0.457,437,1175,0.372,2494,5241,0.476,1741,2311,0.753,915,2499,3414,1642,1289,1942,8040,2007,644,410
5,Opponent/G,,241.2,35.7,78.2,0.457,5.3,14.3,0.372,30.4,63.9,0.476,21.2,28.2,0.753,11.2,30.5,41.6,20.0,15.7,23.7,98.0,2007,7.9,5.0
6,Lg Rank,,22,12,9,13.0,6,3,26.0,15,25,8.0,24,23,16.0,16,21,20,7,7,5,12,2007,25,22
7,Year/Year,,0.3%,3.5%,-1.4%,0.022,17.8%,8.5%,0.029,1.4%,-3.3%,0.022,15.2%,12.2%,0.02,-5.5%,3.4%,0.9%,8.0%,15.9%,7.9%,6.6%,2007,-2.6%,2.8%
0,Team,82.0,19755,3102,6993,0.444,755,2021,0.374,2347,4972,0.472,1568,2042,0.768,904,2633,3537,1864,1236,1921,8527,2008,623,412
1,Team/G,,240.9,37.8,85.3,0.444,9.2,24.6,0.374,28.6,60.6,0.472,19.1,24.9,0.768,11.0,32.1,43.1,22.7,15.1,23.4,104.0,2008,7.6,5.0
2,Lg Rank,,22,9,4,24.0,3,3,8.0,27,25,22.0,11,17,12.0,17,8,7,7,26,29,7,2008,11,9
3,Year/Year,,-0.1%,8.0%,6.6%,0.006,57.0%,45.5%,0.027,-1.8%,-3.9%,0.01,-2.9%,-3.9%,0.008,-8.7%,7.9%,3.1%,11.0%,-7.4%,0.5%,8.8%,2008,4.0%,-7.8%
4,Opponent,82.0,19755,3093,6817,0.454,606,1571,0.386,2487,5246,0.474,1850,2443,0.757,929,2800,3729,1820,1297,1782,8642,2008,663,416
5,Opponent/G,,240.9,37.7,83.1,0.454,7.4,19.2,0.386,30.3,64.0,0.474,22.6,29.8,0.757,11.3,34.1,45.5,22.2,15.8,21.7,105.4,2008,8.1,5.1
6,Lg Rank,,22,18,23,10.0,26,23,29.0,14,19,8.0,30,29,19.0,20,29,29,19,5,10,26,2008,28,21
7,Year/Year,,-0.1%,5.5%,6.3%,-0.003,38.7%,33.7%,0.014,-0.3%,0.1%,-0.002,6.3%,5.7%,0.004,1.5%,12.0%,9.2%,10.8%,0.6%,-8.2%,7.5%,2008,3.0%,1.5%
0,Team,82.0,19830,3220,7080,0.455,652,1725,0.378,2568,5355,0.48,1525,1890,0.807,924,2661,3585,1775,1189,1895,8617,2009,573,434
1,Team/G,,241.8,39.3,86.3,0.455,8.0,21.0,0.378,31.3,65.3,0.48,18.6,23.0,0.807,11.3,32.5,43.7,21.6,14.5,23.1,105.1,2009,7.0,5.3
2,Lg Rank,,11,4,2,19.0,4,4,8.0,11,10,18.0,18,23,3.0,12,3,2,9,19,27,5,2009,20,8
3,Year/Year,,0.4%,3.8%,1.2%,0.011,-13.6%,-14.6%,0.004,9.4%,7.7%,0.008,-2.7%,-7.4%,0.039,2.2%,1.1%,1.4%,-4.8%,-3.8%,-1.4%,1.1%,2009,-8.0%,5.3%
4,Opponent,82.0,19830,3141,6862,0.458,569,1519,0.375,2572,5343,0.481,1857,2431,0.764,909,2708,3617,1731,1151,1692,8708,2009,635,444
5,Opponent/G,,241.8,38.3,83.7,0.458,6.9,18.5,0.375,31.4,65.2,0.481,22.6,29.6,0.764,11.1,33.0,44.1,21.1,14.0,20.6,106.2,2009,7.7,5.4
6,Lg Rank,,11,21,26,15.0,18,18,20.0,22,19,11.0,29,29,12.0,19,29,28,16,15,15,26,2009,21,26
7,Year/Year,,0.4%,1.6%,0.7%,0.004,-6.1%,-3.3%,-0.011,3.4%,1.8%,0.007,0.4%,-0.5%,0.007,-2.2%,-3.3%,-3.0%,-4.9%,-11.3%,-5.1%,0.8%,2009,-4.2%,6.7%
0,Team,82.0,19705,3020,6823,0.443,659,1896,0.348,2361,4927,0.479,1564,2019,0.775,785,2618,3403,1730,1232,1848,8263,2010,585,439
1,Team/G,,240.3,36.8,83.2,0.443,8.0,23.1,0.348,28.8,60.1,0.479,19.1,24.6,0.775,9.6,31.9,41.5,21.1,15.0,22.5,100.8,2010,7.1,5.4
2,Lg Rank,,29,22,11,28.0,4,3,18.0,29,26,24.0,13,14,8.0,28,6,19,15,25,28,16,2010,17,8
3,Year/Year,,-0.6%,-6.2%,-3.6%,-0.012,1.1%,9.9%,-0.03,-8.1%,-8.0%,-0.0,2.6%,6.8%,-0.032,-15.0%,-1.6%,-5.1%,-2.5%,3.6%,-2.5%,-4.1%,2010,2.1%,1.2%
4,Opponent,82.0,19705,3113,6875,0.453,510,1405,0.363,2603,5470,0.476,1774,2346,0.756,969,2852,3821,1694,1227,1709,8510,2010,654,414
5,Opponent/G,,240.3,38.0,83.8,0.453,6.2,17.1,0.363,31.7,66.7,0.476,21.6,28.6,0.756,11.8,34.8,46.6,20.7,15.0,20.8,103.8,2010,8.0,5.0
6,Lg Rank,,29,19,25,13.0,10,9,21.0,19,27,5.0,29,29,14.0,28,30,29,13,8,14,23,2010,28,18
7,Year/Year,,-0.6%,-0.9%,0.2%,-0.005,-10.4%,-7.5%,-0.012,1.2%,2.4%,-0.006,-4.5%,-3.5%,-0.008,6.6%,5.3%,5.6%,-2.1%,6.6%,1.0%,-2.3%,2010,3.0%,-6.8%
0,Team,82.0,19780,3003,6787,0.442,585,1653,0.354,2418,5134,0.471,1592,2035,0.782,914,2657,3571,1611,1262,1782,8183,2011,584,456
1,Team/G,,241.2,36.6,82.8,0.442,7.1,20.2,0.354,29.5,62.6,0.471,19.4,24.8,0.782,11.1,32.4,43.5,19.6,15.4,21.7,99.8,2011,7.1,5.6
2,Lg Rank,,20,22,9,26.0,10,9,16.0,26,17,25.0,6,10,5.0,13,3,5,28,27,22,13,2011,20,6
3,Year/Year,,0.4%,-0.6%,-0.5%,-0.0,-11.2%,-12.8%,0.006,2.4%,4.2%,-0.008,1.8%,0.8%,0.008,16.4%,1.5%,4.9%,-6.9%,2.4%,-3.6%,-1.0%,2011,-0.2%,3.9%
4,Opponent,82.0,19780,3071,6837,0.449,511,1423,0.359,2560,5414,0.473,1618,2157,0.75,931,2618,3549,1670,1143,1758,8271,2011,615,467
5,Opponent/G,,241.2,37.5,83.4,0.449,6.2,17.4,0.359,31.2,66.0,0.473,19.7,26.3,0.75,11.4,31.9,43.3,20.4,13.9,21.4,100.9,2011,7.5,5.7
6,Lg Rank,,20,17,23,7.0,12,11,17.0,16,24,6.0,23,23,4.0,23,25,25,7,17,7,17,2011,21,25
7,Year/Year,,0.4%,-1.3%,-0.6%,-0.004,0.2%,1.3%,-0.004,-1.7%,-1.0%,-0.003,-8.8%,-8.1%,-0.006,-3.9%,-8.2%,-7.1%,-1.4%,-6.8%,2.9%,-2.8%,2011,-6.0%,12.8%
0,Team,66.0,15990,2354,5375,0.438,392,1064,0.368,1962,4311,0.455,1349,1724,0.782,826,2070,2896,1228,925,1430,6449,2012,523,357
1,Team/G,,242.3,35.7,81.4,0.438,5.9,16.1,0.368,29.7,65.3,0.455,20.4,26.1,0.782,12.5,31.4,43.9,18.6,14.0,21.7,97.7,2012,7.9,5.4
2,Lg Rank,,8,22,16,24.0,19,22,6.0,19,11,28.0,2,3,3.0,6,10,4,29,7,28,13,2012,15,9
3,Year/Year,,0.4%,-2.6%,-1.6%,-0.005,-16.7%,-20.0%,0.015,0.8%,4.3%,-0.016,5.3%,5.3%,0.0,12.3%,-3.2%,0.8%,-5.3%,-8.9%,-0.3%,-2.1%,2012,11.3%,-2.7%
4,Opponent,66.0,15990,2305,5304,0.435,442,1259,0.351,1863,4045,0.461,1179,1617,0.729,794,1998,2792,1292,985,1428,6231,2012,433,398
5,Opponent/G,,242.3,34.9,80.4,0.435,6.7,19.1,0.351,28.2,61.3,0.461,17.9,24.5,0.729,12.0,30.3,42.3,19.6,14.9,21.6,94.4,2012,6.6,6.0
6,Lg Rank,,8,8,12,6.0,21,22,16.0,5,9,6.0,24,25,2.0,24,12,17,6,10,4,10,2012,3,27
7,Year/Year,,0.4%,-6.7%,-3.6%,-0.015,7.5%,9.9%,-0.008,-9.6%,-7.2%,-0.012,-9.5%,-6.9%,-0.021,6.0%,-5.2%,-2.3%,-3.9%,7.1%,0.9%,-6.4%,2012,-12.5%,5.9%
0,Team,81.0,19590,2845,6525,0.436,555,1599,0.347,2290,4926,0.465,1429,1915,0.746,1043,2671,3714,1645,1227,1623,7674,2013,580,513
1,Team/G,,241.9,35.1,80.6,0.436,6.9,19.7,0.347,28.3,60.8,0.465,17.6,23.6,0.746,12.9,33.0,45.9,20.3,15.1,20.0,94.7,2013,7.2,6.3
2,Lg Rank,,30,29,25,26.0,16,15,22.0,27,20,24.0,7,8,19.0,4,5,1,28,26,14,23,2013,24,4
3,Year/Year,,-0.2%,-1.5%,-1.1%,-0.002,15.4%,22.5%,-0.021,-4.9%,-6.9%,0.01,-13.7%,-9.5%,-0.036,2.9%,5.1%,4.5%,9.2%,8.1%,-7.5%,-3.0%,2013,-9.6%,17.1%
4,Opponent,81.0,19590,2797,6657,0.42,440,1344,0.327,2357,5313,0.444,1314,1728,0.76,909,2401,3310,1555,1096,1777,7348,2013,611,459
5,Opponent/G,,241.9,34.5,82.2,0.42,5.4,16.6,0.327,29.1,65.6,0.444,16.2,21.3,0.76,11.2,29.6,40.9,19.2,13.5,21.9,90.7,2013,7.5,5.7
6,Lg Rank,,30,2,16,1.0,1,2,1.0,7,27,1.0,9,8,23.0,19,8,8,2,25,3,2,2013,10,20
7,Year/Year,,-0.2%,-1.1%,2.3%,-0.014,-18.9%,-13.0%,-0.024,3.1%,7.0%,-0.017,-9.2%,-12.9%,0.031,-6.7%,-2.1%,-3.4%,-1.9%,-9.3%,1.4%,-3.9%,2013,15.0%,-6.0%
0,Team,82.0,19780,2949,6573,0.449,550,1542,0.357,2399,5031,0.477,1485,1907,0.779,834,2831,3665,1651,1237,1675,7933,2014,550,446
1,Team/G,,241.2,36.0,80.2,0.449,6.7,18.8,0.357,29.3,61.4,0.477,18.1,23.3,0.779,10.2,34.5,44.7,20.1,15.1,20.4,96.7,2014,6.7,5.4
2,Lg Rank,,22,28,28,17.0,22,25,17.0,23,18,22.0,13,16,8.0,23,1,8,27,19,13,24,2014,27,5
3,Year/Year,,-0.3%,2.4%,-0.5%,0.013,-2.1%,-4.7%,0.01,3.5%,0.9%,0.012,2.7%,-1.6%,0.032,-21.0%,4.7%,-2.5%,-0.9%,-0.4%,1.9%,2.1%,2014,-6.3%,-14.1%
4,Opponent,82.0,19780,2850,6785,0.42,538,1561,0.345,2312,5224,0.443,1334,1768,0.755,855,2521,3376,1525,1120,1793,7572,2014,593,378
5,Opponent/G,,241.2,34.8,82.7,0.42,6.6,19.0,0.345,28.2,63.7,0.443,16.3,21.6,0.755,10.4,30.7,41.2,18.6,13.7,21.9,92.3,2014,7.2,4.6
6,Lg Rank,,22,1,14,1.0,3,5,4.0,5,23,1.0,6,6,11.0,9,7,5,1,26,6,2,2014,8,14
7,Year/Year,,-0.3%,0.7%,0.7%,-0.0,20.8%,14.7%,0.017,-3.1%,-2.9%,-0.001,0.3%,1.1%,-0.006,-7.1%,3.7%,0.8%,-3.1%,0.9%,-0.3%,1.8%,2014,-4.1%,-18.7%
0,Team,82.0,19855,2998,6824,0.439,612,1740,0.352,2386,5084,0.469,1373,1817,0.756,856,2822,3678,1757,1147,1742,7981,2015,505,375
1,Team/G,,242.1,36.6,83.2,0.439,7.5,21.2,0.352,29.1,62.0,0.469,16.7,22.2,0.756,10.4,34.4,44.9,21.4,14.0,21.2,97.3,2015,6.2,4.6
2,Lg Rank,,13,24,15,23.0,17,18,12.0,19,15,24.0,16,18,13.0,21,3,5,18,14,22,24,2015,29,17
3,Year/Year,,0.4%,1.7%,3.8%,-0.009,11.3%,12.8%,-0.005,-0.5%,1.1%,-0.008,-7.5%,-4.7%,-0.023,2.6%,-0.3%,0.4%,6.4%,-7.3%,4.0%,0.6%,2015,-8.2%,-15.9%
4,Opponent,82.0,19855,2949,6784,0.435,591,1713,0.345,2358,5071,0.465,1469,1951,0.753,800,2704,3504,1633,1045,1754,7958,2015,617,386
5,Opponent/G,,242.1,36.0,82.7,0.435,7.2,20.9,0.345,28.8,61.8,0.465,17.9,23.8,0.753,9.8,33.0,42.7,19.9,12.7,21.4,97.0,2015,7.5,4.7
6,Lg Rank,,13,3,8,3.0,5,6,11.0,9,21,3.0,21,21,18.0,2,20,10,2,26,4,4,2015,13,14
7,Year/Year,,0.4%,3.5%,-0.0%,0.015,9.9%,9.7%,0.0,2.0%,-2.9%,0.022,10.1%,10.4%,-0.002,-6.4%,7.3%,3.8%,7.1%,-6.7%,-2.2%,5.1%,2015,4.0%,2.1%
0,Team,82.0,19880,3142,6985,0.45,663,1889,0.351,2479,5096,0.486,1430,1872,0.764,847,2779,3626,1741,1219,1641,8377,2016,742,391
1,Team/G,,242.4,38.3,85.2,0.45,8.1,23.0,0.351,30.2,62.1,0.486,17.4,22.8,0.764,10.3,33.9,44.2,21.2,14.9,20.0,102.2,2016,9.0,4.8
2,Lg Rank,,5,15,13,17.0,18,20,14.0,13,13,17.0,14,17,15.0,17,10,12,22,20,11,17,2016,4,17
3,Year/Year,,0.1%,4.8%,2.4%,0.01,8.3%,8.6%,-0.001,3.9%,0.2%,0.017,4.2%,3.0%,0.008,-1.1%,-1.5%,-1.4%,-0.9%,6.3%,-5.8%,5.0%,2016,46.9%,4.3%
4,Opponent,82.0,19880,3065,6962,0.44,679,2035,0.334,2386,4927,0.484,1428,1901,0.751,877,2774,3651,1707,1297,1676,8237,2016,634,366
5,Opponent/G,,242.4,37.4,84.9,0.44,8.3,24.8,0.334,29.1,60.1,0.484,17.4,23.2,0.751,10.7,33.8,44.5,20.8,15.8,20.4,100.5,2016,7.7,4.5
6,Lg Rank,,5,9,16,6.0,13,19,3.0,9,17,13.0,14,13,11.0,17,19,20,4,7,13,8,2016,16,9
7,Year/Year,,0.1%,3.9%,2.6%,0.006,14.9%,18.8%,-0.011,1.2%,-2.8%,0.019,-2.8%,-2.6%,-0.002,9.6%,2.6%,4.2%,4.5%,24.1%,-4.4%,3.5%,2016,2.8%,-5.2%
0,Team,82.0,19855,3221,6931,0.465,709,1885,0.376,2512,5046,0.498,1467,1811,0.81,742,2702,3444,1844,1130,1597,8618,2017,669,409
1,Team/G,,242.1,39.3,84.5,0.465,8.6,23.0,0.376,30.6,61.5,0.498,17.9,22.1,0.81,9.0,33.0,42.0,22.5,13.8,19.5,105.1,2017,8.2,5.0
2,Lg Rank,,7,15,20,10.0,23,27,4.0,9,9,17.0,16,23,2.0,23,21,26,16,16,13,15,2017,9,9
3,Year/Year,,-0.1%,2.5%,-0.8%,0.015,6.9%,-0.2%,0.025,1.3%,-1.0%,0.011,2.6%,-3.3%,0.046,-12.4%,-2.8%,-5.0%,5.9%,-7.3%,-2.7%,2.9%,2017,-9.8%,4.6%
4,Opponent,82.0,19855,3115,6909,0.451,849,2389,0.355,2266,4520,0.501,1557,1974,0.789,879,2751,3630,1832,1225,1599,8636,2017,661,407
5,Opponent/G,,242.1,38.0,84.3,0.451,10.4,29.1,0.355,27.6,55.1,0.501,19.0,24.1,0.789,10.7,33.5,44.3,22.3,14.9,19.5,105.3,2017,8.1,5.0
6,Lg Rank,,7,7,11,10.0,25,25,13.0,5,6,12.0,24,20,30.0,24,19,21,11,6,20,14,2017,20,16
7,Year/Year,,-0.1%,1.6%,-0.8%,0.011,25.0%,17.4%,0.022,-5.0%,-8.3%,0.017,9.0%,3.8%,0.038,0.2%,-0.8%,-0.6%,7.3%,-5.6%,-4.6%,4.8%,2017,4.3%,11.2%
0,Team,82.0,19755,3345,7083,0.472,741,2010,0.369,2604,5073,0.513,1225,1573,0.779,788,2684,3472,1819,1089,1544,8656,2018,721,340
1,Team/G,,240.9,40.8,86.4,0.472,9.0,24.5,0.369,31.8,61.9,0.513,14.9,19.2,0.779,9.6,32.7,42.3,22.2,13.3,18.8,105.6,2018,8.8,4.1
2,Lg Rank,,18,6,14,6.0,25,26,9.0,4,4,13.0,24,27,11.0,17,25,22,23,5,7,17,2018,3,25
3,Year/Year,,-0.5%,3.8%,2.2%,0.008,4.5%,6.6%,-0.007,3.7%,0.5%,0.015,-16.5%,-13.1%,-0.031,6.2%,-0.7%,0.8%,-1.4%,-3.6%,-3.3%,0.4%,2018,7.8%,-16.9%
4,Opponent,82.0,19755,3230,6953,0.465,870,2496,0.349,2360,4457,0.53,1213,1602,0.757,838,2686,3524,1905,1271,1514,8543,2018,577,428
5,Opponent/G,,240.9,39.4,84.8,0.465,10.6,30.4,0.349,28.8,54.4,0.53,14.8,19.5,0.757,10.2,32.8,43.0,23.2,15.5,18.5,104.2,2018,7.0,5.2
6,Lg Rank,,18,15,11,18.0,15,23,5.0,12,5,27.0,6,5,7.0,21,8,14,12,3,26,9,2018,3,25
7,Year/Year,,-0.5%,3.7%,0.6%,0.014,2.5%,4.5%,-0.007,4.1%,-1.4%,0.028,-22.1%,-18.8%,-0.032,-4.7%,-2.4%,-2.9%,4.0%,3.8%,-5.3%,-1.1%,2018,-12.7%,5.2%
0,Team,82.0,19705,3390,7135,0.475,779,2081,0.374,2611,5054,0.517,1298,1727,0.752,762,2766,3528,2128,1122,1594,8857,2019,713,404
1,Team/G,,240.3,41.3,87.0,0.475,9.5,25.4,0.374,31.8,61.6,0.517,15.8,21.1,0.752,9.3,33.7,43.0,26.0,13.7,19.4,108.0,2019,8.7,4.9
2,Lg Rank,,30,16,27,4.0,29,29,5.0,5,7,16.0,26,23,22.0,25,23,24,9,10,4,22,2019,3,20
3,Year/Year,,-0.3%,1.3%,0.7%,0.003,5.1%,3.5%,0.006,0.3%,-0.4%,0.003,6.0%,9.8%,-0.027,-3.3%,3.1%,1.6%,17.0%,3.0%,3.2%,2.3%,2019,-1.1%,18.8%
4,Opponent,82.0,19705,3177,7059,0.45,932,2633,0.354,2245,4426,0.507,1298,1718,0.756,862,2718,3580,2006,1284,1642,8584,2019,608,425
5,Opponent/G,,240.3,38.7,86.1,0.45,11.4,32.1,0.354,27.4,54.0,0.507,15.8,21.0,0.756,10.5,33.1,43.7,24.5,15.7,20.0,104.7,2019,7.4,5.2
6,Lg Rank,,30,3,3,6.0,14,14,14.0,3,3,7.0,4,6,7.0,17,3,5,13,5,23,1,2019,13,21
7,Year/Year,,-0.3%,-1.6%,1.5%,-0.014,7.1%,5.5%,0.005,-4.9%,-0.7%,-0.022,7.0%,7.2%,-0.002,2.9%,1.2%,1.6%,5.3%,1.0%,8.5%,0.5%,2019,5.4%,-0.7%
0,Team,73.0,17620,3075,6457,0.476,743,2046,0.363,2332,4411,0.529,1096,1393,0.787,636,2489,3125,1888,967,1445,7989,2020,543,376
1,Team/G,,241.4,42.1,88.5,0.476,10.2,28.0,0.363,31.9,60.4,0.529,15.0,19.1,0.787,8.7,34.1,42.8,25.9,13.2,19.8,109.4,2020,7.4,5.2
2,Lg Rank,,5,7,18,2.0,29,30,14.0,1,3,11.0,30,30,12.0,28,20,25,7,5,9,23,2020,20,11
3,Year/Year,,0.4%,1.9%,1.7%,0.001,7.1%,10.4%,-0.011,0.3%,-2.0%,0.012,-5.2%,-9.4%,0.035,-6.2%,1.1%,-0.5%,-0.3%,-3.2%,1.8%,1.3%,2020,-14.5%,4.5%
4,Opponent,73.0,17620,2883,6459,0.446,837,2455,0.341,2046,4004,0.511,1243,1577,0.788,757,2545,3302,1686,1071,1373,7846,2020,504,335
5,Opponent/G,,241.4,39.5,88.5,0.446,11.5,33.6,0.341,28.0,54.8,0.511,17.0,21.6,0.788,10.4,34.9,45.2,23.1,14.7,18.8,107.5,2020,6.9,4.6
6,Lg Rank,,5,6,15,6.0,6,13,4.0,11,14,9.0,9,9,27.0,20,16,16,6,13,30,3,2020,3,11
7,Year/Year,,0.4%,1.9%,2.8%,-0.004,0.9%,4.7%,-0.013,2.4%,1.6%,0.004,7.6%,3.1%,0.033,-1.4%,5.2%,3.6%,-5.6%,-6.3%,-6.1%,2.7%,2020,-6.9%,-11.5%
0,Team,72.0,17455,3115,6567,0.474,889,2445,0.364,2226,4122,0.54,1183,1493,0.792,648,2424,3072,1973,975,1453,8302,2021,611,460
1,Team/G,,242.4,43.3,91.2,0.474,12.3,34.0,0.364,30.9,57.3,0.54,16.4,20.7,0.792,9.0,33.7,42.7,27.4,13.5,20.2,115.3,2021,8.5,6.4
2,Lg Rank,,4,3,3,11.0,18,18,17.0,5,6,12.0,20,26,9.0,26,21,26,2,13,22,6,2021,5,1
3,Year/Year,,0.4%,2.7%,3.1%,-0.002,21.3%,21.2%,0.0,-3.2%,-5.3%,0.011,9.4%,8.7%,0.006,3.3%,-1.3%,-0.3%,6.0%,2.2%,2.0%,5.4%,2021,14.1%,24.0%
4,Opponent,72.0,17455,3076,6576,0.468,828,2265,0.366,2248,4311,0.521,1325,1695,0.782,813,2555,3368,1877,1066,1306,8305,2021,535,381
5,Opponent/G,,242.4,42.7,91.3,0.468,11.5,31.5,0.366,31.2,59.9,0.521,18.4,23.5,0.782,11.3,35.5,46.8,26.1,14.8,18.1,115.3,2021,7.4,5.3
6,Lg Rank,,4,26,26,16.0,4,2,16.0,30,30,7.0,25,26,19.0,30,21,25,28,8,26,25,2021,11,23
7,Year/Year,,0.4%,8.2%,3.2%,0.021,0.3%,-6.5%,0.025,11.4%,9.2%,0.01,8.1%,9.0%,-0.006,8.9%,1.8%,3.4%,12.9%,0.9%,-3.6%,7.3%,2021,7.6%,15.3%
0,Team,82.0,19880,3398,7338,0.463,997,2899,0.344,2401,4439,0.541,1347,1754,0.768,925,2671,3596,2081,1183,1675,9140,2022,582,457
1,Team/G,,242.4,41.4,89.5,0.463,12.2,35.4,0.344,29.3,54.1,0.541,16.4,21.4,0.768,11.3,32.6,43.9,25.4,14.4,20.4,111.5,2022,7.1,5.6
2,Lg Rank,,3,12,7,17.0,16,15,25.0,9,11,13.0,20,18,19.0,5,26,21,9,23,24,14,2022,24,4
3,Year/Year,,0.0%,-4.2%,-1.9%,-0.011,-1.5%,4.1%,-0.02,-5.3%,-5.4%,0.001,-0.0%,3.2%,-0.024,25.3%,-3.2%,2.8%,-7.4%,6.5%,1.2%,-3.3%,2022,-16.4%,-12.8%
4,Opponent,82.0,19880,3485,7212,0.483,985,2645,0.372,2500,4567,0.547,1470,1845,0.797,833,2702,3535,2058,1087,1575,9425,2022,664,401
5,Opponent/G,,242.4,42.5,88.0,0.483,12.0,32.3,0.372,30.5,55.7,0.547,17.9,22.5,0.797,10.2,33.0,43.1,25.1,13.3,19.2,114.9,2022,8.1,4.9
6,Lg Rank,,3,27,14,30.0,11,4,30.0,29,27,26.0,24,20,29.0,12,7,8,18,19,22,26,2022,24,20
7,Year/Year,,0.0%,-0.5%,-3.7%,0.015,4.5%,2.5%,0.007,-2.4%,-7.0%,0.026,-2.6%,-4.4%,0.015,-10.0%,-7.1%,-7.8%,-3.7%,-10.5%,5.9%,-0.4%,2022,9.0%,-7.6%
0,Team,82.0,19755,3444,7345,0.469,1112,3030,0.367,2332,4315,0.54,1535,1944,0.79,832,2575,3407,2213,1225,1741,9535,2023,631,478
1,Team/G,,240.9,42.0,89.6,0.469,13.6,37.0,0.367,28.4,52.6,0.54,18.7,23.7,0.79,10.1,31.4,41.5,27.0,14.9,21.2,116.3,2023,7.7,5.8
2,Lg Rank,,25,17,11,22.0,6,7,11.0,21,20,20.0,14,14,13.0,16,24,24,6,23,27,10,2023,10,2
3,Year/Year,,-0.6%,1.4%,0.1%,0.006,11.5%,4.5%,0.023,-2.9%,-2.8%,-0.0,14.0%,10.8%,0.022,-10.1%,-3.6%,-5.3%,6.3%,3.6%,3.9%,4.3%,2023,8.4%,4.6%
4,Opponent,82.0,19755,3549,7323,0.485,1019,2733,0.373,2530,4590,0.551,1679,2100,0.8,993,2721,3714,2163,1235,1660,9796,2023,650,438
5,Opponent/G,,240.9,43.3,89.3,0.485,12.4,33.3,0.373,30.9,56.0,0.551,20.5,25.6,0.8,12.1,33.2,45.3,26.4,15.1,20.2,119.5,2023,7.9,5.3
6,Lg Rank,,25,25,20,23.0,17,12,25.0,24,22,16.0,30,27,29.0,30,17,28,26,7,14,29,2023,27,26
7,Year/Year,,-0.6%,1.8%,1.5%,0.001,3.5%,3.3%,0.0,1.2%,0.5%,0.004,14.2%,13.8%,0.003,19.2%,0.7%,5.1%,5.1%,13.6%,5.4%,3.9%,2023,-2.1%,9.2%
