,Unnamed: 0,G,MP,FG,FGA,FG%,FT,FTA,FT%,ORB,DRB,TRB,AST,PF,PTS,Year,STL,BLK,TOV,3P,3PA,3P%,2P,2PA,2P%
0,Team,75.0,,3040,7884,0.386,1965,2691,0.73,,,5432,1444,1813,8045,1960,,,,,,,,,
1,Team/G,,,40.5,105.1,0.386,26.2,35.9,0.73,,,72.4,19.3,24.2,107.3,1960,,,,,,,,,
2,Lg Rank,,,8,6,8.0,4,3,5.0,,,4,8,2,8,1960,,,,,,,,,
3,Year/Year,,,5.0%,6.8%,-0.007,-8.9%,-5.0%,-0.032,,,1.3%,1.0%,-7.1%,1.2%,1960,,,,,,,,,
4,Opponent,75.0,,,,,,,,,,,,,8362,1960,,,,,,,,,
5,Opponent/G,,,,,,,,,,,,,,111.5,1960,,,,,,,,,
6,Lg Rank,,,,,,,,,,,,,,2,1960,,,,,,,,,
7,Year/Year,,,,,,,,,,,,,,3.9%,1960,,,,,,,,,
0,Team,79.0,,3401,8430,0.403,2204,2999,0.735,,,5816,1728,2043,9006,1961,,,,,,,,,
1,Team/G,,,43.1,106.7,0.403,27.9,38.0,0.735,,,73.6,21.9,25.9,114.0,1961,,,,,,,,,
2,Lg Rank,,,8,5,7.0,3,3,7.0,,,4,8,3,7,1961,,,,,,,,,
3,Year/Year,,,6.2%,1.5%,0.018,6.5%,5.8%,0.005,,,1.6%,13.6%,7.0%,6.3%,1961,,,,,,,,,
4,Opponent,79.0,,,,,,,,,,,,,9010,1961,,,,,,,,,
5,Opponent/G,,,,,,,,,,,,,,114.1,1961,,,,,,,,,
6,Lg Rank,,,,,,,,,,,,,,1,1961,,,,,,,,,
7,Year/Year,,,,,,,,,,,,,,2.3%,1961,,,,,,,,,
0,Team,80.0,,3552,8315,0.427,2378,3240,0.734,,,5600,1878,2057,9482,1962,,,,,,,,,
1,Team/G,,,44.4,103.9,0.427,29.7,40.5,0.734,,,70.0,23.5,25.7,118.5,1962,,,,,,,,,
2,Lg Rank,,,7,9,4.0,1,1,4.0,,,6,5,6,6,1962,,,,,,,,,
3,Year/Year,,,3.1%,-2.6%,0.024,6.5%,6.7%,-0.001,,,-4.9%,7.3%,-0.6%,4.0%,1962,,,,,,,,,
4,Opponent,80.0,,,,,,,,,,,,,9306,1962,,,,,,,,,
5,Opponent/G,,,,,,,,,,,,,,116.3,1962,,,,,,,,,
6,Lg Rank,,,,,,,,,,,,,,2,1962,,,,,,,,,
7,Year/Year,,,,,,,,,,,,,,2.0%,1962,,,,,,,,,
0,Team,80.0,,3506,7948,0.441,2230,2931,0.761,,,5282,1739,1775,9242,1963,,,,,,,,,
1,Team/G,,,43.8,99.4,0.441,27.9,36.6,0.761,,,66.0,21.7,22.2,115.5,1963,,,,,,,,,
2,Lg Rank,,,6,7,5.0,2,3,2.0,,,6,7,1,5,1963,,,,,,,,,
3,Year/Year,,,-1.3%,-4.4%,0.014,-6.2%,-9.5%,0.027,,,-5.7%,-7.4%,-13.7%,-2.5%,1963,,,,,,,,,
4,Opponent,80.0,,,,,,,,,,,,,8992,1963,,,,,,,,,
5,Opponent/G,,,,,,,,,,,,,,112.4,1963,,,,,,,,,
6,Lg Rank,,,,,,,,,,,,,,3,1963,,,,,,,,,
7,Year/Year,,,,,,,,,,,,,,-3.4%,1963,,,,,,,,,
0,Team,80.0,,3272,7438,0.44,2230,2910,0.766,,,5025,1676,1997,8774,1964,,,,,,,,,
1,Team/G,,,40.9,93.0,0.44,27.9,36.4,0.766,,,62.8,21.0,25.0,109.7,1964,,,,,,,,,
2,Lg Rank,,,9,9,3.0,1,2,1.0,,,8,5,2,7,1964,,,,,,,,,
3,Year/Year,,,-6.7%,-6.4%,-0.001,0.0%,-0.7%,0.005,,,-4.9%,-3.6%,12.5%,-5.1%,1964,,,,,,,,,
4,Opponent,80.0,,,,,,,,,,,,,8692,1964,,,,,,,,,
5,Opponent/G,,,,,,,,,,,,,,108.7,1964,,,,,,,,,
6,Lg Rank,,,,,,,,,,,,,,4,1964,,,,,,,,,
7,Year/Year,,,,,,,,,,,,,,-3.3%,1964,,,,,,,,,
0,Team,80.0,19350.0,3336,7628,0.437,2276,2984,0.763,,,5231,1601,1998,8948,1965,,,,,,,,,
1,Team/G,,241.9,41.7,95.4,0.437,28.5,37.3,0.763,,,65.4,20.0,25.0,111.9,1965,,,,,,,,,
2,Lg Rank,,3.0,7,9,3.0,1,3,1.0,,,7,8,2,5,1965,,,,,,,,,
3,Year/Year,,,2.0%,2.6%,-0.003,2.1%,2.5%,-0.004,,,4.1%,-4.5%,0.1%,2.0%,1965,,,,,,,,,
4,Opponent,80.0,19350.0,,,,,,,,,,,,8795,1965,,,,,,,,,
5,Opponent/G,,241.9,,,,,,,,,,,,109.9,1965,,,,,,,,,
6,Lg Rank,,3.0,,,,,,,,,,,,3,1965,,,,,,,,,
7,Year/Year,,,,,,,,,,,,,,1.2%,1965,,,,,,,,,
0,Team,80.0,19250,3597,8109,0.444,2363,3057,0.773,,,5334,1936,2035,9557,1966,,,,,,,,,
1,Team/G,,240.6,45.0,101.4,0.444,29.5,38.2,0.773,,,66.7,24.2,25.4,119.5,1966,,,,,,,,,
2,Lg Rank,,3,4,7,4.0,1,4,1.0,,,7,1,4,1,1966,,,,,,,,,
3,Year/Year,,-0.5%,7.8%,6.3%,0.006,3.8%,2.4%,0.01,,,2.0%,20.9%,1.9%,6.8%,1966,,,,,,,,,
4,Opponent,80.0,19250,,,,,,,,,,,,9309,1966,,,,,,,,,
5,Opponent/G,,240.6,,,,,,,,,,,,116.4,1966,,,,,,,,,
6,Lg Rank,,3,,,,,,,,,,,,4,1966,,,,,,,,,
7,Year/Year,,-0.5%,,,,,,,,,,,,5.8%,1966,,,,,,,,,
0,Team,81.0,19565,3786,8466,0.447,2192,2917,0.751,,,5415,1906,2168,9764,1967,,,,,,,,,
1,Team/G,,241.5,46.7,104.5,0.447,27.1,36.0,0.751,,,66.9,23.5,26.8,120.5,1967,,,,,,,,,
2,Lg Rank,,4,3,5,5.0,4,6,3.0,,,5,3,7,3,1967,,,,,,,,,
3,Year/Year,,0.4%,4.0%,3.1%,0.004,-8.4%,-5.8%,-0.022,,,0.3%,-2.8%,5.2%,0.9%,1967,,,,,,,,,
4,Opponent,81.0,19565,,,,,,,,,,,,9736,1967,,,,,,,,,
5,Opponent/G,,241.5,,,,,,,,,,,,120.2,1967,,,,,,,,,
6,Lg Rank,,4,,,,,,,,,,,,9,1967,,,,,,,,,
7,Year/Year,,0.4%,,,,,,,,,,,,3.3%,1967,,,,,,,,,
0,Team,82.0,19855,3827,8031,0.477,2283,3143,0.726,,,5225,1983,2152,9937,1968,,,,,,,,,
1,Team/G,,242.1,46.7,97.9,0.477,27.8,38.3,0.726,,,63.7,24.2,26.2,121.2,1968,,,,,,,,,
2,Lg Rank,,3,2,10,1.0,2,3,5.0,,,9,5,7,2,1968,,,,,,,,,
3,Year/Year,,0.2%,-0.1%,-6.3%,0.029,2.9%,6.4%,-0.025,,,-4.7%,2.8%,-1.9%,0.5%,1968,,,,,,,,,
4,Opponent,82.0,19855,,,,,,,,,,,,9477,1968,,,,,,,,,
5,Opponent/G,,242.1,,,,,,,,,,,,115.6,1968,,,,,,,,,
6,Lg Rank,,3,,,,,,,,,,,,6,1968,,,,,,,,,
7,Year/Year,,0.2%,,,,,,,,,,,,-3.8%,1968,,,,,,,,,
0,Team,82.0,19905,3574,7620,0.469,2056,3161,0.65,,,4749,2068,1773,9204,1969,,,,,,,,,
1,Team/G,,242.7,43.6,92.9,0.469,25.1,38.5,0.65,,,57.9,25.2,21.6,112.2,1969,,,,,,,,,
2,Lg Rank,,1,8,14,1.0,8,1,14.0,,,5,3,1,6,1969,,,,,,,,,
3,Year/Year,,0.3%,-6.6%,-5.1%,-0.007,-9.9%,0.6%,-0.076,,,-9.1%,4.3%,-17.6%,-7.4%,1969,,,,,,,,,
4,Opponent,82.0,19905,,,,,,,,,,,,8864,1969,,,,,,,,,
5,Opponent/G,,242.7,,,,,,,,,,,,108.1,1969,,,,,,,,,
6,Lg Rank,,1,,,,,,,,,,,,4,1969,,,,,,,,,
7,Year/Year,,0.3%,,,,,,,,,,,,-6.5%,1969,,,,,,,,,
0,Team,82.0,19830,3668,7952,0.461,1991,2641,0.754,,,4154,2030,1896,9327,1970,,,,,,,,,
1,Team/G,,241.8,44.7,97.0,0.461,24.3,32.2,0.754,,,50.7,24.8,23.1,113.7,1970,,,,,,,,,
2,Lg Rank,,5,10,11,8.0,12,12,6.0,,,12,9,2,12,1970,,,,,,,,,
3,Year/Year,,-0.4%,2.6%,4.4%,-0.008,-3.2%,-16.5%,0.103,,,-12.5%,-1.8%,6.9%,1.3%,1970,,,,,,,,,
4,Opponent,82.0,19830,,,,,,,,,,,,9164,1970,,,,,,,,,
5,Opponent/G,,241.8,,,,,,,,,,,,111.8,1970,,,,,,,,,
6,Lg Rank,,5,,,,,,,,,,,,2,1970,,,,,,,,,
7,Year/Year,,-0.4%,,,,,,,,,,,,3.4%,1970,,,,,,,,,
0,Team,82.0,19755,3739,7857,0.476,1933,2717,0.711,,,4269,2205,1709,9411,1971,,,,,,,,,
1,Team/G,,240.9,45.6,95.8,0.476,23.6,33.1,0.711,,,52.1,26.9,20.8,114.8,1971,,,,,,,,,
2,Lg Rank,,8,4,11,2.0,10,8,17.0,,,11,3,1,7,1971,,,,,,,,,
3,Year/Year,,-0.4%,1.9%,-1.2%,0.015,-2.9%,2.9%,-0.042,,,2.8%,8.6%,-9.9%,0.9%,1971,,,,,,,,,
4,Opponent,82.0,19755,3796,8511,0.446,1567,2107,0.744,,,4552,2078,1951,9159,1971,,,,,,,,,
5,Opponent/G,,240.9,46.3,103.8,0.446,19.1,25.7,0.744,,,55.5,25.3,23.8,111.7,1971,,,,,,,,,
6,Lg Rank,,8,14,16,7.0,1,1,9.0,,,14,14,12,6,1971,,,,,,,,,
7,Year/Year,,-0.4%,,,,,,,,,,,,-0.1%,1971,,,,,,,,,
0,Team,82.0,19755,3920,7998,0.49,2080,2833,0.734,,,4628,2232,1636,9920,1972,,,,,,,,,
1,Team/G,,240.9,47.8,97.5,0.49,25.4,34.5,0.734,,,56.4,27.2,20.0,121.0,1972,,,,,,,,,
2,Lg Rank,,11,1,5,2.0,2,2,15.0,,,1,1,1,1,1972,,,,,,,,,
3,Year/Year,,0.0%,4.8%,1.8%,0.014,7.6%,4.3%,0.023,,,8.4%,1.2%,-4.3%,5.4%,1972,,,,,,,,,
4,Opponent,82.0,19755,3699,8553,0.432,1515,1972,0.768,,,4290,1994,1997,8913,1972,,,,,,,,,
5,Opponent/G,,240.9,45.1,104.3,0.432,18.5,24.0,0.768,,,52.3,24.3,24.4,108.7,1972,,,,,,,,,
6,Lg Rank,,11,15,17,2.0,1,1,17.0,,,12,11,4,6,1972,,,,,,,,,
7,Year/Year,,0.0%,-2.6%,0.5%,-0.014,-3.3%,-6.4%,0.025,,,-5.8%,-4.0%,2.4%,-2.7%,1972,,,,,,,,,
0,Team,82.0,19755,3740,7819,0.478,1679,2264,0.742,,,4562,2302,1636,9159,1973,,,,,,,,,
1,Team/G,,240.9,45.6,95.4,0.478,20.5,27.6,0.742,,,55.6,28.1,20.0,111.7,1973,,,,,,,,,
2,Lg Rank,,7,4,13,2.0,5,4,14.0,,,2,2,1,4,1973,,,,,,,,,
3,Year/Year,,0.0%,-4.6%,-2.2%,-0.012,-19.3%,-20.1%,0.007,,,-1.4%,3.1%,0.0%,-7.7%,1973,,,,,,,,,
4,Opponent,82.0,19755,3646,8409,0.434,1167,1583,0.737,,,4101,1963,1941,8459,1973,,,,,,,,,
5,Opponent/G,,240.9,44.5,102.5,0.434,14.2,19.3,0.737,,,50.0,23.9,23.7,103.2,1973,,,,,,,,,
6,Lg Rank,,7,8,17,2.0,1,1,1.0,,,7,7,4,5,1973,,,,,,,,,
7,Year/Year,,0.0%,-1.4%,-1.7%,0.001,-23.0%,-19.7%,-0.031,,,-4.4%,-1.6%,-2.8%,-5.1%,1973,,,,,,,,,
0,Team,82.0,19755,3536,7803,0.453,1879,2443,0.769,1365.0,2970.0,4335,2179,2032,8951,1974,794.0,653.0,1913.0,,,,,,
1,Team/G,,240.9,43.1,95.2,0.453,22.9,29.8,0.769,16.6,36.2,52.9,26.6,24.8,109.2,1974,9.7,8.0,23.3,,,,,,
2,Lg Rank,,6,10,5,12.0,1,1,10.0,3.0,3.0,3,4,12,3,1974,3.0,1.0,17.0,,,,,,
3,Year/Year,,0.0%,-5.5%,-0.2%,-0.025,11.9%,7.9%,0.028,,,-5.0%,-5.3%,24.2%,-2.3%,1974,,,,,,,,,
4,Opponent,82.0,19755,3667,8364,0.438,1546,2044,0.756,1525.0,2786.0,4311,2061,2135,8880,1974,797.0,430.0,1719.0,,,,,,
5,Opponent/G,,240.9,44.7,102.0,0.438,18.9,24.9,0.756,18.6,34.0,52.6,25.1,26.0,108.3,1974,9.7,5.2,21.0,,,,,,
6,Lg Rank,,6,16,17,2.0,8,9,3.0,17.0,12.0,16,11,2,12,1974,13.0,14.0,9.0,,,,,,
7,Year/Year,,0.0%,0.6%,-0.5%,0.005,32.5%,29.1%,0.019,,,5.1%,5.0%,10.0%,5.0%,1974,,,,,,,,,
0,Team,82.0,19855,3409,7577,0.45,1641,2182,0.752,1312,2763,4075,2091,2079,8459,1975,755,423,1785,,,,,,
1,Team/G,,242.1,41.6,92.4,0.45,20.0,26.6,0.752,16.0,33.7,49.7,25.5,25.4,103.2,1975,9.2,5.2,21.8,,,,,,
2,Lg Rank,,5,10,6,12.0,7,7,11.0,5,6,4,4,15,8,1975,4,2,16,,,,,,
3,Year/Year,,0.5%,-3.6%,-2.9%,-0.003,-12.7%,-10.7%,-0.017,-3.9%,-7.0%,-6.0%,-4.0%,2.3%,-5.5%,1975,-4.9%,-35.2%,-6.7%,,,,,,
4,Opponent,82.0,19855,3595,7914,0.454,1603,2117,0.757,1422,2807,4229,2239,2015,8793,1975,822,442,1606,,,,,,
5,Opponent/G,,242.1,43.8,96.5,0.454,19.5,25.8,0.757,17.3,34.2,51.6,27.3,24.6,107.2,1975,10.0,5.4,19.6,,,,,,
6,Lg Rank,,5,18,17,8.0,11,13,6.0,18,13,18,18,9,17,1975,16,18,10,,,,,,
7,Year/Year,,0.5%,-2.0%,-5.4%,0.016,3.7%,3.6%,0.001,-6.8%,0.8%,-1.9%,8.6%,-5.6%,-1.0%,1975,3.1%,2.8%,-6.6%,,,,,,
0,Team,82.0,19705,3547,7622,0.465,1670,2164,0.772,1132,2870,4002,1939,2025,8764,1976,674,528,1612,,,,,,
1,Team/G,,240.3,43.3,93.0,0.465,20.4,26.4,0.772,13.8,35.0,48.8,23.6,24.7,106.9,1976,8.2,6.4,19.7,,,,,,
2,Lg Rank,,17,2,6,6.0,8,11,5.0,11,3,5,7,10,3,1976,13,1,7,,,,,,
3,Year/Year,,-0.8%,4.0%,0.6%,0.015,1.8%,-0.8%,0.02,-13.7%,3.9%,-1.8%,-7.3%,-2.6%,3.6%,1976,-10.7%,24.8%,-9.7%,,,,,,
4,Opponent,82.0,19705,3592,7980,0.45,1573,2148,0.732,1384,2837,4221,2032,1987,8757,1976,775,363,1564,,,,,,
5,Opponent/G,,240.3,43.8,97.3,0.45,19.2,26.2,0.732,16.9,34.6,51.5,24.8,24.2,106.8,1976,9.5,4.4,19.1,,,,,,
6,Lg Rank,,17,17,18,6.0,4,6,1.0,17,16,18,16,12,17,1976,13,11,12,,,,,,
7,Year/Year,,-0.8%,-0.1%,0.8%,-0.004,-1.9%,1.5%,-0.025,-2.7%,1.1%,-0.2%,-9.2%,-1.4%,-0.4%,1976,-5.7%,-17.9%,-2.6%,,,,,,
0,Team,82.0,19805,3663,7657,0.478,1437,1941,0.74,1177,2628,3805,2057,1867,8763,1977,801,445,1538,,,,,,
1,Team/G,,241.5,44.7,93.4,0.478,17.5,23.7,0.74,14.4,32.0,46.4,25.1,22.8,106.9,1977,9.8,5.4,18.8,,,,,,
2,Lg Rank,,3,5,8,8.0,22,22,15.0,17,11,14,5,2,10,1977,11,9,2,,,,,,
3,Year/Year,,0.5%,3.3%,0.5%,0.013,-14.0%,-10.3%,-0.031,4.0%,-8.4%,-4.9%,6.1%,-7.8%,-0.0%,1977,18.8%,-15.7%,-4.6%,,,,,,
4,Opponent,82.0,19805,3515,7781,0.452,1510,1990,0.759,1348,2625,3973,1900,1816,8540,1977,763,362,1599,,,,,,
5,Opponent/G,,241.5,42.9,94.9,0.452,18.4,24.3,0.759,16.4,32.0,48.5,23.2,22.1,104.1,1977,9.3,4.4,19.5,,,,,,
6,Lg Rank,,3,11,18,4.0,4,4,19.0,20,10,17,9,22,4,1977,11,5,17,,,,,,
7,Year/Year,,0.5%,-2.1%,-2.5%,0.002,-4.0%,-7.4%,0.026,-2.6%,-7.5%,-5.9%,-6.5%,-8.6%,-2.5%,1977,-1.5%,-0.3%,2.2%,,,,,,
0,Team,82.0,19805,3734,7672,0.487,1576,2095,0.752,1136,2647,3783,2229,1964,9044,1978,802,409,1548,,,,,,
1,Team/G,,241.5,45.5,93.6,0.487,19.2,25.5,0.752,13.9,32.3,46.1,27.2,24.0,110.3,1978,9.8,5.0,18.9,,,,,,
2,Lg Rank,,13,4,12,3.0,19,20,10.0,20,9,16,5,7,8,1978,10,11,4,,,,,,
3,Year/Year,,0.0%,1.9%,0.2%,0.008,9.7%,7.9%,0.012,-3.5%,0.7%,-0.6%,8.4%,5.2%,3.2%,1978,0.1%,-8.1%,0.7%,,,,,,
4,Opponent,82.0,19805,3648,7880,0.463,1529,2050,0.746,1365,2599,3964,2073,1919,8825,1978,756,379,1570,,,,,,
5,Opponent/G,,241.5,44.5,96.1,0.463,18.6,25.0,0.746,16.6,31.7,48.3,25.3,23.4,107.6,1978,9.2,4.6,19.1,,,,,,
6,Lg Rank,,13,15,19,7.0,4,4,6.0,22,10,17,10,20,7,1978,9,7,15,,,,,,
7,Year/Year,,0.0%,3.8%,1.3%,0.011,1.3%,3.0%,-0.013,1.3%,-1.0%,-0.2%,9.1%,5.7%,3.3%,1978,-0.9%,4.7%,-1.8%,,,,,,
0,Team,82.0,19780,3827,7397,0.517,1606,2088,0.769,949,2557,3506,2338,1851,9260,1979,793,500,1569,,,,,,
1,Team/G,,241.2,46.7,90.2,0.517,19.6,25.5,0.769,11.6,31.2,42.8,28.5,22.6,112.9,1979,9.7,6.1,19.1,,,,,,
2,Lg Rank,,6,4,17,1.0,19,20,5.0,22,7,20,3,2,8,1979,8,8,7,,,,,,
3,Year/Year,,-0.1%,2.5%,-3.6%,0.031,1.9%,-0.3%,0.017,-16.5%,-3.4%,-7.3%,4.9%,-5.8%,2.4%,1979,-1.1%,22.2%,1.4%,,,,,,
4,Opponent,82.0,19780,3797,7848,0.484,1415,1931,0.733,1288,2486,3774,2234,1958,9009,1979,737,359,1542,,,,,,
5,Opponent/G,,241.2,46.3,95.7,0.484,17.3,23.5,0.733,15.7,30.3,46.0,27.2,23.9,109.9,1979,9.0,4.4,18.8,,,,,,
6,Lg Rank,,6,17,19,11.0,2,2,1.0,17,11,17,19,19,8,1979,10,3,16,,,,,,
7,Year/Year,,-0.1%,4.1%,-0.4%,0.021,-7.5%,-5.8%,-0.013,-5.6%,-4.3%,-4.8%,7.8%,2.0%,2.1%,1979,-2.5%,-5.3%,-1.8%,,,,,,
0,Team,82.0,19880,3898,7368,0.529,1622,2092,0.775,1085,2653,3738,2413,1784,9438,1980,774,546,1639,20.0,100.0,0.2,3878,7268,0.534
1,Team/G,,242.4,47.5,89.9,0.529,19.8,25.5,0.775,13.2,32.4,45.6,29.4,21.8,115.1,1980,9.4,6.7,20.0,0.2,1.2,0.2,47.3,88.6,0.534
2,Lg Rank,,4,1,15,1.0,15,19,6.0,20,2,7,1,1,2,1980,13,4,18,21.0,21.0,19.0,1,10,1.0
3,Year/Year,,0.5%,1.9%,-0.4%,0.012,1.0%,0.2%,0.006,14.3%,3.8%,6.6%,3.2%,-3.6%,1.9%,1980,-2.4%,9.2%,4.5%,,,,1.3%,-1.7%,0.016
4,Opponent,82.0,19880,3723,7921,0.47,1430,1884,0.759,1312,2242,3554,2324,1860,8954,1980,797,382,1420,78.0,274.0,0.285,3645,7647,0.477
5,Opponent/G,,242.4,45.4,96.6,0.47,17.4,23.0,0.759,16.0,27.3,43.3,28.3,22.7,109.2,1980,9.7,4.7,17.3,1.0,3.3,0.285,44.5,93.3,0.477
6,Lg Rank,,4,17,21,7.0,1,1,7.0,18,1,5,21,20,11,1980,14,3,19,20.0,18.0,14.0,16,21,7.0
7,Year/Year,,0.5%,-1.9%,0.9%,-0.014,1.1%,-2.4%,0.026,1.9%,-9.8%,-5.8%,4.0%,-5.0%,-0.6%,1980,8.1%,6.4%,-7.9%,,,,-4.0%,-2.6%,-0.007
0,Team,82.0,19805,3780,7382,0.512,1540,2113,0.729,1165,2491,3656,2363,1955,9117,1981,808,551,1557,17,94,0.181,3763,7288,0.516
1,Team/G,,241.5,46.1,90.0,0.512,18.8,25.8,0.729,14.2,30.4,44.6,28.8,23.8,111.2,1981,9.9,6.7,19.0,0.2,1.1,0.181,45.9,88.9,0.516
2,Lg Rank,,7,2,6,2.0,21,20,17.0,15,5,9,2,4,5,1981,7,4,15,20,19,17.0,1,5,2.0
3,Year/Year,,-0.4%,-3.0%,0.2%,-0.017,-5.1%,1.0%,-0.047,7.4%,-6.1%,-2.2%,-2.1%,9.6%,-3.4%,1981,4.4%,0.9%,-5.0%,-15.0%,-6.0%,-0.019,-3.0%,0.3%,-0.017
4,Opponent,82.0,19805,3581,7701,0.465,1598,2158,0.741,1378,2274,3652,2280,1869,8802,1981,754,357,1473,42,184,0.228,3539,7517,0.471
5,Opponent/G,,241.5,43.7,93.9,0.465,19.5,26.3,0.741,16.8,27.7,44.5,27.8,22.8,107.3,1981,9.2,4.4,18.0,0.5,2.2,0.228,43.2,91.7,0.471
6,Lg Rank,,7,15,22,4.0,4,3,5.0,23,6,17,22,22,13,1981,17,2,15,13,19,9.0,16,22,6.0
7,Year/Year,,-0.4%,-3.8%,-2.8%,-0.005,11.7%,14.5%,-0.019,5.0%,1.4%,2.8%,-1.9%,0.5%,-1.7%,1981,-5.4%,-6.5%,3.7%,-46.2%,-32.8%,-0.056,-2.9%,-1.7%,-0.006
0,Team,82.0,19855,3919,7585,0.517,1549,2161,0.717,1258,2505,3763,2356,1999,9400,1982,848,517,1468,13,94,0.138,3906,7491,0.521
1,Team/G,,242.1,47.8,92.5,0.517,18.9,26.4,0.717,15.3,30.5,45.9,28.7,24.4,114.6,1982,10.3,6.3,17.9,0.2,1.1,0.138,47.6,91.4,0.521
2,Lg Rank,,4,2,3,3.0,23,20,23.0,4,6,2,1,2,2,1982,3,5,13,23,23,23.0,2,2,3.0
3,Year/Year,,0.3%,3.7%,2.7%,0.005,0.6%,2.3%,-0.012,8.0%,0.6%,2.9%,-0.3%,2.3%,3.1%,1982,5.0%,-6.2%,-5.7%,-23.5%,0.0%,-0.043,3.8%,2.8%,0.005
4,Opponent,82.0,19855,3745,7679,0.488,1433,2008,0.714,1275,2255,3530,2319,2004,9001,1982,718,435,1483,78,213,0.366,3667,7466,0.491
5,Opponent/G,,242.1,45.7,93.6,0.488,17.5,24.5,0.714,15.5,27.5,43.0,28.3,24.4,109.8,1982,8.8,5.3,18.1,1.0,2.6,0.366,44.7,91.0,0.491
6,Lg Rank,,4,20,22,10.0,1,1,1.0,21,4,12,22,22,15,1982,16,13,7,23,21,23.0,19,22,10.0
7,Year/Year,,0.3%,4.6%,-0.3%,0.023,-10.3%,-7.0%,-0.027,-7.5%,-0.8%,-3.3%,1.7%,7.2%,2.3%,1982,-4.8%,21.8%,0.7%,85.7%,15.8%,0.138,3.6%,-0.7%,0.02
0,Team,82.0,19730,3964,7512,0.528,1495,2031,0.736,1235,2433,3668,2519,1931,9433,1983,844,479,1584,10,96,0.104,3954,7416,0.533
1,Team/G,,240.6,48.3,91.6,0.528,18.2,24.8,0.736,15.1,29.7,44.7,30.7,23.5,115.0,1983,10.3,5.8,19.3,0.1,1.2,0.104,48.2,90.4,0.533
2,Lg Rank,,18,1,7,1.0,19,20,15.0,11,11,10,1,1,2,1983,3,9,15,23,23,23.0,1,3,1.0
3,Year/Year,,-0.6%,1.1%,-1.0%,0.011,-3.5%,-6.0%,0.019,-1.8%,-2.9%,-2.5%,6.9%,-3.4%,0.4%,1983,-0.5%,-7.4%,7.9%,-23.1%,2.1%,-0.034,1.2%,-1.0%,0.012
4,Opponent,82.0,19730,3734,7617,0.49,1455,2008,0.725,1294,2166,3460,2389,1863,8978,1983,766,380,1562,55,212,0.259,3679,7405,0.497
5,Opponent/G,,240.6,45.5,92.9,0.49,17.7,24.5,0.725,15.8,26.4,42.2,29.1,22.7,109.5,1983,9.3,4.6,19.0,0.7,2.6,0.259,44.9,90.3,0.497
6,Lg Rank,,18,17,18,15.0,1,1,6.0,17,1,5,22,22,12,1983,17,5,12,21,21,16.0,17,18,15.0
7,Year/Year,,-0.6%,-0.3%,-0.8%,0.003,1.5%,0.0%,0.011,1.5%,-3.9%,-2.0%,3.0%,-7.0%,-0.3%,1983,6.7%,-12.6%,5.3%,-29.5%,-0.5%,-0.107,0.3%,-0.8%,0.006
0,Team,82.0,19780,3854,7250,0.532,1712,2272,0.754,1095,2499,3594,2455,2054,9478,1984,726,478,1578,58,226,0.257,3796,7024,0.54
1,Team/G,,241.2,47.0,88.4,0.532,20.9,27.7,0.754,13.4,30.5,43.8,29.9,25.0,115.6,1984,8.9,5.8,19.2,0.7,2.8,0.257,46.3,85.7,0.54
2,Lg Rank,,16,3,8,1.0,18,18,16.0,17,4,8,2,8,4,1984,7,8,19,7,9,8.0,3,12,1.0
3,Year/Year,,0.3%,-2.8%,-3.5%,0.004,14.5%,11.9%,0.017,-11.3%,2.7%,-2.0%,-2.5%,6.4%,0.5%,1984,-14.0%,-0.2%,-0.4%,480.0%,135.4%,0.152,-4.0%,-5.3%,0.007
4,Opponent,82.0,19780,3672,7600,0.483,1763,2346,0.751,1253,2154,3407,2261,1973,9170,1984,797,376,1443,63,223,0.283,3609,7377,0.489
5,Opponent/G,,241.2,44.8,92.7,0.483,21.5,28.6,0.751,15.3,26.3,41.5,27.6,24.1,111.8,1984,9.7,4.6,17.6,0.8,2.7,0.283,44.0,90.0,0.489
6,Lg Rank,,16,18,20,6.0,7,6,5.0,21,1,8,19,20,16,1984,22,4,12,21,22,19.0,18,20,7.0
7,Year/Year,,0.3%,-1.7%,-0.2%,-0.007,21.2%,16.8%,0.027,-3.2%,-0.6%,-1.5%,-5.4%,5.9%,2.1%,1984,4.0%,-1.1%,-7.6%,14.5%,5.2%,0.023,-1.9%,-0.4%,-0.008
0,Team,82.0,19755,3952,7254,0.545,1702,2232,0.763,1063,2550,3613,2575,1931,9696,1985,695,481,1537,90,295,0.305,3862,6959,0.555
1,Team/G,,240.9,48.2,88.5,0.545,20.8,27.2,0.763,13.0,31.1,44.1,31.4,23.5,118.2,1985,8.5,5.9,18.7,1.1,3.6,0.305,47.1,84.9,0.555
2,Lg Rank,,17,1,15,1.0,19,21,13.0,20,4,9,1,5,2,1985,11,8,15,7,8,6.0,1,15,1.0
3,Year/Year,,-0.1%,2.5%,0.1%,0.013,-0.6%,-1.8%,0.009,-2.9%,2.0%,0.5%,4.9%,-6.0%,2.3%,1985,-4.3%,0.6%,-2.6%,55.2%,30.5%,0.048,1.7%,-0.9%,0.015
4,Opponent,82.0,19755,3665,7639,0.48,1679,2244,0.748,1248,2078,3326,2313,1905,9093,1985,756,370,1365,84,297,0.283,3581,7342,0.488
5,Opponent/G,,240.9,44.7,93.2,0.48,20.5,27.4,0.748,15.2,25.3,40.6,28.2,23.2,110.9,1985,9.2,4.5,16.6,1.0,3.6,0.283,43.7,89.5,0.488
6,Lg Rank,,17,17,22,5.0,5,6,3.0,19,1,1,21,20,14,1985,17,3,18,20,20,12.0,17,21,6.0
7,Year/Year,,-0.1%,-0.2%,0.5%,-0.003,-4.8%,-4.3%,-0.003,-0.4%,-3.5%,-2.4%,2.3%,-3.4%,-0.8%,1985,-5.1%,-1.6%,-5.4%,33.3%,33.2%,0.0,-0.8%,-0.5%,-0.001
0,Team,82.0,19830,3834,7343,0.522,1812,2329,0.778,1101,2555,3656,2433,2031,9618,1986,693,419,1467,138,409,0.337,3696,6934,0.533
1,Team/G,,241.8,46.8,89.5,0.522,22.1,28.4,0.778,13.4,31.2,44.6,29.7,24.8,117.3,1986,8.5,5.1,17.9,1.7,5.0,0.337,45.1,84.6,0.533
2,Lg Rank,,7,1,5,1.0,15,17,5.0,15,3,7,1,7,1,1986,16,11,13,2,2,4.0,2,10,1.0
3,Year/Year,,0.4%,-3.0%,1.2%,-0.023,6.5%,4.3%,0.015,3.6%,0.2%,1.2%,-5.5%,5.2%,-0.8%,1986,-0.3%,-12.9%,-4.6%,53.3%,38.6%,0.032,-4.3%,-0.4%,-0.022
4,Opponent,82.0,19830,3577,7450,0.48,1778,2369,0.751,1104,2226,3330,2235,1992,8983,1986,792,359,1330,51,247,0.206,3526,7203,0.49
5,Opponent/G,,241.8,43.6,90.9,0.48,21.7,28.9,0.751,13.5,27.1,40.6,27.3,24.3,109.5,1986,9.7,4.4,16.2,0.6,3.0,0.206,43.0,87.8,0.49
6,Lg Rank,,7,13,20,9.0,6,6,7.0,5,1,1,17,17,10,1986,20,2,19,1,4,1.0,13,20,9.0
7,Year/Year,,0.4%,-2.4%,-2.5%,0.0,5.9%,5.6%,0.002,-11.5%,7.1%,0.1%,-3.4%,4.6%,-1.2%,1986,4.8%,-3.0%,-2.6%,-39.3%,-16.8%,-0.076,-1.5%,-1.9%,0.002
0,Team,82.0,19730,3740,7245,0.516,2012,2550,0.789,1127,2515,3642,2428,1853,9656,1987,728,482,1358,164,447,0.367,3576,6798,0.526
1,Team/G,,240.6,45.6,88.4,0.516,24.5,31.1,0.789,13.7,30.7,44.4,29.6,22.6,117.8,1987,8.9,5.9,16.6,2.0,5.5,0.367,43.6,82.9,0.526
2,Lg Rank,,21,2,14,2.0,4,10,4.0,19,3,11,1,4,2,1987,9,8,10,5,7,1.0,2,15,2.0
3,Year/Year,,-0.5%,-2.5%,-1.3%,-0.006,11.0%,9.5%,0.011,2.4%,-1.6%,-0.4%,-0.2%,-8.8%,0.4%,1987,5.1%,15.0%,-7.4%,18.8%,9.3%,0.029,-3.2%,-2.0%,-0.007
4,Opponent,82.0,19730,3520,7531,0.467,1731,2265,0.764,1280,2174,3454,2212,2004,8893,1987,721,404,1370,122,431,0.283,3398,7100,0.479
5,Opponent/G,,240.6,42.9,91.8,0.467,21.1,27.6,0.764,15.6,26.5,42.1,27.0,24.4,108.5,1987,8.8,4.9,16.7,1.5,5.3,0.283,41.4,86.6,0.479
6,Lg Rank,,21,12,23,6.0,5,6,14.0,20,1,3,19,14,12,1987,13,5,14,15,20,6.0,10,22,6.0
7,Year/Year,,-0.5%,-1.6%,1.1%,-0.013,-2.6%,-4.4%,0.014,15.9%,-2.3%,3.7%,-1.0%,0.6%,-1.0%,1987,-9.0%,12.5%,3.0%,139.2%,74.5%,0.077,-3.6%,-1.4%,-0.011
0,Team,82.0,19805,3576,7078,0.505,1956,2480,0.789,1073,2491,3564,2347,1715,9250,1988,672,404,1318,142,478,0.297,3434,6600,0.52
1,Team/G,,241.5,43.6,86.3,0.505,23.9,30.2,0.789,13.1,30.4,43.5,28.6,20.9,112.8,1988,8.2,4.9,16.1,1.7,5.8,0.297,41.9,80.5,0.52
2,Lg Rank,,5,5,17,2.0,5,6,5.0,20,4,11,3,1,5,1988,15,15,7,9,7,16.0,4,19,2.0
3,Year/Year,,0.4%,-4.4%,-2.3%,-0.011,-2.8%,-2.7%,-0.0,-4.8%,-1.0%,-2.1%,-3.3%,-7.4%,-4.2%,1988,-7.7%,-16.2%,-2.9%,-13.4%,6.9%,-0.07,-4.0%,-2.9%,-0.006
4,Opponent,82.0,19805,3551,7467,0.476,1538,2020,0.761,1175,2249,3424,2200,1940,8771,1988,732,390,1246,131,439,0.298,3420,7028,0.487
5,Opponent/G,,241.5,43.3,91.1,0.476,18.8,24.6,0.761,14.3,27.4,41.8,26.8,23.7,107.0,1988,8.9,4.8,15.2,1.6,5.4,0.298,41.7,85.7,0.487
6,Lg Rank,,5,18,22,9.0,2,2,8.0,15,4,6,17,18,11,1988,16,5,19,14,17,4.0,18,21,11.0
7,Year/Year,,0.4%,0.9%,-0.8%,0.008,-11.1%,-10.8%,-0.003,-8.2%,3.4%,-0.9%,-0.5%,-3.2%,-1.4%,1988,1.5%,-3.5%,-9.1%,7.4%,1.9%,0.015,0.6%,-1.0%,0.008
0,Team,82.0,19805,3584,7143,0.502,2011,2508,0.802,1094,2612,3706,2282,1672,9406,1989,724,421,1344,227,667,0.34,3357,6476,0.518
1,Team/G,,241.5,43.7,87.1,0.502,24.5,30.6,0.802,13.3,31.9,45.2,27.8,20.4,114.7,1989,8.8,5.1,16.4,2.8,8.1,0.34,40.9,79.0,0.518
2,Lg Rank,,10,6,17,2.0,4,5,2.0,20,2,6,2,2,5,1989,14,13,13,5,6,5.0,9,19,1.0
3,Year/Year,,0.0%,0.2%,0.9%,-0.003,2.8%,1.1%,0.013,2.0%,4.9%,4.0%,-2.8%,-2.5%,1.7%,1989,7.7%,4.2%,2.0%,59.9%,39.5%,0.043,-2.2%,-1.9%,-0.002
4,Opponent,82.0,19805,3541,7540,0.47,1542,2051,0.752,1178,2222,3400,2157,1941,8818,1989,752,432,1263,194,587,0.33,3347,6953,0.481
5,Opponent/G,,241.5,43.2,92.0,0.47,18.8,25.0,0.752,14.4,27.1,41.5,26.3,23.7,107.5,1989,9.2,5.3,15.4,2.4,7.2,0.33,40.8,84.8,0.481
6,Lg Rank,,10,15,22,9.0,2,3,2.0,12,2,4,20,12,8,1989,15,12,20,21,22,16.0,15,21,9.0
7,Year/Year,,0.0%,-0.3%,1.0%,-0.006,0.3%,1.5%,-0.01,0.3%,-1.2%,-0.7%,-2.0%,0.1%,0.5%,1989,2.7%,10.8%,1.4%,48.1%,33.7%,0.032,-2.1%,-1.1%,-0.005
0,Team,82.0,19855,3434,7010,0.49,1902,2417,0.787,1097,2460,3557,2232,1737,9079,1990,655,445,1226,309,841,0.367,3125,6169,0.507
1,Team/G,,242.1,41.9,85.5,0.49,23.2,29.5,0.787,13.4,30.0,43.4,27.2,21.2,110.7,1990,8.0,5.4,15.0,3.8,10.3,0.367,38.1,75.2,0.507
2,Lg Rank,,5,12,19,6.0,8,10,7.0,17,9,13,3,5,6,1990,20,11,5,2,2,4.0,19,24,6.0
3,Year/Year,,0.3%,-4.2%,-1.9%,-0.012,-5.4%,-3.6%,-0.015,0.3%,-5.8%,-4.0%,-2.2%,3.9%,-3.5%,1990,-9.5%,5.7%,-8.8%,36.1%,26.1%,0.027,-6.9%,-4.7%,-0.012
4,Opponent,82.0,19855,3382,7247,0.467,1584,2111,0.75,1131,2243,3374,2009,1909,8523,1990,669,426,1200,175,519,0.337,3207,6728,0.477
5,Opponent/G,,242.1,41.2,88.4,0.467,19.3,25.7,0.75,13.8,27.4,41.1,24.5,23.3,103.9,1990,8.2,5.2,14.6,2.1,6.3,0.337,39.1,82.0,0.477
6,Lg Rank,,5,10,19,8.0,2,4,4.0,13,5,8,10,13,7,1990,11,16,23,14,9,18.0,11,19,5.0
7,Year/Year,,0.3%,-4.5%,-3.9%,-0.003,2.7%,2.9%,-0.001,-4.0%,0.9%,-0.8%,-6.9%,-1.6%,-3.3%,1990,-11.0%,-1.4%,-5.0%,-9.8%,-11.6%,0.007,-4.2%,-3.2%,-0.005
0,Team,82.0,19830,3343,6911,0.484,1805,2261,0.798,1078,2440,3518,2091,1524,8717,1991,642,384,1203,226,744,0.304,3117,6167,0.505
1,Team/G,,241.8,40.8,84.3,0.484,22.0,27.6,0.798,13.1,29.8,42.9,25.5,18.6,106.3,1991,7.8,4.7,14.7,2.8,9.1,0.304,38.0,75.2,0.505
2,Lg Rank,,9,14,21,11.0,10,13,5.0,19,11,14,11,1,13,1991,21,19,5,9,9,19.0,17,26,5.0
3,Year/Year,,-0.1%,-2.6%,-1.4%,-0.006,-5.1%,-6.5%,0.011,-1.7%,-0.8%,-1.1%,-6.3%,-12.3%,-4.0%,1991,-2.0%,-13.7%,-1.9%,-26.9%,-11.5%,-0.064,-0.3%,-0.0%,-0.001
4,Opponent,82.0,19830,3354,7262,0.462,1278,1700,0.752,1131,2187,3318,1998,1823,8164,1991,668,334,1175,178,573,0.311,3176,6689,0.475
5,Opponent/G,,241.8,40.9,88.6,0.462,15.6,20.7,0.752,13.8,26.7,40.5,24.4,22.2,99.6,1991,8.1,4.1,14.3,2.2,7.0,0.311,38.7,81.6,0.475
6,Lg Rank,,9,14,17,8.0,1,1,4.0,15,3,4,11,20,2,1991,6,2,24,9,11,10.0,14,19,8.0
7,Year/Year,,-0.1%,-0.8%,0.2%,-0.005,-19.3%,-19.5%,0.001,0.0%,-2.5%,-1.7%,-0.5%,-4.5%,-4.2%,1991,-0.1%,-21.6%,-2.1%,1.7%,10.4%,-0.027,-1.0%,-0.6%,-0.002
0,Team,82.0,19830,3183,6977,0.456,1744,2278,0.766,1156,2196,3352,1803,1543,8229,1992,756,400,1089,119,445,0.267,3064,6532,0.469
1,Team/G,,241.8,38.8,85.1,0.456,21.3,27.8,0.766,14.1,26.8,40.9,22.0,18.8,100.4,1992,9.2,4.9,13.3,1.5,5.4,0.267,37.4,79.7,0.469
2,Lg Rank,,11,26,22,24.0,10,7,10.0,16,25,26,22,1,24,1992,8,17,3,24,22,27.0,20,13,23.0
3,Year/Year,,0.0%,-4.8%,1.0%,-0.028,-3.4%,0.8%,-0.033,7.2%,-10.0%,-4.7%,-13.8%,1.2%,-5.6%,1992,17.8%,4.2%,-9.5%,-47.3%,-40.2%,-0.036,-1.7%,5.9%,-0.036
4,Opponent,82.0,19830,3408,7095,0.48,1329,1744,0.762,1234,2384,3618,2173,1831,8319,1992,594,389,1256,174,596,0.292,3234,6499,0.498
5,Opponent/G,,241.8,41.6,86.5,0.48,16.2,21.3,0.762,15.0,29.1,44.1,26.5,22.3,101.5,1992,7.2,4.7,15.3,2.1,7.3,0.292,39.4,79.3,0.498
6,Lg Rank,,11,13,10,20.0,2,2,16.0,21,15,18,25,12,5,1992,1,5,15,3,7,1.0,17,13,21.0
7,Year/Year,,0.0%,1.6%,-2.3%,0.018,4.0%,2.6%,0.01,9.1%,9.0%,9.0%,8.8%,0.4%,1.9%,1992,-11.1%,16.5%,6.9%,-2.2%,4.0%,-0.019,1.8%,-2.8%,0.023
0,Team,82.0,19830,3309,6994,0.473,1741,2304,0.756,1103,2288,3391,2013,1778,8546,1993,782,431,1266,187,626,0.299,3122,6368,0.49
1,Team/G,,241.8,40.4,85.3,0.473,21.2,28.1,0.756,13.5,27.9,41.4,24.5,21.7,104.2,1993,9.5,5.3,15.4,2.3,7.6,0.299,38.1,77.7,0.49
2,Lg Rank,,9,16,18,14.0,14,13,15.0,16,21,24,15,6,17,1993,6,13,8,19,17,24.0,11,13,15.0
3,Year/Year,,0.0%,4.0%,0.2%,0.017,-0.2%,1.1%,-0.01,-4.6%,4.2%,1.2%,11.6%,15.2%,3.9%,1993,3.4%,7.8%,16.3%,57.1%,40.7%,0.031,1.9%,-2.5%,0.021
4,Opponent,82.0,19830,3438,7116,0.483,1529,2050,0.746,1158,2411,3569,2130,1872,8650,1993,686,384,1334,245,726,0.337,3193,6390,0.5
5,Opponent/G,,241.8,41.9,86.8,0.483,18.6,25.0,0.746,14.1,29.4,43.5,26.0,22.8,105.5,1993,8.4,4.7,16.3,3.0,8.9,0.337,38.9,77.9,0.5
6,Lg Rank,,9,21,16,21.0,6,6,8.0,18,17,19,23,16,14,1993,12,7,11,13,11,15.0,20,17,21.0
7,Year/Year,,0.0%,0.9%,0.3%,0.003,15.0%,17.5%,-0.016,-6.2%,1.1%,-1.4%,-2.0%,2.2%,4.0%,1993,15.5%,-1.3%,6.2%,40.8%,21.8%,0.046,-1.3%,-1.7%,0.002
0,Team,82.0,19755,3291,7316,0.45,1410,1967,0.717,1260,2204,3464,1983,1877,8233,1994,751,461,1197,241,803,0.3,3050,6513,0.468
1,Team/G,,240.9,40.1,89.2,0.45,17.2,24.0,0.717,15.4,26.9,42.2,24.2,22.9,100.4,1994,9.2,5.6,14.6,2.9,9.8,0.3,37.2,79.4,0.468
2,Lg Rank,,13,9,2,24.0,25,24,21.0,4,24,17,16,17,17,1994,8,6,4,18,14,24.0,7,3,23.0
3,Year/Year,,-0.4%,-0.5%,4.6%,-0.023,-19.0%,-14.6%,-0.039,14.2%,-3.7%,2.2%,-1.5%,5.6%,-3.7%,1994,-4.0%,7.0%,-5.5%,28.9%,28.3%,0.001,-2.3%,2.3%,-0.022
4,Opponent,82.0,19755,3337,7008,0.476,1683,2346,0.717,1284,2533,3817,2163,1659,8585,1994,664,427,1344,228,723,0.315,3109,6285,0.495
5,Opponent/G,,240.9,40.7,85.5,0.476,20.5,28.6,0.717,15.7,30.9,46.5,26.4,20.2,104.7,1994,8.1,5.2,16.4,2.8,8.8,0.315,37.9,76.6,0.495
6,Lg Rank,,13,19,15,21.0,16,18,2.0,25,23,26,24,25,19,1994,7,14,9,3,4,6.0,21,19,23.0
7,Year/Year,,-0.4%,-2.9%,-1.5%,-0.007,10.1%,14.4%,-0.028,10.9%,5.1%,6.9%,1.5%,-11.4%,-0.8%,1994,-3.2%,11.2%,0.7%,-6.9%,-0.4%,-0.022,-2.6%,-1.6%,-0.005
0,Team,82.0,19905,3284,7088,0.463,1523,2072,0.735,1126,2316,3442,2078,1933,8616,1995,750,563,1243,525,1492,0.352,2759,5596,0.493
1,Team/G,,242.7,40.0,86.4,0.463,18.6,25.3,0.735,13.7,28.2,42.0,25.3,23.6,105.1,1995,9.1,6.9,15.2,6.4,18.2,0.352,33.6,68.2,0.493
2,Lg Rank,,5,4,3,16.0,21,20,16.0,6,16,8,5,13,7,1995,5,3,6,7,5,19.0,8,7,13.0
3,Year/Year,,0.8%,-0.2%,-3.1%,0.013,8.0%,5.3%,0.018,-10.6%,5.1%,-0.6%,4.8%,3.0%,4.7%,1995,-0.1%,22.1%,3.8%,117.8%,85.8%,0.052,-9.5%,-14.1%,0.025
4,Opponent,82.0,19905,3299,7050,0.468,1580,2233,0.708,1283,2474,3757,2203,1807,8634,1995,644,489,1390,456,1294,0.352,2843,5756,0.494
5,Opponent/G,,242.7,40.2,86.0,0.468,19.3,27.2,0.708,15.6,30.2,45.8,26.9,22.0,105.3,1995,7.9,6.0,17.0,5.6,15.8,0.352,34.7,70.2,0.494
6,Lg Rank,,5,23,24,17.0,13,15,1.0,27,24,27,26,23,21,1995,8,23,4,16,20,10.0,24,23,17.0
7,Year/Year,,0.8%,-1.1%,0.6%,-0.008,-6.1%,-4.8%,-0.01,-0.1%,-2.3%,-1.6%,1.8%,8.9%,0.6%,1995,-3.0%,14.5%,3.4%,100.0%,79.0%,0.037,-8.6%,-8.4%,-0.001
0,Team,82.0,19680,3216,6706,0.48,1529,2049,0.746,995,2303,3298,2080,1702,8438,1996,722,516,1163,477,1359,0.351,2739,5347,0.512
1,Team/G,,240.0,39.2,81.8,0.48,18.6,25.0,0.746,12.1,28.1,40.2,25.4,20.8,102.9,1996,8.8,6.3,14.2,5.8,16.6,0.351,33.4,65.2,0.512
2,Lg Rank,,29,2,5,6.0,19,20,13.0,15,18,18,2,2,7,1996,6,4,3,18,12,22.0,4,14,3.0
3,Year/Year,,-1.1%,-2.1%,-5.4%,0.016,0.4%,-1.1%,0.011,-11.6%,-0.6%,-4.2%,0.1%,-12.0%,-2.1%,1996,-3.7%,-8.3%,-6.4%,-9.1%,-8.9%,-0.001,-0.7%,-4.4%,0.019
4,Opponent,82.0,19680,3118,6806,0.458,1395,1891,0.738,1146,2316,3462,2006,1806,8073,1996,588,483,1334,442,1203,0.367,2676,5603,0.478
5,Opponent/G,,240.0,38.0,83.0,0.458,17.0,23.1,0.738,14.0,28.2,42.2,24.5,22.0,98.5,1996,7.2,5.9,16.3,5.4,14.7,0.367,32.6,68.3,0.478
6,Lg Rank,,29,21,24,12.0,2,3,11.0,28,13,22,25,24,13,1996,7,24,11,5,5,17.0,22,27,12.0
7,Year/Year,,-1.1%,-5.5%,-3.5%,-0.01,-11.7%,-15.3%,0.03,-10.7%,-6.4%,-7.9%,-8.9%,-0.1%,-6.5%,1996,-8.7%,-1.2%,-4.0%,-3.1%,-7.0%,0.015,-5.9%,-2.7%,-0.016
0,Team,82.0,19930,3018,6642,0.454,1613,2330,0.692,1092,2414,3506,1845,1818,8200,1997,740,575,1222,551,1500,0.367,2467,5142,0.48
1,Team/G,,243.0,36.8,81.0,0.454,19.7,28.4,0.692,13.3,29.4,42.8,22.5,22.2,100.0,1997,9.0,7.0,14.9,6.7,18.3,0.367,30.1,62.7,0.48
2,Lg Rank,,1,7,9,15.0,9,4,29.0,8,7,5,11,16,8,1997,4,1,6,10,8,10.0,14,15,16.0
3,Year/Year,,1.3%,-6.2%,-1.0%,-0.025,5.5%,13.7%,-0.054,9.7%,4.8%,6.3%,-11.3%,6.8%,-2.8%,1997,2.5%,11.4%,5.1%,15.5%,10.4%,0.016,-9.9%,-3.8%,-0.032
4,Opponent,82.0,19930,2922,6619,0.441,1527,2126,0.718,1110,2368,3478,1880,1934,7850,1997,620,388,1341,479,1379,0.347,2443,5240,0.466
5,Opponent/G,,243.0,35.6,80.7,0.441,18.6,25.9,0.718,13.5,28.9,42.4,22.9,23.6,95.7,1997,7.6,4.7,16.4,5.8,16.8,0.347,29.8,63.9,0.466
6,Lg Rank,,1,11,19,10.0,14,16,1.0,27,20,20,21,4,12,1997,5,11,5,9,15,7.0,12,17,9.0
7,Year/Year,,1.3%,-6.3%,-2.7%,-0.017,9.5%,12.4%,-0.019,-3.1%,2.2%,0.5%,-6.3%,7.1%,-2.8%,1997,5.4%,-19.7%,0.5%,8.4%,14.6%,-0.02,-8.7%,-6.5%,-0.011
0,Team,82.0,19830,3146,6536,0.481,1863,2743,0.679,1079,2471,3550,2009,1859,8652,1998,734,556,1256,497,1415,0.351,2649,5121,0.517
1,Team/G,,241.8,38.4,79.7,0.481,22.7,33.5,0.679,13.2,30.1,43.3,24.5,22.7,105.5,1998,9.0,6.8,15.3,6.1,17.3,0.351,32.3,62.5,0.517
2,Lg Rank,,10,2,13,2.0,2,1,29.0,13,4,5,4,16,1,1998,7,3,14,5,5,12.0,11,26,1.0
3,Year/Year,,-0.5%,4.2%,-1.6%,0.027,15.5%,17.7%,-0.013,-1.2%,2.4%,1.3%,8.9%,2.3%,5.5%,1998,-0.8%,-3.3%,2.8%,-9.8%,-5.7%,-0.016,7.4%,-0.4%,0.038
4,Opponent,82.0,19830,2984,6800,0.439,1669,2281,0.732,1123,2339,3462,1841,2151,8017,1998,660,423,1281,380,1071,0.355,2604,5729,0.455
5,Opponent/G,,241.8,36.4,82.9,0.439,20.4,27.8,0.732,13.7,28.5,42.2,22.5,26.2,97.8,1998,8.0,5.2,15.6,4.6,13.1,0.355,31.8,69.9,0.455
6,Lg Rank,,10,19,25,8.0,24,22,10.0,22,16,20,21,1,20,1998,14,19,10,19,18,19.0,15,25,8.0
7,Year/Year,,-0.5%,2.1%,2.7%,-0.003,9.3%,7.3%,0.013,1.2%,-1.2%,-0.5%,-2.1%,11.2%,2.1%,1998,6.5%,9.0%,-4.5%,-20.7%,-22.3%,0.007,6.6%,9.3%,-0.012
0,Team,50.0,12050,1841,3935,0.468,1027,1503,0.683,619,1482,2101,1095,1231,4950,1999,389,287,754,241,685,0.352,1600,3250,0.492
1,Team/G,,241.0,36.8,78.7,0.468,20.5,30.1,0.683,12.4,29.6,42.0,21.9,24.6,99.0,1999,7.8,5.7,15.1,4.8,13.7,0.352,32.0,65.0,0.492
2,Lg Rank,,19,2,15,1.0,5,2,26.0,16,11,13,7,28,2,1999,23,6,11,12,10,12.0,3,16,1.0
3,Year/Year,,-0.3%,-4.0%,-1.3%,-0.013,-9.6%,-10.1%,0.004,-5.9%,-1.6%,-2.9%,-10.6%,8.6%,-6.2%,1999,-13.1%,-15.3%,-1.5%,-20.5%,-20.6%,0.001,-0.9%,4.1%,-0.025
4,Opponent,50.0,12050,1759,3992,0.441,1064,1501,0.709,628,1403,2031,1062,1271,4799,1999,408,196,716,217,653,0.332,1542,3339,0.462
5,Opponent/G,,241.0,35.2,79.8,0.441,21.3,30.0,0.709,12.6,28.1,40.6,21.2,25.4,96.0,1999,8.2,3.9,14.3,4.3,13.1,0.332,30.8,66.8,0.462
6,Lg Rank,,19,20,22,17.0,26,27,4.0,17,10,10,17,2,25,1999,13,3,23,12,14,9.0,20,23,16.0
7,Year/Year,,-0.3%,-3.3%,-3.7%,0.002,4.6%,7.9%,-0.023,-8.3%,-1.6%,-3.8%,-5.4%,-3.1%,-1.8%,1999,1.4%,-24.0%,-8.3%,-6.3%,-0.0%,-0.022,-2.9%,-4.4%,0.007
0,Team,82.0,19805,3137,6836,0.459,1649,2368,0.696,1117,2738,3855,1921,1841,8267,2000,613,534,1143,344,1047,0.329,2793,5789,0.482
1,Team/G,,241.5,38.3,83.4,0.459,20.1,28.9,0.696,13.6,33.4,47.0,23.4,22.5,100.8,2000,7.5,6.5,13.9,4.2,12.8,0.329,34.1,70.6,0.482
2,Lg Rank,,14,6,11,7.0,6,3,28.0,5,1,1,10,10,6,2000,19,4,5,18,17,25.0,3,8,4.0
3,Year/Year,,0.2%,3.9%,5.9%,-0.009,-2.1%,-3.9%,0.013,10.0%,12.7%,11.9%,7.0%,-8.8%,1.8%,2000,-3.9%,13.5%,-7.6%,-13.0%,-6.8%,-0.023,6.4%,8.6%,-0.01
4,Opponent,82.0,19805,2838,6824,0.416,1518,2045,0.742,1007,2531,3538,1597,2099,7566,2000,627,345,1196,372,1142,0.326,2466,5682,0.434
5,Opponent/G,,241.5,34.6,83.2,0.416,18.5,24.9,0.742,12.3,30.9,43.1,19.5,25.6,92.3,2000,7.6,4.2,14.6,4.5,13.9,0.326,30.1,69.3,0.434
6,Lg Rank,,14,6,20,1.0,14,15,7.0,14,17,18,2,2,6,2000,13,4,20,9,18,1.0,7,19,1.0
7,Year/Year,,0.2%,-1.6%,4.2%,-0.025,-13.0%,-16.9%,0.033,-2.2%,10.0%,6.2%,-8.3%,0.7%,-3.9%,2000,-6.3%,7.3%,1.9%,4.5%,6.6%,-0.007,-2.5%,3.8%,-0.028
0,Team,82.0,19905,3109,6685,0.465,1594,2333,0.683,1085,2583,3668,1888,1872,8251,2001,564,490,1184,439,1275,0.344,2670,5410,0.494
1,Team/G,,242.7,37.9,81.5,0.465,19.4,28.5,0.683,13.2,31.5,44.7,23.0,22.8,100.6,2001,6.9,6.0,14.4,5.4,15.5,0.344,32.6,66.0,0.494
2,Lg Rank,,6,4,11,3.0,10,2,29.0,4,7,5,9,17,3,2001,25,6,9,11,9,20.0,2,19,1.0
3,Year/Year,,0.5%,-0.9%,-2.2%,0.006,-3.3%,-1.5%,-0.013,-2.9%,-5.7%,-4.9%,-1.7%,1.7%,-0.2%,2001,-8.0%,-8.2%,3.6%,27.6%,21.8%,0.016,-4.4%,-6.5%,0.011
4,Opponent,82.0,19905,2983,6815,0.438,1595,2114,0.754,981,2407,3388,1659,2002,7974,2001,619,324,1073,413,1168,0.354,2570,5647,0.455
5,Opponent/G,,242.7,36.4,83.1,0.438,19.5,25.8,0.754,12.0,29.4,41.3,20.2,24.4,97.2,2001,7.5,4.0,13.1,5.0,14.2,0.354,31.3,68.9,0.455
6,Lg Rank,,6,19,26,11.0,18,17,21.0,13,5,7,6,3,23,2001,11,1,28,18,20,15.0,18,22,12.0
7,Year/Year,,0.5%,5.1%,-0.1%,0.022,5.1%,3.4%,0.012,-2.6%,-4.9%,-4.2%,3.9%,-4.6%,5.4%,2001,-1.3%,-6.1%,-10.3%,11.0%,2.3%,0.028,4.2%,-0.6%,0.021
0,Team,82.0,19780,3150,6840,0.461,1494,2138,0.699,1022,2607,3629,1882,1823,8304,2002,625,478,1040,510,1439,0.354,2640,5401,0.489
1,Team/G,,241.2,38.4,83.4,0.461,18.2,26.1,0.699,12.5,31.8,44.3,23.0,22.2,101.3,2002,7.6,5.8,12.7,6.2,17.5,0.354,32.2,65.9,0.489
2,Lg Rank,,20,4,8,6.0,12,6,29.0,14,2,3,9,22,3,2002,18,8,2,6,7,13.0,6,18,3.0
3,Year/Year,,-0.6%,1.3%,2.3%,-0.005,-6.3%,-8.4%,0.016,-5.8%,0.9%,-1.1%,-0.3%,-2.6%,0.6%,2002,10.8%,-2.4%,-12.2%,16.2%,12.9%,0.01,-1.1%,-0.2%,-0.005
4,Opponent,82.0,19780,2872,6777,0.424,1577,2072,0.761,1016,2526,3542,1643,1890,7720,2002,587,354,1148,399,1259,0.317,2473,5518,0.448
5,Opponent/G,,241.2,35.0,82.6,0.424,19.2,25.3,0.761,12.4,30.8,43.2,20.0,23.0,94.1,2002,7.2,4.3,14.0,4.9,15.4,0.317,30.2,67.3,0.448
6,Lg Rank,,20,8,20,1.0,24,22,24.0,18,21,21,8,4,9,2002,5,3,20,8,21,1.0,9,19,5.0
7,Year/Year,,-0.6%,-3.7%,-0.6%,-0.014,-1.1%,-2.0%,0.007,3.6%,4.9%,4.5%,-1.0%,-5.6%,-3.2%,2002,-5.2%,9.3%,7.0%,-3.4%,7.8%,-0.037,-3.8%,-2.3%,-0.007
0,Team,82.0,19930,3091,6856,0.451,1562,2129,0.734,1078,2554,3632,1909,1874,8230,2003,639,470,1192,486,1367,0.356,2605,5489,0.475
1,Team/G,,243.0,37.7,83.6,0.451,19.0,26.0,0.734,13.1,31.1,44.3,23.3,22.9,100.4,2003,7.8,5.7,14.5,5.9,16.7,0.356,31.8,66.9,0.475
2,Lg Rank,,1,4,4,9.0,12,8,25.0,5,7,4,5,25,4,2003,15,7,12,8,7,10.0,9,13,8.0
3,Year/Year,,0.8%,-1.9%,0.2%,-0.01,4.6%,-0.4%,0.035,5.5%,-2.0%,0.1%,1.4%,2.8%,-0.9%,2003,2.2%,-1.7%,14.6%,-4.7%,-5.0%,0.001,-1.3%,1.6%,-0.014
4,Opponent,82.0,19930,2976,6725,0.443,1622,2133,0.76,957,2495,3452,1753,1916,8039,2003,644,311,1190,465,1223,0.38,2511,5502,0.456
5,Opponent/G,,243.0,36.3,82.0,0.443,19.8,26.0,0.76,11.7,30.4,42.1,21.4,23.4,98.0,2003,7.9,3.8,14.5,5.7,14.9,0.38,30.6,67.1,0.456
6,Lg Rank,,1,18,21,17.0,23,23,18.0,13,18,14,12,4,23,2003,15,2,17,25,16,29.0,16,18,10.0
7,Year/Year,,0.8%,3.6%,-0.8%,0.019,2.9%,2.9%,-0.001,-5.8%,-1.2%,-2.5%,6.7%,1.4%,4.1%,2003,9.7%,-12.1%,3.7%,16.5%,-2.9%,0.063,1.5%,-0.3%,0.008
0,Team,82.0,19855,3028,6676,0.454,1631,2352,0.693,1001,2535,3536,1948,1732,8052,2004,682,379,1132,365,1115,0.327,2663,5561,0.479
1,Team/G,,242.1,36.9,81.4,0.454,19.9,28.7,0.693,12.2,30.9,43.1,23.8,21.1,98.2,2004,8.3,4.6,13.8,4.5,13.6,0.327,32.5,67.8,0.479
2,Lg Rank,,7,4,7,4.0,5,1,28.0,15,7,6,4,14,3,2004,10,21,5,22,20,25.0,4,5,3.0
3,Year/Year,,-0.4%,-2.0%,-2.6%,0.003,4.4%,10.5%,-0.04,-7.1%,-0.7%,-2.6%,2.0%,-7.6%,-2.2%,2004,6.7%,-19.4%,-5.0%,-24.9%,-18.4%,-0.028,2.2%,1.3%,0.004
4,Opponent,82.0,19855,2920,6640,0.44,1472,1964,0.749,922,2558,3480,1708,2024,7732,2004,616,308,1254,420,1247,0.337,2500,5393,0.464
5,Opponent/G,,242.1,35.6,81.0,0.44,18.0,24.0,0.749,11.2,31.2,42.4,20.8,24.7,94.3,2004,7.5,3.8,15.3,5.1,15.2,0.337,30.5,65.8,0.464
6,Lg Rank,,7,16,19,16.0,15,13,16.0,7,25,15,12,1,16,2004,8,2,11,14,18,7.0,19,16,18.0
7,Year/Year,,-0.4%,-1.9%,-1.3%,-0.003,-9.2%,-7.9%,-0.011,-3.7%,2.5%,0.8%,-2.6%,5.6%,-3.8%,2004,-4.3%,-1.0%,5.4%,-9.7%,2.0%,-0.043,-0.4%,-2.0%,0.007
0,Team,82.0,19780,2895,6629,0.437,1661,2137,0.777,1028,2511,3539,1672,1794,8095,2005,508,344,1176,644,1813,0.355,2251,4816,0.467
1,Team/G,,241.2,35.3,80.8,0.437,20.3,26.1,0.777,12.5,30.6,43.2,20.4,21.9,98.7,2005,6.2,4.2,14.3,7.9,22.1,0.355,27.5,58.7,0.467
2,Lg Rank,,19,21,12,23.0,12,14,9.0,10,9,5,22,7,12,2005,29,21,17,4,3,15.0,28,27,16.0
3,Year/Year,,-0.4%,-4.4%,-0.7%,-0.017,1.8%,-9.1%,0.084,2.7%,-0.9%,0.1%,-14.2%,3.6%,0.5%,2005,-25.5%,-9.2%,3.9%,76.4%,62.6%,0.028,-15.5%,-13.4%,-0.011
4,Opponent,82.0,19780,3141,6928,0.453,1507,1931,0.78,1023,2453,3476,2001,1814,8338,2005,627,420,965,549,1522,0.361,2592,5406,0.479
5,Opponent/G,,241.2,38.3,84.5,0.453,18.4,23.5,0.78,12.5,29.9,42.4,24.4,22.1,101.7,2005,7.6,5.1,11.8,6.7,18.6,0.361,31.6,65.9,0.479
6,Lg Rank,,19,28,28,20.0,7,5,30.0,22,18,21,30,19,27,2005,19,22,29,29,29,16.0,23,21,21.0
7,Year/Year,,-0.4%,7.6%,4.3%,0.014,2.4%,-1.7%,0.031,11.0%,-4.1%,-0.1%,17.2%,-10.4%,7.8%,2005,1.8%,36.4%,-23.0%,30.7%,22.1%,0.024,3.7%,0.2%,0.016
0,Team,82.0,19855,2992,6607,0.453,1618,2172,0.745,970,2488,3458,1734,1894,8154,2006,628,350,1143,552,1583,0.349,2440,5024,0.486
1,Team/G,,242.1,36.5,80.6,0.453,19.7,26.5,0.745,11.8,30.3,42.2,21.1,23.1,99.4,2006,7.7,4.3,13.9,6.7,19.3,0.349,29.8,61.3,0.486
2,Lg Rank,,13,10,9,19.0,17,17,15.0,10,10,7,9,18,7,2006,5,20,10,8,5,19.0,20,21,9.0
3,Year/Year,,0.4%,3.4%,-0.3%,0.016,-2.6%,1.6%,-0.032,-5.6%,-0.9%,-2.3%,3.7%,5.6%,0.7%,2006,23.6%,1.7%,-2.8%,-14.3%,-12.7%,-0.007,8.4%,4.3%,0.018
4,Opponent,82.0,19855,2945,6547,0.45,1585,2123,0.747,893,2399,3292,1730,1925,7949,2006,536,354,1158,474,1342,0.353,2471,5205,0.475
5,Opponent/G,,242.1,35.9,79.8,0.45,19.3,25.9,0.747,10.9,29.3,40.1,21.1,23.5,96.9,2006,6.5,4.3,14.1,5.8,16.4,0.353,30.1,63.5,0.475
6,Lg Rank,,13,16,23,12.0,13,13,19.0,13,9,9,17,8,15,2006,4,7,18,15,17,12.0,14,19,12.0
7,Year/Year,,0.4%,-6.2%,-5.5%,-0.004,5.2%,9.9%,-0.034,-12.7%,-2.2%,-5.3%,-13.5%,6.1%,-4.7%,2006,-14.5%,-15.7%,20.0%,-13.7%,-11.8%,-0.008,-4.7%,-3.7%,-0.005
0,Team,82.0,20030,3103,6664,0.466,1660,2221,0.747,886,2495,3381,1850,1889,8474,2007,600,421,1273,608,1724,0.353,2495,4940,0.505
1,Team/G,,244.3,37.8,81.3,0.466,20.2,27.1,0.747,10.8,30.4,41.2,22.6,23.0,103.3,2007,7.3,5.1,15.5,7.4,21.0,0.353,30.4,60.2,0.505
2,Lg Rank,,1,5,7,6.0,11,9,18.0,21,12,11,6,20,5,2007,10,9,19,5,4,16.0,17,25,2.0
3,Year/Year,,0.9%,3.7%,0.9%,0.013,2.6%,2.3%,0.002,-8.7%,0.3%,-2.2%,6.7%,-0.3%,3.9%,2007,-4.5%,20.3%,11.4%,10.1%,8.9%,0.004,2.3%,-1.7%,0.019
4,Opponent,82.0,20030,3097,6719,0.461,1763,2320,0.76,955,2508,3463,1798,1916,8480,2007,649,409,1208,523,1462,0.358,2574,5257,0.49
5,Opponent/G,,244.3,37.8,81.9,0.461,21.5,28.3,0.76,11.6,30.6,42.2,21.9,23.4,103.4,2007,7.9,5.0,14.7,6.4,17.8,0.358,31.4,64.1,0.49
6,Lg Rank,,1,22,26,18.0,25,25,24.0,21,23,22,20,8,25,2007,26,21,19,20,19,18.0,24,26,18.0
7,Year/Year,,0.9%,5.2%,2.6%,0.011,11.2%,9.3%,0.013,6.9%,4.5%,5.2%,3.9%,-0.5%,6.7%,2007,21.1%,15.5%,4.3%,10.3%,8.9%,0.005,4.2%,1.0%,0.015
0,Team,82.0,19780,3248,6818,0.476,1746,2270,0.769,898,2722,3620,2003,1691,8904,2008,654,438,1156,662,1751,0.378,2586,5067,0.51
1,Team/G,,241.2,39.6,83.1,0.476,21.3,27.7,0.769,11.0,33.2,44.1,24.4,20.6,108.6,2008,8.0,5.3,14.1,8.1,21.4,0.378,31.5,61.8,0.51
2,Lg Rank,,18,5,6,3.0,3,5,10.0,19,1,4,4,15,4,2008,6,5,11,5,6,6.0,9,21,4.0
3,Year/Year,,-1.2%,4.7%,2.3%,0.011,5.2%,2.2%,0.022,1.4%,9.1%,7.1%,8.3%,-10.5%,5.1%,2008,9.0%,4.0%,-9.2%,8.9%,1.6%,0.025,3.6%,2.6%,0.005
4,Opponent,82.0,19780,3127,7022,0.445,1501,1995,0.752,988,2521,3509,1793,1850,8309,2008,634,368,1168,554,1531,0.362,2573,5491,0.469
5,Opponent/G,,241.2,38.1,85.6,0.445,18.3,24.3,0.752,12.0,30.7,42.8,21.9,22.6,101.3,2008,7.7,4.5,14.2,6.8,18.7,0.362,31.4,67.0,0.469
6,Lg Rank,,18,22,26,6.0,13,12,13.0,26,16,21,14,5,19,2008,22,12,10,18,18,15.0,21,27,6.0
7,Year/Year,,-1.2%,1.0%,4.5%,-0.016,-14.9%,-14.0%,-0.008,3.5%,0.5%,1.3%,-0.3%,-3.4%,-2.0%,2008,-2.3%,-10.0%,-3.3%,5.9%,4.7%,0.004,-0.0%,4.5%,-0.021
0,Team,82.0,19780,3307,6981,0.474,1607,2087,0.77,1015,2587,3602,1908,1698,8768,2009,718,420,1103,547,1516,0.361,2760,5465,0.505
1,Team/G,,241.2,40.3,85.1,0.474,19.6,25.5,0.77,12.4,31.5,43.9,23.3,20.7,106.9,2009,8.8,5.1,13.5,6.7,18.5,0.361,33.7,66.6,0.505
2,Lg Rank,,21,2,4,4.0,11,8,14.0,3,6,1,2,17,3,2009,2,10,11,17,15,19.0,2,6,3.0
3,Year/Year,,0.0%,1.8%,2.4%,-0.003,-8.0%,-8.1%,0.001,13.0%,-5.0%,-0.5%,-4.7%,0.4%,-1.5%,2009,9.8%,-4.1%,-4.6%,-17.4%,-13.4%,-0.017,6.7%,7.9%,-0.005
4,Opponent,82.0,19780,3050,6825,0.447,1454,1931,0.753,959,2440,3399,1854,1816,8140,2009,635,392,1275,586,1700,0.345,2464,5125,0.481
5,Opponent/G,,241.2,37.2,83.2,0.447,17.7,23.5,0.753,11.7,29.8,41.5,22.6,22.1,99.3,2009,7.7,4.8,15.5,7.1,20.7,0.345,30.0,62.5,0.481
6,Lg Rank,,21,18,24,6.0,9,13,2.0,24,11,19,26,8,13,2009,21,14,4,24,28,3.0,12,16,10.0
7,Year/Year,,0.0%,-2.5%,-2.8%,0.002,-3.1%,-3.2%,0.001,-2.9%,-3.2%,-3.1%,3.4%,-1.8%,-2.0%,2009,0.2%,6.5%,9.2%,5.8%,11.0%,-0.017,-4.2%,-6.7%,0.012
0,Team,82.0,19830,3144,6875,0.457,1519,1985,0.765,973,2662,3635,1730,1592,8339,2010,612,400,1096,532,1562,0.341,2612,5313,0.492
1,Team/G,,241.8,38.3,83.8,0.457,18.5,24.2,0.765,11.9,32.5,44.3,21.1,19.4,101.7,2010,7.5,4.9,13.4,6.5,19.0,0.341,31.9,64.8,0.492
2,Lg Rank,,12,9,7,18.0,17,17,12.0,4,4,2,15,4,12,2010,11,16,6,13,10,24.0,11,13,14.0
3,Year/Year,,0.3%,-4.9%,-1.5%,-0.016,-5.5%,-4.9%,-0.005,-4.1%,2.9%,0.9%,-9.3%,-6.2%,-4.9%,2010,-14.8%,-4.8%,-0.6%,-2.7%,3.0%,-0.02,-5.4%,-2.8%,-0.013
4,Opponent,82.0,19830,3050,6840,0.446,1332,1776,0.75,914,2546,3460,1792,1737,7952,2010,573,363,1159,520,1585,0.328,2530,5255,0.481
5,Opponent/G,,241.8,37.2,83.4,0.446,16.2,21.7,0.75,11.1,31.0,42.2,21.9,21.2,97.0,2010,7.0,4.4,14.1,6.3,19.3,0.328,30.9,64.1,0.481
6,Lg Rank,,12,14,23,5.0,2,2,7.0,17,20,18,21,12,9,2010,10,9,18,11,25,1.0,13,16,12.0
7,Year/Year,,0.3%,0.0%,0.2%,-0.001,-8.4%,-8.0%,-0.003,-4.7%,4.3%,1.8%,-3.3%,-4.4%,-2.3%,2010,-9.8%,-7.4%,-9.1%,-11.3%,-6.8%,-0.017,2.7%,2.5%,0.001
0,Team,82.0,19830,3128,6757,0.463,1541,1979,0.779,989,2616,3605,1801,1555,8321,2011,602,422,1073,524,1487,0.352,2604,5270,0.494
1,Team/G,,241.8,38.1,82.4,0.463,18.8,24.1,0.779,12.1,31.9,44.0,22.0,19.0,101.5,2011,7.3,5.1,13.1,6.4,18.1,0.352,31.8,64.3,0.494
2,Lg Rank,,12,10,11,11.0,10,17,7.0,5,7,3,13,2,9,2011,14,10,5,12,14,17.0,8,11,11.0
3,Year/Year,,0.0%,-0.5%,-1.7%,0.006,1.4%,-0.3%,0.013,1.6%,-1.7%,-0.8%,4.1%,-2.3%,-0.2%,2011,-1.6%,5.5%,-2.1%,-1.5%,-4.8%,0.012,-0.3%,-0.8%,0.002
4,Opponent,82.0,19830,3008,6888,0.437,1246,1628,0.765,1002,2399,3401,1827,1700,7820,2011,585,372,1116,558,1668,0.335,2450,5220,0.469
5,Opponent/G,,241.8,36.7,84.0,0.437,15.2,19.9,0.765,12.2,29.3,41.5,22.3,20.7,95.4,2011,7.1,4.5,13.6,6.8,20.3,0.335,29.9,63.7,0.469
6,Lg Rank,,12,13,27,5.0,1,1,16.0,29,7,19,22,18,8,2011,12,11,23,20,28,3.0,11,20,5.0
7,Year/Year,,0.0%,-1.4%,0.7%,-0.009,-6.5%,-8.3%,0.015,9.6%,-5.8%,-1.7%,2.0%,-2.1%,-1.7%,2011,2.1%,2.5%,-3.7%,7.3%,5.2%,0.006,-3.2%,-0.7%,-0.012
0,Team,66.0,16065,2429,5319,0.457,1202,1589,0.756,799,2251,3050,1485,1109,6422,2012,390,351,997,362,1112,0.326,2067,4207,0.491
1,Team/G,,243.4,36.8,80.6,0.457,18.2,24.1,0.756,12.1,34.1,46.2,22.5,16.8,97.3,2012,5.9,5.3,15.1,5.5,16.8,0.326,31.3,63.7,0.491
2,Lg Rank,,3,14,22,8.0,8,9,16.0,9,1,2,7,1,15,2012,30,11,20,23,19,26.0,8,13,6.0
3,Year/Year,,0.7%,-3.5%,-2.2%,-0.006,-3.1%,-0.2%,-0.022,0.4%,6.9%,5.1%,2.4%,-11.4%,-4.1%,2012,-19.5%,3.3%,15.4%,-14.2%,-7.1%,-0.027,-1.4%,-0.8%,-0.003
4,Opponent,66.0,16065,2492,5703,0.437,901,1215,0.742,758,1946,2704,1446,1332,6328,2012,556,302,745,443,1274,0.348,2049,4429,0.463
5,Opponent/G,,243.4,37.8,86.4,0.437,13.7,18.4,0.742,11.5,29.5,41.0,21.9,20.2,95.9,2012,8.4,4.6,11.3,6.7,19.3,0.348,31.0,67.1,0.463
6,Lg Rank,,3,22,30,9.0,1,1,6.0,19,7,9,23,10,15,2012,28,8,30,23,25,14.0,22,28,7.0
7,Year/Year,,0.7%,2.9%,2.9%,0.0,-10.2%,-7.3%,-0.024,-6.0%,0.8%,-1.2%,-1.7%,-2.7%,0.5%,2012,18.1%,0.9%,-17.1%,-1.4%,-5.1%,0.013,3.9%,5.4%,-0.007
0,Team,82.0,19755,3041,6640,0.458,1584,2289,0.692,942,2732,3674,1818,1467,8381,2013,576,429,1232,715,2015,0.355,2326,4625,0.503
1,Team/G,,240.9,37.1,81.0,0.458,19.3,27.9,0.692,11.5,33.3,44.8,22.2,17.9,102.2,2013,7.0,5.2,15.0,8.7,24.6,0.355,28.4,56.4,0.503
2,Lg Rank,,24,16,22,10.0,2,1,30.0,14,2,4,17,2,6,2013,25,14,22,4,3,19.0,26,27,7.0
3,Year/Year,,-1.0%,0.8%,0.5%,0.001,6.1%,15.9%,-0.064,-5.1%,-2.3%,-3.0%,-1.5%,6.5%,5.0%,2013,18.9%,-1.6%,-0.5%,59.0%,45.8%,0.029,-9.4%,-11.5%,0.012
4,Opponent,82.0,19755,3253,7180,0.453,1167,1594,0.732,947,2551,3498,1918,1891,8286,2013,696,396,1061,613,1718,0.357,2640,5462,0.483
5,Opponent/G,,240.9,39.7,87.6,0.453,14.2,19.4,0.732,11.5,31.1,42.7,23.4,23.1,101.0,2013,8.5,4.8,12.9,7.5,21.0,0.357,32.2,66.6,0.483
6,Lg Rank,,24,30,30,14.0,2,2,3.0,23,14,19,23,1,22,2013,29,13,29,18,20,14.0,29,29,15.0
7,Year/Year,,-1.0%,5.1%,1.3%,0.016,4.3%,5.6%,-0.009,0.6%,5.5%,4.1%,6.8%,14.3%,5.4%,2013,0.8%,5.5%,14.6%,11.4%,8.5%,0.009,3.7%,-0.7%,0.021
0,Team,82.0,19705,3139,6980,0.45,1390,1835,0.757,745,2620,3365,2006,1627,8442,2014,611,446,1239,774,2032,0.381,2365,4948,0.478
1,Team/G,,240.3,38.3,85.1,0.45,17.0,22.4,0.757,9.1,32.0,41.0,24.5,19.8,103.0,2014,7.5,5.4,15.1,9.4,24.8,0.381,28.8,60.3,0.478
2,Lg Rank,,30,13,7,14.0,19,20,17.0,27,15,25,4,9,11,2014,19,5,21,2,7,3.0,24,21,19.0
3,Year/Year,,-0.3%,3.2%,5.1%,-0.008,-12.2%,-19.8%,0.065,-20.9%,-4.1%,-8.4%,10.3%,10.9%,0.7%,2014,6.1%,4.0%,0.6%,8.3%,0.8%,0.026,1.7%,7.0%,-0.025
4,Opponent,82.0,19705,3440,7350,0.468,1412,1942,0.727,1068,2950,4018,2112,1580,8958,2014,790,387,1164,666,1843,0.361,2774,5507,0.504
5,Opponent/G,,240.3,42.0,89.6,0.468,17.2,23.7,0.727,13.0,36.0,49.0,25.8,19.3,109.2,2014,9.6,4.7,14.2,8.1,22.5,0.361,33.8,67.2,0.504
6,Lg Rank,,30,30,30,26.0,12,14,2.0,30,30,30,29,27,29,2014,30,16,19,20,22,17.0,30,29,25.0
7,Year/Year,,-0.3%,5.7%,2.4%,0.015,21.0%,21.8%,-0.005,12.8%,15.6%,14.9%,10.1%,-16.4%,8.1%,2014,13.5%,-2.3%,9.7%,8.6%,7.3%,0.005,5.1%,0.8%,0.02
0,Team,82.0,19930,3054,7020,0.435,1433,1935,0.741,952,2647,3599,1715,1741,8073,2015,578,366,1086,532,1546,0.344,2522,5474,0.461
1,Team/G,,243.0,37.2,85.6,0.435,17.5,23.6,0.741,11.6,32.3,43.9,20.9,21.2,98.5,2015,7.0,4.5,13.2,6.5,18.9,0.344,30.8,66.8,0.461
2,Lg Rank,,3,19,9,25.0,12,11,23.0,8,13,12,21,21,19,2015,22,22,5,25,25,17.0,12,3,27.0
3,Year/Year,,1.1%,-2.7%,0.6%,-0.015,3.1%,5.4%,-0.017,27.8%,1.0%,7.0%,-14.5%,7.0%,-4.4%,2015,-5.4%,-17.9%,-12.3%,-31.3%,-23.9%,-0.037,6.6%,10.6%,-0.017
4,Opponent,82.0,19930,3180,6817,0.466,1577,2118,0.745,824,2797,3621,1966,1589,8634,2015,611,396,1068,697,1921,0.363,2483,4896,0.507
5,Opponent/G,,243.0,38.8,83.1,0.466,19.2,25.8,0.745,10.0,34.1,44.2,24.0,19.4,105.3,2015,7.5,4.8,13.0,8.5,23.4,0.363,30.3,59.7,0.507
6,Lg Rank,,3,28,13,29.0,29,29,9.0,6,27,22,29,23,29,2015,10,17,24,26,23,26.0,18,8,29.0
7,Year/Year,,1.1%,-7.6%,-7.3%,-0.002,11.7%,9.1%,0.017,-22.8%,-5.2%,-9.9%,-6.9%,0.6%,-3.6%,2015,-22.7%,2.3%,-8.2%,4.7%,4.2%,0.001,-10.5%,-11.1%,0.003
0,Team,82.0,19730,2880,6956,0.414,1583,2028,0.781,878,2645,3523,1478,1662,7982,2016,593,337,1124,639,2016,0.317,2241,4940,0.454
1,Team/G,,240.6,35.1,84.8,0.414,19.3,24.7,0.781,10.7,32.3,43.0,18.0,20.3,97.3,2016,7.2,4.1,13.7,7.8,24.6,0.317,27.3,60.2,0.454
2,Lg Rank,,28,30,14,30.0,6,8,11.0,11,24,21,30,13,30,2016,23,24,11,22,13,30.0,27,17,30.0
3,Year/Year,,-1.0%,-5.7%,-0.9%,-0.021,10.5%,4.8%,0.04,-7.8%,-0.1%,-2.1%,-13.8%,-4.5%,-1.1%,2016,2.6%,-7.9%,3.5%,20.1%,30.4%,-0.027,-11.1%,-9.8%,-0.007
4,Opponent,82.0,19730,3323,7023,0.473,1420,1942,0.731,897,2915,3812,2022,1573,8766,2016,617,458,1037,700,2016,0.347,2623,5007,0.524
5,Opponent/G,,240.6,40.5,85.6,0.473,17.3,23.7,0.731,10.9,35.5,46.5,24.7,19.2,106.9,2016,7.5,5.6,12.6,8.5,24.6,0.347,32.0,61.1,0.524
6,Lg Rank,,28,28,24,29.0,13,16,1.0,20,28,27,30,24,27,2016,11,25,28,15,17,11.0,30,18,29.0
7,Year/Year,,-1.0%,4.5%,3.0%,0.007,-10.0%,-8.3%,-0.013,8.9%,4.2%,5.3%,2.8%,-1.0%,1.5%,2016,1.0%,15.7%,-2.9%,0.4%,4.9%,-0.016,5.6%,2.3%,0.017
0,Team,82.0,19705,3224,7164,0.45,1397,1853,0.754,933,2636,3569,1716,1698,8575,2017,674,320,1243,730,2110,0.346,2494,5054,0.493
1,Team/G,,240.3,39.3,87.4,0.45,17.0,22.6,0.754,11.4,32.1,43.5,20.9,20.7,104.6,2017,8.2,3.9,15.2,8.9,25.7,0.346,30.4,61.6,0.493
2,Lg Rank,,30,13,6,21.0,23,17,21.0,7,26,17,26,22,17,2017,5,28,26,19,19,22.0,11,7,22.0
3,Year/Year,,-0.1%,11.9%,3.0%,0.036,-11.7%,-8.6%,-0.027,6.3%,-0.3%,1.3%,16.1%,2.2%,7.4%,2017,13.7%,-5.0%,10.6%,14.2%,4.7%,0.029,11.3%,2.3%,0.04
4,Opponent,82.0,19705,3405,7053,0.483,1499,1966,0.762,843,2801,3644,2110,1520,9139,2017,698,440,1188,830,2245,0.37,2575,4808,0.536
5,Opponent/G,,240.3,41.5,86.0,0.483,18.3,24.0,0.762,10.3,34.2,44.4,25.7,18.5,111.5,2017,8.5,5.4,14.5,10.1,27.4,0.37,31.4,58.6,0.536
6,Lg Rank,,30,28,17,30.0,18,19,5.0,17,23,23,30,28,28,2017,25,26,11,24,19,26.0,28,12,30.0
7,Year/Year,,-0.1%,2.5%,0.4%,0.01,5.6%,1.2%,0.031,-6.0%,-3.9%,-4.4%,4.4%,-3.4%,4.3%,2017,13.1%,-3.9%,14.6%,18.6%,11.4%,0.022,-1.8%,-4.0%,0.012
0,Team,82.0,19905,3338,7248,0.461,1364,1910,0.714,876,2927,3803,1949,1736,8862,2018,633,388,1295,822,2384,0.345,2516,4864,0.517
1,Team/G,,242.7,40.7,88.4,0.461,16.6,23.3,0.714,10.7,35.7,46.4,23.8,21.2,108.1,2018,7.7,4.7,15.8,10.0,29.1,0.345,30.7,59.3,0.517
2,Lg Rank,,3,7,2,14.0,16,8,30.0,4,2,2,7,24,11,2018,13,17,29,20,15,29.0,8,8,11.0
3,Year/Year,,1.0%,3.5%,1.2%,0.011,-2.4%,3.1%,-0.04,-6.1%,11.0%,6.6%,13.6%,2.2%,3.3%,2018,-6.1%,21.3%,4.2%,12.6%,13.0%,-0.001,0.9%,-3.8%,0.024
4,Opponent,82.0,19905,3366,7374,0.456,1402,1843,0.761,840,2835,3675,1932,1679,8989,2018,682,447,1170,855,2469,0.346,2511,4905,0.512
5,Opponent/G,,242.7,41.0,89.9,0.456,17.1,22.5,0.761,10.2,34.6,44.8,23.6,20.5,109.6,2018,8.3,5.5,14.3,10.4,30.1,0.346,30.6,59.8,0.512
6,Lg Rank,,3,24,28,10.0,20,20,10.0,23,22,24,16,9,25,2018,25,26,16,14,20,3.0,26,25,13.0
7,Year/Year,,1.0%,-1.1%,4.6%,-0.026,-6.5%,-6.3%,-0.002,-0.4%,1.2%,0.9%,-8.4%,10.5%,-1.6%,2018,-2.3%,1.6%,-1.5%,3.0%,10.0%,-0.023,-2.5%,2.0%,-0.024
0,Team,82.0,19780,3491,7425,0.47,1336,1910,0.699,835,2985,3820,2096,1701,9165,2019,618,440,1284,847,2541,0.333,2644,4884,0.541
1,Team/G,,241.2,42.6,90.5,0.47,16.3,23.3,0.699,10.2,36.4,46.6,25.6,20.7,111.8,2019,7.5,5.4,15.7,10.3,31.0,0.333,32.2,59.6,0.541
2,Lg Rank,,18,6,8,9.0,24,14,29.0,15,4,6,11,13,16,2019,16,8,29,20,17,29.0,3,10,5.0
3,Year/Year,,-0.6%,4.6%,2.4%,0.01,-2.1%,0.0%,-0.015,-4.7%,2.0%,0.4%,7.5%,-2.0%,3.4%,2019,-2.4%,13.4%,-0.8%,3.0%,6.6%,-0.011,5.1%,0.4%,0.024
4,Opponent,82.0,19780,3438,7610,0.452,1459,1862,0.784,924,2918,3842,2053,1706,9306,2019,683,421,1167,971,2784,0.349,2467,4826,0.511
5,Opponent/G,,241.2,41.9,92.8,0.452,17.8,22.7,0.784,11.3,35.6,46.9,25.0,20.8,113.5,2019,8.3,5.1,14.2,11.8,34.0,0.349,30.1,58.9,0.511
6,Lg Rank,,18,21,28,9.0,17,14,28.0,27,23,26,21,15,21,2019,26,20,12,20,27,13.0,16,24,10.0
7,Year/Year,,-0.6%,2.1%,3.2%,-0.005,4.1%,1.0%,0.023,10.0%,2.9%,4.5%,6.3%,1.6%,3.5%,2019,0.1%,-5.8%,-0.3%,13.6%,12.8%,0.002,-1.8%,-1.6%,-0.001
0,Team,71.0,17090,3006,6269,0.48,1260,1728,0.729,757,2490,3247,1803,1471,8054,2020,612,468,1077,782,2242,0.349,2224,4027,0.552
1,Team/G,,240.7,42.3,88.3,0.48,17.7,24.3,0.729,10.7,35.1,45.7,25.4,20.7,113.4,2020,8.6,6.6,15.2,11.0,31.6,0.349,31.3,56.7,0.552
2,Lg Rank,,22,4,20,1.0,17,8,28.0,7,13,9,10,14,11,2020,5,1,22,23,23,21.0,4,9,3.0
3,Year/Year,,-0.2%,-0.6%,-2.5%,0.009,8.9%,4.5%,0.03,4.7%,-3.7%,-1.8%,-0.7%,-0.1%,1.5%,2020,14.4%,22.8%,-3.1%,6.6%,1.9%,0.015,-2.9%,-4.8%,0.011
4,Opponent,71.0,17090,2773,6187,0.448,1270,1626,0.781,668,2333,3001,1662,1544,7643,2020,585,263,1130,827,2373,0.349,1946,3814,0.51
5,Opponent/G,,240.7,39.1,87.1,0.448,17.9,22.9,0.781,9.4,32.9,42.3,23.4,21.7,107.6,2020,8.2,3.7,15.9,11.6,33.4,0.349,27.4,53.7,0.51
6,Lg Rank,,22,5,9,8.0,15,14,20.0,7,2,2,7,5,4,2020,26,1,5,9,11,7.0,7,10,8.0
7,Year/Year,,-0.2%,-6.8%,-6.1%,-0.004,0.5%,0.9%,-0.003,-16.5%,-7.7%,-9.8%,-6.5%,4.5%,-5.1%,2020,-1.1%,-27.9%,11.8%,-1.6%,-1.6%,-0.0,-8.9%,-8.7%,-0.001
0,Team,72.0,17455,2925,6197,0.472,1241,1679,0.739,695,2490,3185,1775,1377,7887,2021,562,386,1095,796,2248,0.354,2129,3949,0.539
1,Team/G,,242.4,40.6,86.1,0.472,17.2,23.3,0.739,9.7,34.6,44.2,24.7,19.1,109.5,2021,7.8,5.4,15.2,11.1,31.2,0.354,29.6,54.8,0.539
2,Lg Rank,,4,21,27,12.0,11,6,28.0,17,15,16,15,16,22,2021,11,5,28,25,24,21.0,12,12,13.0
3,Year/Year,,0.7%,-4.0%,-2.5%,-0.007,-2.9%,-4.2%,0.01,-9.5%,-1.4%,-3.3%,-2.9%,-7.7%,-3.4%,2021,-9.4%,-18.7%,0.3%,0.4%,-1.1%,0.005,-5.6%,-3.3%,-0.013
4,Opponent,72.0,17455,2862,6221,0.46,1144,1475,0.776,634,2392,3026,1776,1530,7686,2021,593,327,1095,818,2321,0.352,2044,3900,0.524
5,Opponent/G,,242.4,39.8,86.4,0.46,15.9,20.5,0.776,8.8,33.2,42.0,24.7,21.3,106.8,2021,8.2,4.5,15.2,11.4,32.2,0.352,28.4,54.2,0.524
6,Lg Rank,,4,5,6,8.0,9,8,12.0,2,9,4,13,3,2,2021,26,8,4,3,4,4.0,13,16,9.0
7,Year/Year,,0.7%,1.8%,-0.8%,0.012,-11.2%,-10.5%,-0.005,-6.4%,1.1%,-0.6%,5.4%,-2.3%,-0.8%,2021,-0.0%,22.6%,-4.4%,-2.5%,-3.5%,0.004,3.6%,0.8%,0.014
0,Team,82.0,19980,3415,7279,0.469,1380,1884,0.732,782,2826,3608,1968,1654,9192,2022,626,425,1191,982,2826,0.347,2433,4453,0.546
1,Team/G,,243.7,41.6,88.8,0.469,16.8,23.0,0.732,9.5,34.5,44.0,24.0,20.2,112.1,2022,7.6,5.2,14.5,12.0,34.5,0.347,29.7,54.3,0.546
2,Lg Rank,,1,9,10,8.0,17,9,29.0,23,12,18,17,21,11,2022,11,7,27,18,17,22.0,7,10,7.0
3,Year/Year,,0.5%,2.5%,3.1%,-0.003,-2.4%,-1.5%,-0.007,-1.2%,-0.3%,-0.5%,-2.6%,5.5%,2.3%,2022,-2.2%,-3.3%,-4.5%,8.3%,10.4%,-0.007,0.3%,-1.0%,0.007
4,Opponent,82.0,19980,3491,7424,0.47,1428,1911,0.747,902,2920,3822,2154,1647,9442,2022,684,338,1152,1032,2935,0.352,2459,4489,0.548
5,Opponent/G,,243.7,42.6,90.5,0.47,17.4,23.3,0.747,11.0,35.6,46.6,26.3,20.1,115.1,2022,8.3,4.1,14.0,12.6,35.8,0.352,30.0,54.7,0.548
6,Lg Rank,,1,28,26,22.0,20,26,1.0,23,26,25,28,9,28,2022,27,5,11,18,19,14.0,26,24,27.0
7,Year/Year,,0.5%,7.1%,4.8%,0.01,9.6%,13.8%,-0.028,24.9%,7.2%,10.9%,6.5%,-5.5%,7.9%,2022,1.3%,-9.2%,-7.6%,10.8%,11.0%,-0.001,5.6%,1.1%,0.024
0,Team,82.0,19880,3516,7298,0.482,1691,2182,0.775,818,2930,3748,2072,1466,9608,2023,526,378,1154,885,2558,0.346,2631,4740,0.555
1,Team/G,,242.4,42.9,89.0,0.482,20.6,26.6,0.775,10.0,35.7,45.7,25.3,17.9,117.2,2023,6.4,4.6,14.1,10.8,31.2,0.346,32.1,57.8,0.555
2,Lg Rank,,5,8,13,10.0,2,1,20.0,18,2,6,15,1,6,2023,26,16,15,24,26,25.0,3,8,12.0
3,Year/Year,,-0.5%,3.0%,0.3%,0.013,22.5%,15.8%,0.042,4.6%,3.7%,3.9%,5.3%,-11.4%,4.5%,2023,-16.0%,-11.1%,-3.1%,-9.9%,-9.5%,-0.002,8.1%,6.4%,0.009
4,Opponent,82.0,19880,3607,7698,0.469,1319,1706,0.773,908,2770,3678,2104,1760,9561,2023,624,416,1035,1028,2991,0.344,2579,4707,0.548
5,Opponent/G,,242.4,44.0,93.9,0.469,16.1,20.8,0.773,11.1,33.8,44.9,25.7,21.5,116.6,2023,7.6,5.1,12.6,12.5,36.5,0.344,31.5,57.4,0.548
6,Lg Rank,,5,29,30,10.0,1,1,8.0,25,25,25,15,2,20,2023,19,23,27,20,25,2.0,28,28,13.0
7,Year/Year,,-0.5%,3.3%,3.7%,-0.002,-7.6%,-10.7%,0.026,0.7%,-5.1%,-3.8%,-2.3%,6.9%,1.3%,2023,-8.8%,23.1%,-10.2%,-0.4%,1.9%,-0.008,4.9%,4.9%,0.0
