,Unnamed: 0,Rk,Player,Age,G,GS,MP,FG,FGA,FG%,3P,3PA,3P%,2P,2PA,2P%,eFG%,FT,FTA,FT%,ORB,DRB,TRB,AST,STL,BLK,TOV,PF,PTS,Year
0,0,1,Rory Sparrow,30,80,79,32.7,5.6,12.3,0.452,0.2,0.9,0.243,5.3,11.4,0.469,0.461,1.2,1.3,0.879,0.7,2.0,2.7,5.4,1.3,0.2,2.6,2.1,12.5,1989
1,1,2,Kevin Edwards,23,79,62,29.7,5.9,14.0,0.425,0.1,0.5,0.27,5.8,13.5,0.431,0.43,1.8,2.4,0.746,1.1,2.2,3.3,4.4,1.8,0.3,3.1,1.9,13.8,1989
2,2,3,Grant Long,22,82,73,29.7,4.1,8.4,0.486,0.0,0.1,0.0,4.1,8.4,0.489,0.486,3.7,5.0,0.749,2.9,3.7,6.7,1.8,1.5,0.6,2.5,4.1,11.9,1989
3,3,4,Billy Thompson,25,79,58,28.8,4.4,9.1,0.487,0.0,0.1,0.0,4.4,9.0,0.49,0.487,2.0,2.8,0.696,3.1,4.2,7.2,2.2,0.7,1.3,2.4,3.3,10.8,1989
4,4,5,Rony Seikaly,23,78,62,25.2,4.3,9.5,0.448,0.0,0.1,0.25,4.3,9.5,0.449,0.448,2.3,4.5,0.511,2.6,4.4,7.0,0.7,0.6,1.2,2.6,3.3,10.9,1989
5,5,6,Sylvester Gray,21,55,15,22.2,3.0,7.2,0.42,0.0,0.1,0.25,3.0,7.2,0.421,0.421,1.9,2.8,0.673,2.1,3.1,5.2,2.1,0.7,0.5,1.9,2.6,8.0,1989
6,6,7,Pat Cummings,32,53,28,20.7,3.7,7.4,0.5,0.0,0.0,0.0,3.7,7.4,0.503,0.5,1.4,1.8,0.742,1.6,3.7,5.3,0.9,0.5,0.3,2.1,3.0,8.8,1989
7,7,8,Jon Sundvold,27,68,8,19.7,4.5,9.9,0.455,0.7,1.4,0.522,3.8,8.6,0.444,0.49,0.7,0.8,0.825,0.3,1.0,1.3,2.0,0.4,0.0,1.3,1.1,10.4,1989
8,8,9,Pearl Washington,25,54,8,19.7,3.0,7.2,0.424,0.0,0.3,0.071,3.0,6.9,0.437,0.425,1.5,1.9,0.788,0.9,1.4,2.3,4.2,1.4,0.1,2.3,1.9,7.6,1989
9,9,10,Clinton Wheeler,29,8,0,17.9,3.0,5.3,0.571,0.0,0.0,,3.0,5.3,0.571,0.571,1.0,1.3,0.8,0.6,0.9,1.5,2.6,1.0,0.0,0.8,1.1,7.0,1989
10,10,11,Anthony Taylor,23,21,7,17.5,2.9,7.2,0.397,0.0,0.1,0.0,2.9,7.1,0.403,0.397,1.1,1.5,0.75,0.5,1.1,1.6,2.0,1.0,0.2,1.0,1.8,6.9,1989
11,11,12,Scott Hastings,28,75,6,16.1,1.9,4.4,0.436,0.1,0.4,0.321,1.8,4.0,0.447,0.45,1.2,1.4,0.85,1.0,2.1,3.1,0.8,0.4,0.6,0.9,2.7,5.1,1989
12,12,13,Kelvin Upshaw,26,9,0,16.0,2.9,7.0,0.413,0.1,0.6,0.2,2.8,6.4,0.431,0.421,0.4,0.7,0.667,0.4,1.0,1.4,2.2,0.8,0.0,1.4,2.0,6.3,1989
13,13,14,Todd Mitchell,22,22,0,14.5,1.9,4.0,0.466,0.0,0.0,,1.9,4.0,0.466,0.466,1.6,2.7,0.6,0.8,1.4,2.1,0.9,0.7,0.1,1.3,2.2,5.4,1989
14,14,15,John Shasky,24,65,4,14.5,1.9,3.8,0.488,0.0,0.0,0.0,1.9,3.8,0.492,0.488,1.8,2.6,0.689,1.5,2.1,3.6,0.3,0.2,0.2,0.7,1.4,5.5,1989
15,15,16,Craig Neal,24,32,0,10.7,1.1,2.8,0.386,0.3,0.8,0.32,0.8,2.0,0.413,0.432,0.4,0.7,0.619,0.1,0.4,0.6,2.7,0.5,0.1,1.3,1.4,2.8,1989
16,16,17,Dave Popson,24,7,0,5.4,0.7,2.1,0.333,0.0,0.0,,0.7,2.1,0.333,0.333,0.1,0.3,0.5,1.0,0.6,1.6,0.3,0.0,0.1,0.6,1.1,1.6,1989
17,0,1,Rony Seikaly,24,74,72,32.6,6.6,13.1,0.502,0.0,0.0,0.0,6.6,13.1,0.503,0.502,3.5,5.8,0.594,3.4,6.9,10.4,1.1,1.1,1.7,3.2,3.5,16.6,1990
18,1,2,Sherman Douglas,23,81,66,30.5,5.7,11.6,0.494,0.1,0.4,0.161,5.7,11.2,0.505,0.496,2.8,4.0,0.687,0.9,1.7,2.5,7.6,1.8,0.1,3.0,2.3,14.3,1990
19,2,3,Glen Rice,22,77,60,30.0,6.1,13.9,0.439,0.2,0.9,0.246,5.9,13.0,0.452,0.447,1.2,1.6,0.734,1.3,3.3,4.6,1.8,0.9,0.4,1.5,2.6,13.6,1990
20,3,4,Kevin Edwards,24,78,54,28.3,5.1,12.3,0.412,0.1,0.4,0.3,4.9,11.9,0.416,0.417,1.8,2.3,0.76,1.0,2.6,3.6,3.2,1.6,0.4,2.3,1.9,12.0,1990
21,4,5,Billy Thompson,26,79,45,27.1,4.7,9.2,0.516,0.0,0.1,0.5,4.7,9.2,0.516,0.517,1.5,2.3,0.622,3.0,4.0,7.0,2.1,0.7,1.1,2.0,3.0,11.0,1990
22,5,6,Tellis Frank,24,77,39,22.9,3.6,7.9,0.458,0.0,0.0,,3.6,7.9,0.458,0.458,2.3,3.0,0.765,2.0,3.0,5.0,1.1,0.7,0.4,1.7,3.7,9.5,1990
23,6,7,Grant Long,23,81,31,22.9,3.2,6.6,0.483,0.0,0.0,0.0,3.2,6.5,0.486,0.483,2.1,3.0,0.714,1.9,3.0,5.0,1.2,1.1,0.5,1.7,3.7,8.5,1990
24,7,8,Rory Sparrow,31,82,25,21.4,2.6,6.2,0.412,0.1,0.5,0.2,2.5,5.7,0.43,0.42,0.7,0.9,0.766,0.5,1.2,1.7,3.6,0.6,0.0,1.2,1.7,5.9,1990
25,8,9,Terry Davis,22,63,9,14.0,1.9,4.2,0.466,0.0,0.0,0.0,1.9,4.1,0.467,0.466,0.9,1.4,0.621,1.5,2.2,3.6,0.4,0.4,0.4,1.1,2.7,4.7,1990
26,9,10,Jon Sundvold,28,63,2,13.8,2.3,5.8,0.408,0.7,1.6,0.44,1.7,4.2,0.395,0.468,0.7,0.8,0.846,0.2,0.9,1.1,1.6,0.4,0.0,0.8,1.1,6.1,1990
27,10,11,Scott Haffner,23,43,6,13.0,2.0,5.0,0.406,0.1,0.5,0.143,2.0,4.6,0.434,0.412,0.4,0.6,0.68,0.2,1.0,1.2,1.9,0.3,0.0,0.8,1.2,4.6,1990
28,11,12,Pat Cummings,33,37,1,10.6,2.1,4.3,0.484,0.0,0.0,,2.1,4.3,0.484,0.484,0.6,1.0,0.568,0.8,1.8,2.5,0.4,0.3,0.1,0.9,1.6,4.7,1990
29,12,13,Jim Rowinski,29,14,0,8.0,1.0,2.3,0.438,0.0,0.0,,1.0,2.3,0.438,0.438,1.6,1.9,0.846,1.2,0.9,2.1,0.4,0.1,0.1,0.7,1.4,3.6,1990
30,0,1,Sherman Douglas,24,73,73,35.1,7.3,14.5,0.504,0.1,0.4,0.129,7.2,14.0,0.516,0.506,3.9,5.7,0.686,1.1,1.8,2.9,8.5,1.7,0.1,3.7,2.4,18.5,1991
31,1,2,Glen Rice,23,77,77,34.4,7.1,15.5,0.461,0.9,2.4,0.386,6.2,13.1,0.475,0.491,2.2,2.7,0.818,1.1,3.8,4.9,2.5,1.3,0.3,2.2,2.8,17.4,1991
32,2,3,Rony Seikaly,25,64,59,33.9,6.2,12.8,0.481,0.0,0.1,0.333,6.1,12.8,0.482,0.482,4.0,6.5,0.619,3.2,7.8,11.1,1.5,0.8,1.3,3.2,3.3,16.4,1991
33,3,4,Grant Long,24,80,66,31.4,3.5,7.0,0.492,0.0,0.1,0.167,3.4,6.9,0.495,0.493,2.3,2.9,0.787,2.8,4.3,7.1,2.2,1.5,0.5,2.0,3.7,9.2,1991
34,4,5,Willie Burton,22,76,26,25.4,4.5,10.2,0.441,0.1,0.4,0.133,4.4,9.8,0.454,0.444,3.0,3.9,0.782,1.5,2.0,3.4,1.4,0.9,0.3,1.9,3.6,12.0,1991
35,5,6,Kevin Edwards,25,79,16,25.3,4.8,11.7,0.41,0.3,1.1,0.286,4.5,10.7,0.422,0.423,2.2,2.7,0.803,1.0,1.6,2.6,3.0,1.6,0.6,2.1,1.9,12.1,1991
36,6,7,Billy Thompson,27,73,46,20.3,2.8,5.6,0.499,0.0,0.1,0.0,2.8,5.6,0.504,0.499,1.2,1.7,0.718,1.6,2.6,4.3,1.5,0.4,0.7,1.6,2.2,6.8,1991
37,7,8,Terry Davis,23,55,17,18.1,2.1,4.3,0.487,0.0,0.0,0.5,2.1,4.3,0.487,0.489,1.3,2.3,0.556,1.9,2.9,4.8,0.7,0.3,0.5,0.7,2.3,5.5,1991
38,8,9,Bimbo Coles,22,82,9,16.5,2.0,4.8,0.412,0.1,0.4,0.176,1.9,4.4,0.435,0.42,0.9,1.2,0.747,0.7,1.2,1.9,2.8,0.8,0.1,1.2,1.8,4.9,1991
39,9,10,Alec Kessler,24,78,18,16.1,2.6,6.0,0.425,0.0,0.1,0.0,2.6,5.9,0.429,0.425,1.1,1.7,0.672,1.5,2.8,4.3,0.4,0.2,0.3,1.4,2.4,6.2,1991
40,10,11,Jon Sundvold,29,24,0,9.4,1.8,4.5,0.402,0.6,1.5,0.429,1.2,3.0,0.389,0.472,0.5,0.5,1.0,0.1,0.3,0.4,1.0,0.3,0.0,0.7,0.5,4.7,1991
41,11,12,Milt Wagner,27,13,1,8.9,1.8,4.4,0.421,0.5,1.3,0.353,1.4,3.1,0.45,0.474,0.7,0.8,0.818,0.0,0.5,0.5,1.2,0.2,0.2,0.9,1.1,4.8,1991
42,12,13,Alan Ogg,23,31,1,8.4,0.8,1.8,0.436,0.0,0.1,0.0,0.8,1.7,0.453,0.436,0.2,0.3,0.6,0.5,1.1,1.6,0.1,0.2,0.9,0.3,1.7,1.7,1991
43,13,14,Keith Askins,23,39,1,6.8,0.9,2.1,0.42,0.2,0.6,0.24,0.7,1.4,0.5,0.457,0.3,0.6,0.48,0.8,1.0,1.7,0.5,0.4,0.3,0.3,1.2,2.2,1991
44,0,1,Glen Rice,24,79,79,38.1,8.5,18.1,0.469,2.0,5.0,0.391,6.5,13.1,0.499,0.523,3.4,4.0,0.836,1.1,3.9,5.0,2.3,1.1,0.4,1.8,2.2,22.3,1992
45,1,2,Grant Long,25,82,82,37.4,5.4,10.9,0.494,0.1,0.3,0.273,5.3,10.6,0.5,0.498,4.0,4.9,0.807,3.2,5.3,8.4,2.7,1.7,0.5,2.3,3.0,14.8,1992
46,2,3,Rony Seikaly,26,79,78,35.4,5.9,12.0,0.489,0.0,0.0,0.0,5.9,11.9,0.49,0.489,4.7,6.4,0.733,3.9,7.9,11.8,1.4,0.5,1.5,2.7,3.5,16.4,1992
47,3,4,Steve Smith,22,61,59,29.6,4.9,10.7,0.454,0.7,2.0,0.32,4.2,8.7,0.486,0.485,1.6,2.1,0.748,1.3,1.8,3.1,4.6,1.0,0.3,2.5,2.7,12.0,1992
48,4,5,Bimbo Coles,23,81,28,24.4,3.6,8.0,0.455,0.1,0.6,0.192,3.5,7.4,0.477,0.462,2.7,3.2,0.824,0.9,1.5,2.3,4.5,0.9,0.2,2.1,1.9,10.1,1992
49,5,6,Willie Burton,23,68,50,23.3,4.1,9.1,0.45,0.1,0.2,0.4,4.0,8.9,0.451,0.455,2.9,3.6,0.8,1.1,2.5,3.6,1.8,0.7,0.5,1.8,2.7,11.2,1992
50,6,7,Kevin Edwards,26,81,1,22.7,4.0,8.8,0.454,0.1,0.4,0.219,3.9,8.4,0.465,0.459,2.0,2.4,0.848,0.7,1.9,2.6,2.1,1.2,0.2,1.5,1.7,10.1,1992
51,7,8,Brian Shaw,25,46,23,21.5,3.0,7.6,0.398,0.1,0.3,0.313,2.9,7.2,0.402,0.405,0.8,1.1,0.725,0.8,2.1,2.9,3.5,1.0,0.3,1.5,1.9,7.0,1992
52,8,9,Sherman Douglas,25,5,2,19.6,3.2,6.2,0.516,0.0,0.2,0.0,3.2,6.0,0.533,0.516,1.0,1.4,0.714,0.2,1.0,1.2,3.8,0.8,0.0,1.6,2.0,7.4,1992
53,9,10,Alec Kessler,25,77,4,15.5,2.1,5.0,0.413,0.0,0.0,,2.1,5.0,0.413,0.413,1.2,1.5,0.817,1.5,2.6,4.1,0.4,0.2,0.4,0.8,2.4,5.3,1992
54,10,11,Keith Askins,24,59,4,14.3,1.4,3.5,0.41,0.4,1.2,0.342,1.0,2.2,0.447,0.471,0.4,0.6,0.703,1.1,1.3,2.4,0.6,0.7,0.3,0.8,1.8,3.7,1992
55,11,12,John Morton,24,21,0,10.3,1.6,3.9,0.407,0.1,0.7,0.133,1.5,3.1,0.47,0.42,1.1,1.4,0.828,0.1,0.8,0.9,1.3,0.6,0.0,1.1,1.0,4.4,1992
56,12,13,Alan Ogg,24,43,0,8.5,1.1,2.0,0.548,0.0,0.0,,1.1,2.0,0.548,0.548,0.4,0.7,0.533,0.7,1.0,1.7,0.2,0.1,0.7,0.4,1.7,2.5,1992
57,13,14,Milos Babic,23,9,0,3.9,0.7,1.4,0.462,0.0,0.0,,0.7,1.4,0.462,0.462,0.7,0.9,0.75,0.2,1.0,1.2,0.7,0.1,0.0,0.6,0.0,2.0,1992
58,14,15,Jon Sundvold,30,3,0,2.7,0.3,1.0,0.333,0.3,0.3,1.0,0.0,0.7,0.0,0.5,0.0,0.0,,0.0,0.0,0.0,0.7,0.0,0.0,0.0,0.7,1.0,1992
59,15,16,Winston Bennett,26,2,0,1.0,0.5,1.0,0.5,0.0,0.0,,0.5,1.0,0.5,0.5,0.0,0.0,,0.5,0.0,0.5,0.0,0.0,0.0,0.0,0.5,1.0,1992
60,0,1,Glen Rice,25,82,82,37.6,7.1,16.1,0.44,1.8,4.7,0.383,5.3,11.4,0.463,0.495,3.0,3.6,0.82,1.1,4.0,5.2,2.2,1.1,0.3,1.9,2.5,19.0,1993
61,1,2,Grant Long,26,76,62,35.9,5.2,11.1,0.469,0.1,0.3,0.231,5.1,10.8,0.476,0.472,3.4,4.5,0.765,2.6,4.9,7.5,2.4,1.4,0.4,1.8,3.5,14.0,1993
62,2,3,Rony Seikaly,27,72,64,34.1,5.8,12.1,0.48,0.0,0.1,0.125,5.8,11.9,0.484,0.481,5.5,7.5,0.735,3.6,8.2,11.8,1.4,0.5,1.2,2.8,3.6,17.1,1993
63,3,4,Steve Smith,23,48,43,33.5,5.8,12.9,0.451,1.1,2.8,0.402,4.7,10.1,0.464,0.494,3.2,4.1,0.787,1.2,2.9,4.1,5.6,1.0,0.3,2.7,3.1,16.0,1993
64,4,5,Kevin Edwards,27,40,30,28.4,5.4,11.6,0.468,0.1,0.4,0.294,5.3,11.1,0.474,0.473,3.0,3.5,0.844,1.2,1.8,3.0,3.0,1.7,0.3,1.9,1.7,13.9,1993
65,5,6,John Salley,28,51,34,27.9,3.0,6.0,0.502,0.0,0.0,,3.0,6.0,0.502,0.502,2.3,2.8,0.799,2.2,3.9,6.1,1.6,0.6,1.4,2.0,3.8,8.3,1993
66,6,7,Bimbo Coles,24,81,37,27.6,3.9,8.5,0.464,0.5,1.7,0.307,3.4,6.8,0.503,0.494,2.2,2.7,0.805,0.7,1.3,2.0,4.6,1.0,0.1,1.3,2.5,10.6,1993
67,7,8,Brian Shaw,26,68,45,23.6,2.9,7.4,0.393,0.6,1.9,0.331,2.3,5.5,0.415,0.436,0.9,1.1,0.782,1.0,2.8,3.8,3.5,0.7,0.3,1.4,2.4,7.3,1993
68,8,9,Harold Miner,21,73,0,18.9,4.0,8.4,0.475,0.0,0.1,0.333,4.0,8.3,0.477,0.477,2.2,2.9,0.762,1.0,1.0,2.0,1.0,0.5,0.1,1.3,1.8,10.3,1993
69,9,10,Willie Burton,24,26,8,17.3,2.1,5.4,0.383,0.2,0.6,0.333,1.9,4.8,0.389,0.401,3.5,4.9,0.717,0.8,1.8,2.7,0.6,0.5,0.6,1.9,2.2,7.8,1993
70,10,11,Keith Askins,25,69,1,13.6,1.3,3.1,0.413,0.3,0.9,0.338,1.0,2.1,0.446,0.465,0.4,0.6,0.725,1.1,1.8,2.9,0.4,0.4,0.4,0.5,2.0,3.3,1993
71,11,12,Matt Geiger,23,48,2,11.5,1.6,3.0,0.524,0.0,0.1,0.0,1.6,2.9,0.539,0.524,1.3,1.9,0.674,1.0,1.5,2.5,0.3,0.3,0.4,0.8,2.6,4.5,1993
72,12,13,Alec Kessler,26,40,2,10.4,1.4,3.1,0.467,0.1,0.3,0.455,1.3,2.8,0.468,0.488,0.9,1.2,0.766,0.6,1.7,2.3,0.4,0.1,0.3,0.5,1.6,3.9,1993
73,0,1,Glen Rice,26,81,81,37.0,8.2,17.5,0.467,1.6,4.3,0.382,6.6,13.3,0.494,0.513,3.1,3.5,0.88,0.9,4.4,5.4,2.3,1.4,0.4,1.6,2.3,21.1,1994
74,1,2,Steve Smith,24,78,77,35.6,6.3,13.8,0.456,1.2,3.4,0.347,5.1,10.4,0.491,0.499,3.5,4.2,0.835,2.0,2.5,4.5,5.1,1.1,0.4,2.6,2.8,17.3,1994
75,2,3,Rony Seikaly,28,72,60,33.5,5.4,11.2,0.488,0.0,0.0,0.0,5.4,11.1,0.489,0.488,4.2,5.9,0.72,3.4,6.9,10.3,1.9,0.8,1.4,2.7,3.9,15.1,1994
76,3,4,Grant Long,27,69,59,31.9,4.3,9.7,0.446,0.0,0.1,0.167,4.3,9.7,0.449,0.447,2.7,3.4,0.786,2.8,4.4,7.2,2.5,1.3,0.4,1.8,3.5,11.4,1994
77,4,5,Brian Shaw,27,77,52,26.5,3.6,8.7,0.417,0.9,2.8,0.338,2.7,5.9,0.455,0.472,0.8,1.2,0.719,1.4,3.2,4.5,5.0,0.9,0.3,2.2,2.5,9.0,1994
78,5,6,John Salley,29,76,45,25.1,2.7,5.7,0.477,0.0,0.0,0.667,2.7,5.7,0.476,0.479,2.2,3.0,0.729,1.7,3.6,5.4,1.8,0.7,1.0,1.2,3.4,7.7,1994
79,6,7,Bimbo Coles,25,76,4,22.7,3.1,6.8,0.449,0.3,1.3,0.202,2.8,5.5,0.507,0.468,1.3,1.7,0.779,0.7,1.4,2.1,3.5,1.0,0.2,1.4,1.7,7.7,1994
80,7,8,Harold Miner,22,63,31,21.6,4.0,8.4,0.477,0.1,0.1,0.667,4.0,8.3,0.475,0.481,2.4,2.9,0.828,1.2,1.3,2.5,1.5,0.5,0.2,1.5,2.1,10.5,1994
81,8,9,Matt Geiger,24,72,0,16.7,2.8,4.9,0.574,0.0,0.1,0.2,2.8,4.8,0.579,0.575,1.6,2.1,0.779,1.7,2.6,4.2,0.4,0.5,0.4,0.8,2.8,7.2,1994
82,9,10,Willie Burton,25,53,1,13.2,2.3,5.3,0.438,0.1,0.3,0.2,2.3,5.1,0.451,0.443,2.3,3.0,0.759,0.9,1.6,2.6,0.7,0.3,0.4,1.0,1.8,7.0,1994
83,10,11,Keith Askins,26,37,0,8.6,1.0,2.4,0.409,0.1,0.6,0.19,0.9,1.8,0.478,0.432,0.2,0.3,0.9,0.9,1.3,2.2,0.4,0.3,0.0,0.6,1.5,2.3,1994
84,11,12,Morlon Wiley,27,4,0,8.5,0.8,2.0,0.375,0.3,1.0,0.25,0.5,1.0,0.5,0.438,0.0,0.0,,0.0,1.0,1.0,1.8,0.5,0.0,1.5,1.0,1.8,1994
85,12,13,Manute Bol,31,8,0,7.6,0.1,1.5,0.083,0.0,0.4,0.0,0.1,1.1,0.111,0.083,0.0,0.0,,0.1,1.3,1.4,0.0,0.0,0.8,0.6,0.5,0.3,1994
86,13,14,Alec Kessler,27,15,0,4.4,0.7,1.7,0.44,0.3,0.6,0.556,0.4,1.1,0.375,0.54,0.4,0.5,0.75,0.3,0.4,0.7,0.1,0.1,0.1,0.3,0.9,2.2,1994
87,14,15,Gary Alexander,24,4,0,3.0,0.3,0.5,0.5,0.0,0.0,,0.3,0.5,0.5,0.5,0.0,0.5,0.0,0.3,0.5,0.8,0.3,0.0,0.0,0.3,0.8,0.5,1994
88,0,1,Glen Rice,27,82,82,36.8,8.1,17.1,0.475,2.3,5.5,0.41,5.9,11.6,0.506,0.541,3.8,4.5,0.855,1.2,3.4,4.6,2.3,1.4,0.2,1.9,2.5,22.3,1995
89,1,2,Kevin Willis,32,65,61,35.4,7.0,15.0,0.469,0.0,0.2,0.214,7.0,14.8,0.473,0.471,3.0,4.3,0.691,3.3,7.4,10.7,1.3,0.9,0.5,2.4,3.2,17.1,1995
90,2,3,Billy Owens,25,70,60,32.8,5.8,11.7,0.491,0.0,0.3,0.091,5.7,11.4,0.503,0.493,2.8,4.5,0.62,2.9,4.3,7.2,3.5,1.1,0.4,2.9,2.9,14.3,1995
91,3,4,Bimbo Coles,26,68,65,32.5,3.8,8.9,0.43,0.2,1.1,0.211,3.6,7.8,0.461,0.443,2.1,2.6,0.81,0.7,2.1,2.8,6.1,1.5,0.2,2.3,2.7,10.0,1995
92,4,5,Grant Long,28,2,2,31.0,2.5,6.0,0.417,0.0,0.0,,2.5,6.0,0.417,0.417,3.0,5.0,0.6,0.5,5.0,5.5,2.0,1.0,0.0,2.0,5.5,8.0,1995
93,5,6,Steve Smith,25,2,2,31.0,5.5,14.5,0.379,1.0,6.0,0.167,4.5,8.5,0.529,0.414,8.5,11.0,0.773,2.0,1.0,3.0,3.5,1.0,0.5,2.0,4.5,20.5,1995
94,6,7,John Salley,30,75,50,26.1,2.6,5.3,0.499,0.0,0.0,,2.6,5.3,0.499,0.499,2.0,2.8,0.739,1.5,3.0,4.5,1.6,0.6,1.1,1.3,3.7,7.3,1995
95,7,8,Matt Geiger,25,74,43,23.1,3.5,6.6,0.536,0.1,0.1,0.4,3.5,6.4,0.539,0.54,1.3,1.9,0.65,2.0,3.6,5.6,0.7,0.6,0.7,1.5,3.3,8.3,1995
96,8,9,Khalid Reeves,22,67,17,21.8,3.1,6.9,0.443,1.0,2.6,0.392,2.1,4.4,0.473,0.515,2.1,2.9,0.714,0.8,2.0,2.8,4.3,1.1,0.1,2.0,2.1,9.2,1995
97,9,10,Harold Miner,23,45,16,19.4,2.7,6.8,0.403,0.3,1.1,0.286,2.4,5.7,0.426,0.426,1.5,2.1,0.726,0.8,1.8,2.6,1.5,0.3,0.1,1.7,1.9,7.3,1995
98,10,11,Keith Askins,27,50,5,17.1,1.6,4.1,0.391,0.4,1.6,0.269,1.2,2.6,0.465,0.442,0.9,1.1,0.807,1.7,2.2,4.0,0.8,0.7,0.3,0.5,2.2,4.6,1995
99,11,12,Ledell Eackles,28,54,6,16.6,2.6,6.0,0.439,0.3,0.8,0.439,2.3,5.3,0.439,0.466,1.7,2.3,0.722,0.6,1.1,1.8,1.3,0.4,0.0,1.0,1.6,7.3,1995
100,12,13,Kevin Gamble,29,77,0,15.9,2.9,5.8,0.489,0.5,1.3,0.398,2.4,4.6,0.514,0.532,1.1,1.4,0.784,0.4,1.2,1.6,1.5,0.7,0.1,0.6,1.7,7.4,1995
101,13,14,Brad Lohaus,30,61,1,12.0,1.6,3.8,0.42,1.0,2.5,0.406,0.6,1.2,0.447,0.556,0.2,0.2,0.667,0.5,1.2,1.7,0.7,0.3,0.4,0.5,1.4,4.4,1995
102,14,15,Kevin Pritchard,27,14,0,11.3,0.9,2.1,0.448,0.1,0.4,0.4,0.8,1.7,0.458,0.483,1.1,1.2,0.882,0.0,0.8,0.8,1.6,0.1,0.1,0.5,1.4,3.1,1995
103,0,1,Alonzo Mourning,25,70,70,38.2,8.0,15.4,0.523,0.1,0.4,0.3,7.9,14.9,0.53,0.527,7.0,10.2,0.685,3.1,7.3,10.4,2.3,1.0,2.7,3.7,3.5,23.2,1996
104,1,2,Tim Hardaway,29,28,28,37.4,5.9,13.8,0.425,1.9,5.3,0.361,4.0,8.5,0.464,0.494,3.6,4.4,0.821,0.5,3.0,3.5,10.0,2.1,0.2,3.9,2.5,17.2,1996
105,2,3,Bimbo Coles,27,52,52,36.2,4.4,10.8,0.413,1.2,3.3,0.366,3.2,7.4,0.434,0.47,2.7,3.3,0.803,0.7,3.1,3.9,5.7,1.2,0.2,2.4,3.4,12.8,1996
106,3,4,Billy Owens,26,40,40,34.7,6.0,11.8,0.505,0.0,0.2,0.0,6.0,11.7,0.512,0.505,2.8,4.4,0.633,2.4,4.8,7.2,3.4,0.8,0.6,2.8,3.3,14.8,1996
107,4,5,Rex Chapman,28,56,50,33.3,5.2,12.1,0.426,2.2,6.0,0.371,2.9,6.1,0.48,0.518,1.5,2.0,0.735,0.4,2.2,2.6,3.0,0.8,0.2,1.4,2.1,14.0,1996
108,5,6,Kevin Willis,33,47,42,28.9,4.1,8.8,0.473,0.0,0.1,0.0,4.1,8.7,0.479,0.473,1.9,2.7,0.712,2.9,6.1,8.9,0.7,0.4,0.5,2.1,3.4,10.2,1996
109,6,7,Sasha Danilovic,25,19,18,28.5,4.4,9.7,0.451,1.8,4.1,0.436,2.6,5.6,0.462,0.543,2.9,3.8,0.764,0.6,1.8,2.4,2.5,0.8,0.2,1.9,2.6,13.4,1996
110,7,8,Walt Williams,25,28,28,28.1,4.4,9.6,0.463,2.0,4.4,0.455,2.4,5.2,0.469,0.567,1.2,2.1,0.55,1.3,2.7,4.0,2.3,1.1,0.6,1.7,3.1,12.0,1996
111,8,9,Keith Askins,28,75,14,25.3,2.1,5.2,0.402,1.3,3.2,0.418,0.8,2.1,0.377,0.528,0.6,0.8,0.789,1.5,2.8,4.3,1.6,0.6,0.8,1.1,3.6,6.1,1996
112,9,10,Chris Gatling,28,24,0,23.5,6.5,10.8,0.598,0.0,0.0,,6.5,10.8,0.598,0.598,2.3,3.1,0.733,2.1,5.2,7.3,0.7,0.7,0.5,1.5,3.4,15.2,1996
113,10,11,Kevin Gamble,30,44,13,23.5,2.7,6.8,0.394,0.9,2.1,0.418,1.8,4.7,0.383,0.458,0.8,0.9,0.868,0.3,1.6,2.0,1.9,0.7,0.1,0.7,2.7,6.9,1996
114,11,12,Kurt Thomas,23,74,42,22.4,3.7,7.4,0.501,0.0,0.0,0.0,3.7,7.4,0.503,0.501,1.6,2.4,0.663,1.6,4.3,5.9,0.6,0.6,0.5,1.3,3.7,9.0,1996
115,12,13,Pete Myers,32,39,1,16.4,1.6,4.1,0.388,0.3,1.1,0.262,1.3,3.0,0.432,0.422,1.3,1.9,0.645,0.5,1.3,1.9,2.5,0.4,0.3,1.4,1.9,4.7,1996
116,13,14,Tony Smith,27,25,1,16.4,1.8,4.0,0.455,0.5,1.6,0.333,1.3,2.5,0.532,0.52,0.2,0.4,0.444,0.2,1.3,1.6,2.7,0.6,0.2,1.0,1.8,4.4,1996
117,14,15,Tyrone Corbin,33,22,0,16.1,1.7,4.2,0.413,0.1,0.3,0.333,1.6,3.9,0.419,0.424,1.0,1.3,0.821,1.2,1.8,3.0,1.0,0.7,0.1,0.8,2.3,4.6,1996
118,15,16,Jeff Malone,34,7,0,14.7,1.9,4.7,0.394,0.0,0.0,,1.9,4.7,0.394,0.394,0.7,0.9,0.833,0.0,1.1,1.1,1.0,0.4,0.0,0.4,0.9,4.4,1996
119,16,17,Ron Grandison,31,18,3,13.1,0.7,2.2,0.333,0.2,0.7,0.308,0.5,1.4,0.346,0.385,0.7,1.1,0.684,0.8,1.2,2.0,0.6,0.4,0.1,0.6,1.5,2.4,1996
120,17,18,Danny Schayes,36,32,6,12.5,1.0,2.9,0.34,0.0,0.0,,1.0,2.9,0.34,0.34,1.2,1.4,0.804,0.9,1.9,2.8,0.3,0.3,0.5,0.7,1.9,3.2,1996
121,18,19,Terrence Rencher,22,34,1,11.7,0.9,2.9,0.323,0.3,0.9,0.31,0.7,2.1,0.329,0.369,0.9,1.3,0.698,0.3,1.0,1.2,1.6,0.5,0.0,1.2,1.1,3.0,1996
122,19,20,Voshon Lenard,22,30,0,10.8,1.8,4.7,0.376,1.2,3.4,0.356,0.6,1.3,0.425,0.504,1.1,1.4,0.791,0.4,1.3,1.7,1.0,0.2,0.0,0.8,1.0,5.9,1996
123,20,21,Stacey King,29,15,0,10.4,1.1,2.4,0.472,0.0,0.0,,1.1,2.4,0.472,0.472,0.3,0.5,0.5,0.6,0.9,1.5,0.1,0.5,0.1,1.2,2.6,2.5,1996
124,21,22,LeRon Ellis,26,12,1,6.2,0.4,1.8,0.227,0.0,0.0,,0.4,1.8,0.227,0.227,0.3,0.5,0.5,0.4,0.3,0.7,0.3,0.2,0.3,0.3,0.9,1.1,1996
125,0,1,Tim Hardaway,30,81,81,38.7,7.1,17.1,0.415,2.5,7.3,0.344,4.6,9.8,0.469,0.489,3.6,4.5,0.799,0.6,2.8,3.4,8.6,1.9,0.1,2.8,2.0,20.3,1997
126,1,2,Jamal Mashburn,24,32,30,37.2,4.6,11.5,0.398,1.5,4.6,0.329,3.1,6.9,0.443,0.463,2.8,3.7,0.752,1.3,4.3,5.6,3.5,1.3,0.2,1.8,3.7,13.4,1997
127,2,3,Alonzo Mourning,26,66,65,35.2,7.2,13.4,0.534,0.0,0.1,0.111,7.2,13.3,0.539,0.535,5.5,8.6,0.642,2.9,7.1,9.9,1.6,0.8,2.9,3.4,4.1,19.8,1997
128,3,4,Dan Majerle,31,36,26,35.1,3.9,9.6,0.406,1.9,5.6,0.338,2.0,4.1,0.5,0.504,1.1,1.6,0.678,1.3,3.3,4.5,3.2,1.5,0.4,1.4,2.1,10.8,1997
129,4,5,P.J. Brown,27,80,71,32.4,3.8,8.2,0.457,0.0,0.0,0.0,3.8,8.2,0.459,0.457,2.0,2.8,0.732,3.0,5.4,8.4,1.2,1.1,1.2,1.4,3.5,9.5,1997
130,5,6,Sasha Danilovic,26,43,33,31.4,4.1,9.2,0.442,1.5,4.1,0.358,2.6,5.1,0.509,0.521,1.7,2.2,0.777,0.5,1.9,2.4,1.8,0.9,0.2,2.2,2.9,11.3,1997
131,6,7,Voshon Lenard,23,73,47,28.9,4.3,9.4,0.459,2.5,6.1,0.414,1.8,3.3,0.541,0.593,1.2,1.4,0.819,0.5,2.5,3.0,2.2,0.7,0.2,1.5,2.3,12.3,1997
132,7,8,Isaac Austin,27,82,17,22.9,3.9,7.8,0.502,0.0,0.0,0.0,3.9,7.8,0.505,0.502,1.8,2.8,0.664,1.7,4.2,5.8,1.2,0.5,0.5,2.0,3.0,9.7,1997
133,8,9,Keith Askins,29,78,30,22.7,1.8,4.1,0.433,0.9,2.2,0.401,0.9,1.9,0.469,0.541,0.5,0.7,0.672,1.1,2.4,3.5,1.0,0.7,0.2,0.8,2.5,4.9,1997
134,9,10,Kurt Thomas,24,18,9,20.8,2.2,5.8,0.371,0.0,0.1,0.0,2.2,5.8,0.375,0.371,1.9,2.6,0.761,1.7,4.2,5.9,0.5,0.7,0.5,1.4,3.7,6.3,1997
135,10,11,John Crotty,27,48,0,13.7,1.6,3.2,0.513,0.4,1.0,0.408,1.2,2.2,0.562,0.578,1.1,1.3,0.844,0.3,0.7,1.0,2.1,0.4,0.0,0.9,1.6,4.8,1997
136,11,12,Gary Grant,31,28,0,13.0,1.4,3.9,0.355,0.5,1.6,0.304,0.9,2.3,0.391,0.418,0.6,0.8,0.818,0.3,1.1,1.4,1.6,0.6,0.0,1.0,1.4,3.9,1997
137,12,13,Willie Anderson,30,28,1,10.8,1.0,2.3,0.453,0.3,0.7,0.421,0.8,1.6,0.467,0.516,0.6,0.7,0.85,0.5,1.0,1.5,1.2,0.5,0.1,0.7,1.3,3.0,1997
138,13,14,Ed Pinckney,33,27,0,10.1,0.9,1.6,0.535,0.0,0.0,,0.9,1.6,0.535,0.535,0.7,0.9,0.8,0.9,1.5,2.4,0.2,0.3,0.3,0.7,1.1,2.4,1997
139,14,15,Mark Strickland,26,31,0,4.9,0.8,1.9,0.417,0.0,0.0,0.0,0.8,1.9,0.424,0.417,0.4,0.7,0.571,0.5,0.7,1.2,0.0,0.1,0.3,0.5,0.5,2.0,1997
140,15,16,James Scott,24,8,0,4.0,0.0,1.0,0.0,0.0,0.5,0.0,0.0,0.5,0.0,0.0,0.1,0.3,0.5,0.1,0.6,0.8,0.4,0.3,0.0,0.3,0.6,0.1,1997
141,16,17,Martin Muursepp,22,10,0,2.7,0.5,1.4,0.357,0.1,0.4,0.25,0.4,1.0,0.4,0.393,0.6,1.4,0.429,0.2,0.3,0.5,0.3,0.0,0.1,0.3,0.3,1.7,1997
142,17,18,Matt Fish,27,1,0,1.0,0.0,0.0,,0.0,0.0,,0.0,0.0,,,0.0,0.0,,0.0,0.0,0.0,0.0,0.0,0.0,0.0,0.0,0.0,1997
143,18,19,Bruce Bowen,25,1,0,1.0,0.0,0.0,,0.0,0.0,,0.0,0.0,,,0.0,0.0,,0.0,0.0,0.0,0.0,0.0,1.0,0.0,0.0,0.0,1997
144,0,1,Tim Hardaway,31,81,81,37.4,6.9,16.0,0.431,1.9,5.5,0.351,5.0,10.5,0.472,0.49,3.2,4.1,0.781,0.6,3.1,3.7,8.3,1.7,0.2,2.8,2.5,18.9,1998
145,1,2,Jamal Mashburn,25,48,48,36.0,5.2,12.0,0.435,0.8,2.5,0.303,4.5,9.5,0.47,0.467,3.8,4.8,0.797,1.5,3.4,4.9,2.8,0.9,0.3,2.3,2.9,15.1,1998
146,2,3,Alonzo Mourning,27,58,56,33.4,6.9,12.6,0.551,0.0,0.0,,6.9,12.6,0.551,0.551,5.3,8.0,0.665,3.3,6.3,9.6,0.9,0.7,2.2,3.1,3.6,19.2,1998
147,3,4,Voshon Lenard,24,81,81,32.4,4.5,10.5,0.425,1.9,4.7,0.405,2.6,5.9,0.441,0.515,1.7,2.2,0.788,0.9,2.7,3.6,2.2,0.7,0.2,1.2,2.7,12.6,1998
148,4,5,P.J. Brown,28,74,74,31.9,3.8,8.0,0.471,0.0,0.0,,3.8,8.0,0.471,0.471,2.0,2.7,0.766,3.2,5.4,8.6,1.4,0.9,1.3,1.3,3.6,9.6,1998
149,5,6,Dan Majerle,32,72,22,26.8,2.6,6.1,0.419,1.5,4.1,0.376,1.0,2.0,0.507,0.546,0.6,0.7,0.784,0.7,3.1,3.7,2.2,0.9,0.2,0.9,1.9,7.2,1998
150,6,7,Isaac Austin,28,52,25,26.4,4.8,10.2,0.474,0.0,0.1,0.0,4.8,10.2,0.476,0.474,3.0,4.4,0.68,2.3,4.1,6.3,1.7,0.8,0.7,2.3,3.1,12.7,1998
151,7,8,Eric Murdock,29,82,1,17.0,2.2,5.1,0.422,0.3,1.1,0.308,1.8,4.0,0.454,0.456,1.5,1.9,0.801,0.5,1.4,1.9,2.7,1.3,0.2,1.3,2.1,6.2,1998
152,8,9,Mark Strickland,27,51,8,16.6,2.8,5.3,0.539,0.0,0.0,0.0,2.8,5.3,0.541,0.539,1.2,1.6,0.72,1.6,2.6,4.2,0.5,0.4,0.7,0.9,1.7,6.8,1998
153,9,10,Terry Mills,30,50,0,15.6,1.6,4.1,0.393,0.5,1.6,0.309,1.1,2.5,0.448,0.454,0.5,0.7,0.758,0.7,2.4,3.0,0.8,0.4,0.2,0.9,2.6,4.2,1998
154,10,11,Brent Barry,26,17,0,15.2,1.4,3.6,0.371,0.7,2.0,0.353,0.6,1.6,0.393,0.468,0.7,0.7,1.0,0.1,1.5,1.6,1.2,0.8,0.2,0.5,1.8,4.1,1998
155,11,12,Keith Askins,30,46,12,14.8,0.8,2.7,0.32,0.5,1.6,0.284,0.4,1.0,0.375,0.406,0.3,0.4,0.632,0.6,1.6,2.2,0.6,0.6,0.3,0.6,2.3,2.4,1998
156,12,13,Todd Day,28,5,0,13.8,2.2,6.2,0.355,0.4,2.4,0.167,1.8,3.8,0.474,0.387,1.2,1.8,0.667,0.8,0.4,1.2,1.4,1.4,0.0,0.6,2.0,6.0,1998
157,13,14,Marty Conlon,30,18,0,11.6,1.6,3.4,0.452,0.0,0.0,,1.6,3.4,0.452,0.452,1.8,2.4,0.727,0.9,1.7,2.6,0.7,0.5,0.3,0.6,1.5,4.9,1998
158,14,15,Duane Causwell,29,37,2,9.8,1.0,2.4,0.416,0.0,0.0,,1.0,2.4,0.416,0.416,0.4,0.7,0.577,0.8,1.9,2.7,0.1,0.2,0.7,0.5,2.0,2.4,1998
159,15,16,Rex Walters,27,19,0,5.7,0.7,1.3,0.542,0.2,0.4,0.375,0.5,0.8,0.625,0.604,0.5,0.6,0.818,0.1,0.7,0.8,0.7,0.2,0.1,0.5,0.6,2.0,1998
160,16,17,Antonio Lang,25,6,0,4.8,0.5,0.8,0.6,0.0,0.0,,0.5,0.8,0.6,0.6,1.0,1.3,0.75,0.3,0.5,0.8,0.2,0.3,0.0,0.7,0.5,2.0,1998
161,17,18,Charles Smith,22,11,0,2.9,0.4,1.6,0.222,0.1,0.3,0.333,0.3,1.4,0.2,0.25,0.1,0.2,0.5,0.5,0.3,0.7,0.2,0.2,0.1,0.5,0.3,0.9,1998
162,0,1,Alonzo Mourning,28,46,46,38.1,7.0,13.8,0.511,0.0,0.0,0.0,7.0,13.7,0.513,0.511,6.0,9.2,0.652,3.6,7.4,11.0,1.6,0.7,3.9,3.0,3.5,20.1,1999
163,1,2,Tim Hardaway,32,48,48,36.9,6.3,15.7,0.4,2.3,6.5,0.36,3.9,9.2,0.429,0.475,2.5,3.1,0.812,0.3,2.9,3.2,7.3,1.2,0.1,2.7,2.1,17.4,1999
164,2,3,Jamal Mashburn,26,24,23,35.6,5.6,12.4,0.451,0.5,1.3,0.433,5.0,11.1,0.453,0.473,3.1,4.3,0.721,1.0,5.1,6.1,3.1,0.8,0.1,2.5,2.4,14.8,1999
165,3,4,Dan Majerle,33,48,48,33.8,2.5,6.2,0.396,1.4,4.2,0.335,1.0,2.0,0.526,0.51,0.7,1.0,0.717,0.4,3.9,4.3,3.1,0.8,0.1,1.1,2.1,7.0,1999
166,4,5,P.J. Brown,29,50,50,32.2,4.6,9.5,0.48,0.0,0.0,,4.6,9.5,0.48,0.48,2.3,2.9,0.774,2.3,4.6,6.9,1.3,0.9,1.0,1.4,3.3,11.4,1999
167,5,6,Terry Mills,31,1,0,29.0,3.0,8.0,0.375,2.0,4.0,0.5,1.0,4.0,0.25,0.5,1.0,2.0,0.5,3.0,1.0,4.0,0.0,1.0,0.0,3.0,3.0,9.0,1999
168,6,7,Terry Porter,35,50,1,27.3,3.4,7.4,0.465,1.2,2.8,0.411,2.3,4.6,0.498,0.543,2.5,3.0,0.831,0.3,2.5,2.8,2.9,1.0,0.2,1.5,1.9,10.5,1999
169,7,8,Clarence Weatherspoon,28,49,3,21.2,2.9,5.4,0.534,0.0,0.0,,2.9,5.4,0.534,0.534,2.3,2.9,0.804,1.5,3.5,5.0,0.7,0.6,0.3,1.2,2.2,8.1,1999
170,8,9,Voshon Lenard,25,12,2,15.8,2.6,6.6,0.392,1.0,2.9,0.343,1.6,3.7,0.432,0.468,0.7,0.9,0.727,0.3,1.0,1.3,0.8,0.3,0.1,0.6,1.5,6.8,1999
171,9,10,Rex Walters,28,33,13,15.3,1.1,2.9,0.368,0.4,1.2,0.316,0.7,1.7,0.404,0.432,0.6,0.7,0.826,0.3,1.2,1.5,1.8,0.3,0.1,1.0,1.9,3.1,1999
172,10,11,Keith Askins,31,33,13,12.6,0.6,1.9,0.323,0.2,0.9,0.276,0.4,1.0,0.364,0.387,0.2,0.2,0.625,0.3,1.0,1.3,0.3,0.5,0.1,0.4,1.8,1.6,1999
173,11,12,Blue Edwards,33,24,0,11.8,1.3,3.0,0.444,0.2,0.4,0.4,1.2,2.6,0.452,0.472,0.4,0.5,0.692,0.3,1.1,1.4,1.3,0.7,0.2,0.9,1.0,3.2,1999
174,12,13,Mark Strickland,28,32,1,11.2,1.6,3.2,0.495,0.0,0.0,0.0,1.6,3.1,0.5,0.495,0.6,0.8,0.731,0.8,1.6,2.4,0.3,0.2,0.3,0.4,0.9,3.7,1999
175,13,14,Mark Davis,25,4,1,8.8,0.5,1.5,0.333,0.0,0.0,,0.5,1.5,0.333,0.333,1.3,1.5,0.833,0.5,1.3,1.8,0.3,0.3,0.0,1.8,3.0,2.3,1999
176,14,15,Duane Causwell,30,19,1,7.2,1.1,1.8,0.571,0.0,0.0,,1.1,1.8,0.571,0.571,0.2,0.6,0.333,0.7,1.1,1.8,0.1,0.0,0.6,0.9,1.7,2.3,1999
177,15,16,Jamie Watson,26,3,0,6.0,0.3,0.7,0.5,0.0,0.0,,0.3,0.7,0.5,0.5,0.0,0.0,,0.0,0.3,0.3,0.3,0.0,0.0,0.3,0.3,0.7,1999
178,16,17,Marty Conlon,31,7,0,5.0,0.4,1.9,0.231,0.0,0.0,,0.4,1.9,0.231,0.231,0.3,0.3,1.0,0.1,0.6,0.7,0.1,0.0,0.1,0.4,0.9,1.1,1999
179,0,1,Jamal Mashburn,27,76,76,37.2,6.8,15.2,0.445,1.5,3.7,0.403,5.3,11.6,0.458,0.493,2.4,3.1,0.778,0.8,4.2,5.0,3.9,1.0,0.2,2.4,2.8,17.5,2000
180,1,2,Alonzo Mourning,29,79,78,34.8,8.3,15.0,0.551,0.0,0.1,0.0,8.3,14.9,0.553,0.551,5.2,7.4,0.711,2.7,6.8,9.5,1.6,0.5,3.7,2.7,3.9,21.7,2000
181,2,3,Dan Majerle,34,69,69,33.4,2.5,6.1,0.403,1.6,4.4,0.362,0.9,1.7,0.508,0.533,0.8,1.0,0.812,0.4,4.4,4.8,3.0,1.3,0.2,0.9,2.3,7.3,2000
182,3,4,Tim Hardaway,33,52,52,32.2,4.7,12.3,0.386,1.8,4.9,0.367,2.9,7.3,0.398,0.459,2.1,2.6,0.827,0.5,2.4,2.9,7.4,0.9,0.1,2.3,2.2,13.4,2000
183,4,5,P.J. Brown,30,80,80,28.8,4.0,8.4,0.48,0.0,0.0,0.0,4.0,8.4,0.481,0.48,1.5,2.0,0.755,2.7,4.8,7.5,1.8,0.8,0.8,1.3,3.3,9.6,2000
184,5,6,Voshon Lenard,26,53,13,27.1,4.3,10.6,0.407,1.7,4.3,0.39,2.6,6.3,0.419,0.487,1.6,2.0,0.792,0.7,2.2,2.9,2.6,0.8,0.3,1.5,2.4,11.9,2000
185,6,7,Anthony Carter,24,79,30,23.5,2.5,6.4,0.395,0.0,0.3,0.13,2.5,6.2,0.407,0.398,1.2,1.6,0.75,0.6,1.9,2.5,4.8,1.2,0.1,2.2,2.1,6.3,2000
186,7,8,Bruce Bowen,28,27,2,21.0,1.7,4.5,0.38,1.0,2.1,0.464,0.7,2.4,0.308,0.488,0.7,1.1,0.613,0.5,1.7,2.2,0.7,0.5,0.4,0.5,3.0,5.1,2000
187,8,9,Clarence Weatherspoon,29,78,2,20.7,2.8,5.4,0.513,0.0,0.0,,2.8,5.4,0.513,0.513,1.7,2.3,0.738,1.6,4.1,5.8,1.2,0.7,0.6,1.3,2.1,7.2,2000
188,9,10,Otis Thorpe,37,51,1,15.2,2.5,4.8,0.514,0.0,0.1,0.0,2.5,4.7,0.521,0.514,0.6,0.9,0.604,1.1,2.2,3.3,0.6,0.5,0.2,1.2,2.7,5.5,2000
189,10,11,Rex Walters,29,33,0,11.8,1.2,2.8,0.418,0.2,0.6,0.25,1.0,2.2,0.465,0.445,0.4,0.5,0.75,0.2,0.8,1.1,2.0,0.2,0.0,0.9,1.3,2.8,2000
190,11,12,Rodney Buford,22,34,0,11.4,1.8,4.4,0.411,0.2,0.9,0.241,1.6,3.6,0.451,0.434,0.5,0.6,0.727,0.3,1.1,1.4,0.6,0.3,0.2,0.3,1.3,4.3,2000
191,12,13,Mark Strickland,29,58,5,11.4,2.1,3.9,0.545,0.0,0.0,,2.1,3.9,0.545,0.545,0.7,1.0,0.714,0.8,1.7,2.4,0.4,0.3,0.3,0.4,1.2,4.9,2000
192,13,14,Duane Causwell,31,25,2,7.4,0.8,1.5,0.541,0.0,0.0,,0.8,1.5,0.541,0.541,1.0,1.5,0.684,0.4,1.4,1.9,0.1,0.1,0.6,0.4,1.7,2.6,2000
193,14,15,Harold Jamison,23,12,0,6.2,0.6,1.7,0.35,0.0,0.0,,0.6,1.7,0.35,0.35,0.3,1.5,0.222,1.3,0.4,1.8,0.3,0.2,0.1,0.3,1.4,1.5,2000
194,15,16,Tim James,23,4,0,5.8,1.3,3.5,0.357,0.0,0.0,,1.3,3.5,0.357,0.357,0.3,0.8,0.333,0.8,0.3,1.0,0.5,0.0,0.8,0.5,0.3,2.8,2000
195,0,1,Anthony Mason,34,80,80,40.7,5.8,11.9,0.482,0.0,0.0,,5.8,11.9,0.482,0.482,4.6,5.9,0.781,2.1,7.5,9.6,3.1,1.0,0.3,2.2,2.9,16.1,2001
196,1,2,Eddie Jones,29,63,58,36.2,6.2,13.8,0.445,1.4,3.8,0.378,4.7,10.0,0.471,0.497,3.6,4.3,0.844,1.2,3.4,4.6,2.7,1.7,0.9,2.1,2.9,17.4,2001
197,2,3,Tim Hardaway,34,77,77,33.9,5.3,13.5,0.392,2.5,6.7,0.366,2.8,6.8,0.417,0.482,1.9,2.4,0.801,0.3,2.3,2.6,6.3,1.2,0.1,2.5,2.0,14.9,2001
198,3,4,Brian Grant,28,82,79,33.8,5.9,12.3,0.479,0.0,0.0,0.0,5.9,12.3,0.48,0.479,3.4,4.3,0.797,2.6,6.1,8.8,1.2,0.7,0.9,2.1,3.6,15.2,2001
199,4,5,Bruce Bowen,29,82,72,32.7,2.6,7.1,0.363,1.3,3.7,0.336,1.3,3.3,0.394,0.452,1.2,2.0,0.609,0.5,2.4,3.0,1.6,1.0,0.6,0.9,3.3,7.6,2001
200,5,6,Dan Majerle,35,53,19,24.6,1.6,4.9,0.336,1.1,3.4,0.315,0.6,1.5,0.385,0.446,0.7,0.8,0.818,0.4,2.8,3.1,1.7,1.0,0.3,0.7,1.8,5.0,2001
201,6,7,Alonzo Mourning,30,13,3,23.5,5.6,10.8,0.518,0.0,0.1,0.0,5.6,10.8,0.521,0.518,2.4,4.2,0.564,2.7,5.1,7.8,0.9,0.3,2.4,2.2,1.8,13.6,2001
202,7,8,Anthony Carter,25,72,6,22.6,2.7,6.7,0.406,0.1,0.6,0.15,2.6,6.1,0.43,0.413,0.9,1.4,0.631,0.6,1.9,2.5,3.7,1.0,0.1,1.7,2.1,6.4,2001
203,8,9,A.C. Green,37,82,1,17.2,1.8,4.0,0.444,0.0,0.1,0.0,1.8,3.9,0.453,0.444,1.0,1.4,0.712,1.3,2.5,3.8,0.5,0.4,0.1,0.5,1.5,4.5,2001
204,9,10,Cedric Ceballos,31,27,0,14.6,2.7,5.9,0.462,0.4,1.2,0.333,2.3,4.6,0.496,0.497,1.1,1.2,0.879,1.0,2.0,3.0,0.5,0.4,0.1,0.9,1.6,6.9,2001
205,10,11,Duane Causwell,32,31,14,12.4,1.0,2.7,0.376,0.0,0.0,,1.0,2.7,0.376,0.376,0.4,0.8,0.48,0.7,1.9,2.7,0.2,0.3,0.6,0.7,2.2,2.5,2001
206,11,12,Jamal Robinson,27,6,0,12.0,0.5,3.7,0.136,0.0,0.3,0.0,0.5,3.3,0.15,0.136,0.0,0.0,,0.5,1.3,1.8,0.3,1.0,0.0,0.5,1.2,1.0,2001
207,12,13,Eddie House,22,50,0,11.0,2.1,4.9,0.421,0.4,1.1,0.345,1.7,3.8,0.443,0.46,0.5,0.7,0.686,0.1,0.7,0.8,1.0,0.3,0.0,0.7,1.2,5.0,2001
208,13,14,Ricky Davis,21,7,0,10.0,1.7,4.1,0.414,0.1,0.1,1.0,1.6,4.0,0.393,0.431,1.0,1.1,0.875,0.1,0.9,1.0,1.6,0.7,0.3,0.7,1.0,4.6,2001
209,14,15,Don MacLean,31,8,1,9.5,1.3,2.5,0.5,0.3,0.3,1.0,1.0,2.3,0.444,0.55,1.1,1.5,0.75,0.9,1.4,2.3,0.5,0.6,0.1,1.3,1.1,3.9,2001
210,15,16,Todd Fuller,26,10,0,7.7,1.0,3.5,0.286,0.0,0.0,,1.0,3.5,0.286,0.286,0.8,0.8,1.0,0.7,1.1,1.8,0.1,0.3,0.2,0.3,1.0,2.8,2001
211,0,1,Eddie Jones,30,81,81,39.0,6.4,14.8,0.432,1.8,4.7,0.39,4.5,10.1,0.451,0.494,3.7,4.4,0.837,0.8,3.9,4.7,3.2,1.4,1.0,1.8,3.2,18.3,2002
212,1,2,Jim Jackson,31,55,19,33.2,4.3,9.8,0.442,0.7,1.5,0.469,3.6,8.3,0.438,0.478,1.4,1.6,0.862,1.0,4.3,5.3,2.5,0.8,0.3,1.9,2.6,10.7,2002
213,2,3,Alonzo Mourning,31,75,74,32.7,6.0,11.5,0.516,0.0,0.0,0.333,5.9,11.5,0.517,0.517,3.8,5.7,0.657,2.4,6.0,8.4,1.2,0.4,2.5,2.4,3.4,15.7,2002
214,3,4,Brian Grant,29,72,72,31.3,4.0,8.5,0.469,0.0,0.0,0.0,4.0,8.4,0.47,0.469,1.4,1.7,0.849,2.3,5.7,8.0,1.9,0.7,0.4,1.7,3.3,9.3,2002
215,4,5,Rod Strickland,35,76,64,30.2,4.2,9.4,0.443,0.1,0.3,0.308,4.1,9.1,0.448,0.448,2.0,2.6,0.766,0.6,2.4,3.1,6.1,1.1,0.1,2.1,1.5,10.4,2002
216,5,6,LaPhonso Ellis,31,66,14,25.5,2.9,6.8,0.418,0.6,1.9,0.306,2.3,5.0,0.46,0.46,0.8,1.3,0.631,1.6,2.7,4.3,0.8,0.5,0.6,1.1,3.0,7.1,2002
217,6,7,Anthony Carter,26,46,18,22.8,1.9,5.7,0.342,0.0,0.4,0.053,1.9,5.2,0.365,0.344,0.4,0.8,0.528,0.4,2.1,2.5,4.7,1.1,0.1,1.6,1.8,4.3,2002
218,7,8,Kendall Gill,33,65,49,21.7,2.5,6.5,0.384,0.1,0.7,0.136,2.4,5.8,0.413,0.391,0.6,1.0,0.677,0.4,2.4,2.8,1.5,0.7,0.1,0.8,2.2,5.7,2002
219,8,9,Eddie House,23,64,3,19.2,3.3,8.2,0.399,0.8,2.5,0.344,2.4,5.7,0.422,0.45,0.7,0.8,0.857,0.3,1.5,1.7,1.9,0.7,0.1,1.3,1.5,8.0,2002
220,9,10,Sean Marks,26,21,6,15.2,1.8,4.2,0.432,0.0,0.0,,1.8,4.2,0.432,0.432,1.0,1.6,0.588,0.9,2.7,3.6,0.4,0.2,0.5,0.9,1.9,4.6,2002
221,10,11,Chris Gatling,34,54,1,15.0,2.4,5.4,0.447,0.0,0.1,0.125,2.4,5.3,0.456,0.449,1.5,2.2,0.701,1.3,2.5,3.8,0.5,0.3,0.2,1.1,2.0,6.4,2002
222,11,12,Malik Allen,23,12,2,13.4,1.8,4.3,0.431,0.0,0.1,0.0,1.8,4.2,0.44,0.431,0.7,0.8,0.8,1.3,1.9,3.2,0.4,0.3,0.7,0.2,1.3,4.3,2002
223,12,13,Sam Mack,31,12,1,13.3,1.2,4.1,0.286,0.6,2.3,0.25,0.6,1.8,0.333,0.357,0.4,0.6,0.714,0.2,1.0,1.2,0.3,0.4,0.1,0.6,1.4,3.3,2002
224,13,14,Vladimir Stepania,25,67,4,13.2,1.7,3.7,0.47,0.0,0.0,0.5,1.7,3.7,0.47,0.472,0.7,1.6,0.481,1.5,2.5,4.0,0.2,0.4,0.7,0.8,1.5,4.3,2002
225,14,15,Tang Hamilton,23,9,2,10.9,1.1,2.1,0.526,0.0,0.1,0.0,1.1,2.0,0.556,0.526,0.0,0.1,0.0,0.7,1.3,2.0,0.6,0.4,0.0,0.2,1.1,2.2,2002
226,15,16,Mike James,26,15,0,7.9,1.0,2.9,0.349,0.5,1.4,0.381,0.5,1.5,0.318,0.442,0.3,0.5,0.571,0.1,0.8,0.9,1.3,0.4,0.1,0.9,1.1,2.8,2002
227,16,17,Ernest Brown,22,3,0,7.0,0.3,2.0,0.167,0.0,0.0,,0.3,2.0,0.167,0.167,0.3,1.3,0.25,0.3,1.7,2.0,0.0,0.0,0.3,1.0,1.3,1.0,2002
228,0,1,Eddie Jones,31,47,47,38.1,6.2,14.6,0.423,2.1,5.1,0.407,4.1,9.5,0.432,0.494,4.0,4.9,0.822,0.7,4.1,4.8,3.7,1.4,0.7,1.8,2.9,18.5,2003
229,1,2,Caron Butler,22,78,78,36.6,5.5,13.2,0.416,0.4,1.4,0.318,5.1,11.9,0.427,0.432,4.0,4.8,0.824,1.7,3.4,5.1,2.7,1.8,0.4,2.5,2.9,15.4,2003
230,2,3,Brian Grant,30,82,82,32.2,4.2,8.2,0.509,0.0,0.0,,4.2,8.2,0.509,0.509,1.9,2.5,0.771,2.9,7.3,10.2,1.3,0.8,0.6,1.6,3.7,10.3,2003
231,3,4,Malik Allen,24,80,73,29.0,4.2,9.9,0.424,0.0,0.1,0.0,4.2,9.8,0.426,0.424,1.2,1.5,0.802,1.7,3.6,5.3,0.7,0.5,1.0,1.6,2.9,9.6,2003
232,4,5,Travis Best,30,72,52,25.1,3.2,8.1,0.396,0.5,1.5,0.33,2.7,6.6,0.411,0.427,1.5,1.7,0.854,0.4,1.7,2.0,3.5,0.6,0.1,1.5,2.4,8.4,2003
233,5,6,Mike James,27,78,8,22.1,2.8,7.5,0.373,0.9,2.9,0.294,1.9,4.6,0.423,0.43,1.3,1.8,0.732,0.3,1.6,1.9,3.2,0.8,0.1,1.4,2.3,7.8,2003
234,6,7,Rasual Butler,23,72,28,21.0,2.9,7.9,0.362,0.7,2.4,0.292,2.2,5.6,0.392,0.406,1.1,1.4,0.731,0.4,2.2,2.6,1.3,0.3,0.6,1.1,1.5,7.5,2003
235,7,8,Vladimir Stepania,26,79,6,20.2,2.3,5.4,0.433,0.0,0.0,,2.3,5.4,0.433,0.433,0.9,1.7,0.53,2.7,4.3,7.0,0.3,0.6,0.5,0.9,2.1,5.6,2003
236,8,9,Anthony Carter,27,49,26,18.6,1.7,4.8,0.356,0.0,0.2,0.0,1.7,4.6,0.369,0.356,0.7,1.0,0.66,0.2,1.4,1.7,4.1,0.9,0.1,1.7,1.4,4.1,2003
237,9,10,Eddie House,24,55,7,18.6,3.1,8.1,0.387,0.7,2.2,0.3,2.5,5.9,0.42,0.428,0.6,0.7,0.861,0.3,1.5,1.8,1.6,0.8,0.0,0.8,1.3,7.5,2003
238,10,11,LaPhonso Ellis,32,55,3,14.3,1.8,4.8,0.382,0.5,1.9,0.252,1.3,2.8,0.471,0.433,0.9,1.2,0.758,0.8,2.1,2.9,0.3,0.3,0.3,0.6,1.6,5.0,2003
239,11,12,Sean Lampley,23,35,0,13.9,1.6,3.7,0.434,0.0,0.1,0.0,1.6,3.6,0.448,0.434,1.6,2.3,0.695,0.7,1.6,2.4,0.9,0.2,0.1,0.7,1.2,4.8,2003
240,12,13,Ken Johnson,24,16,0,9.8,0.9,2.3,0.405,0.0,0.0,,0.9,2.3,0.405,0.405,0.1,0.4,0.333,0.3,1.8,2.0,0.0,0.1,0.8,0.4,1.3,2.0,2003
241,13,14,Sean Marks,27,23,0,9.7,1.0,2.6,0.373,0.0,0.0,0.0,1.0,2.5,0.379,0.373,0.4,0.7,0.667,0.3,1.2,1.5,0.1,0.2,0.3,0.6,1.6,2.3,2003
242,0,1,Lamar Odom,24,80,80,37.5,6.1,14.1,0.43,0.8,2.6,0.298,5.3,11.5,0.46,0.457,4.3,5.7,0.742,2.0,7.7,9.7,4.1,1.1,0.9,3.0,3.4,17.1,2004
243,1,2,Eddie Jones,32,81,81,37.0,5.8,14.3,0.409,2.2,5.9,0.37,3.7,8.4,0.437,0.486,3.4,4.1,0.835,0.5,3.3,3.8,3.2,1.1,0.4,1.6,2.8,17.3,2004
244,2,3,Dwyane Wade,22,61,56,34.9,6.1,13.1,0.465,0.3,0.9,0.302,5.8,12.2,0.477,0.475,3.8,5.1,0.747,1.4,2.7,4.0,4.5,1.4,0.6,3.2,2.3,16.2,2004
245,3,4,Rafer Alston,27,82,28,31.5,3.5,9.3,0.376,2.0,5.3,0.371,1.5,4.0,0.382,0.481,1.3,1.6,0.769,0.3,2.4,2.8,4.5,1.4,0.2,1.6,2.6,10.2,2004
246,4,5,Brian Grant,31,76,76,30.3,3.8,8.1,0.471,0.0,0.0,0.0,3.8,8.1,0.472,0.471,1.1,1.4,0.782,2.3,4.6,6.9,0.9,0.7,0.5,1.1,3.3,8.7,2004
247,5,6,Caron Butler,23,68,56,29.9,3.5,9.3,0.38,0.1,0.6,0.238,3.4,8.7,0.39,0.388,2.0,2.6,0.756,1.4,3.4,4.8,1.9,1.1,0.2,1.3,2.4,9.2,2004
248,6,7,Udonis Haslem,23,75,24,23.9,2.7,6.0,0.459,0.0,0.0,0.0,2.7,5.9,0.462,0.459,1.9,2.4,0.765,2.5,3.8,6.3,0.7,0.4,0.3,1.0,2.6,7.3,2004
249,7,8,Rasual Butler,24,45,0,15.0,2.6,5.6,0.476,1.1,2.4,0.463,1.5,3.2,0.486,0.576,0.4,0.5,0.762,0.1,1.3,1.4,0.5,0.2,0.3,0.6,1.6,6.8,2004
250,8,9,Malik Allen,25,45,6,13.7,1.8,4.4,0.419,0.0,0.0,,1.8,4.4,0.419,0.419,0.6,0.7,0.758,0.9,1.7,2.6,0.4,0.3,0.6,0.6,1.8,4.2,2004
251,9,10,Loren Woods,25,38,2,13.3,1.2,2.5,0.458,0.0,0.0,,1.2,2.5,0.458,0.458,0.9,1.4,0.6,1.7,1.8,3.5,0.3,0.3,0.5,0.7,1.4,3.2,2004
252,10,11,Samaki Walker,27,33,0,12.7,1.2,3.0,0.384,0.0,0.1,0.0,1.2,2.9,0.392,0.384,0.9,1.3,0.659,1.3,2.1,3.4,0.2,0.3,0.3,0.5,1.6,3.2,2004
253,11,12,John Wallace,29,37,0,9.9,1.6,3.9,0.421,0.1,0.4,0.385,1.5,3.6,0.424,0.438,0.8,1.1,0.775,0.3,1.3,1.6,0.4,0.1,0.2,0.6,1.0,4.3,2004
254,12,13,Kirk Penney,23,2,0,9.0,0.5,3.0,0.167,0.5,1.5,0.333,0.0,1.5,0.0,0.25,0.0,0.0,,0.0,0.5,0.5,0.5,0.5,0.0,1.5,0.5,1.5,2004
255,13,14,Bimbo Coles,35,22,1,7.7,0.5,1.5,0.353,0.0,0.0,,0.5,1.5,0.353,0.353,0.2,0.3,0.667,0.1,0.4,0.5,0.7,0.1,0.0,0.4,1.2,1.3,2004
256,14,15,Tyrone Hill,35,5,0,7.6,0.6,1.0,0.6,0.0,0.0,,0.6,1.0,0.6,0.6,0.6,0.8,0.75,1.0,0.6,1.6,0.0,0.0,0.2,0.4,2.0,1.8,2004
257,15,16,Wang Zhizhi,26,14,0,7.5,1.2,3.2,0.378,0.3,1.0,0.286,0.9,2.2,0.419,0.422,0.4,0.4,0.833,0.3,0.7,1.0,0.1,0.2,0.3,0.4,0.9,3.1,2004
258,16,17,Jerome Beasley,23,2,0,2.5,0.5,1.5,0.333,0.0,0.0,,0.5,1.5,0.333,0.333,0.0,0.0,,0.0,0.5,0.5,0.0,0.0,0.0,0.0,0.0,1.0,2004
259,0,1,Dwyane Wade,23,77,77,38.6,8.2,17.1,0.478,0.2,0.6,0.289,8.0,16.5,0.485,0.483,7.5,9.9,0.762,1.4,3.7,5.2,6.8,1.6,1.1,4.2,3.0,24.1,2005
260,1,2,Eddie Jones,33,80,80,35.5,4.4,10.3,0.428,1.8,4.8,0.372,2.6,5.5,0.477,0.515,2.2,2.7,0.806,0.5,4.6,5.1,2.7,1.1,0.5,1.2,3.1,12.7,2005
261,2,3,Shaquille O'Neal,32,73,73,34.1,9.0,15.0,0.601,0.0,0.0,,9.0,15.0,0.601,0.601,4.8,10.5,0.461,3.5,6.9,10.4,2.7,0.5,2.3,2.8,3.6,22.9,2005
262,3,4,Udonis Haslem,24,80,80,33.4,4.3,8.0,0.54,0.0,0.1,0.0,4.3,8.0,0.543,0.54,2.2,2.8,0.791,3.0,6.1,9.1,1.4,0.8,0.5,1.4,3.3,10.9,2005
263,4,5,Damon Jones,28,82,66,31.4,4.0,8.9,0.456,2.7,6.4,0.432,1.3,2.5,0.517,0.611,0.8,1.0,0.791,0.2,2.6,2.8,4.3,0.5,0.1,1.2,1.5,11.6,2005
264,5,6,Rasual Butler,25,65,15,18.5,2.5,6.3,0.399,0.9,2.4,0.373,1.6,3.9,0.414,0.468,0.6,0.7,0.771,0.2,2.1,2.3,1.0,0.3,0.4,0.6,1.6,6.5,2005
265,6,7,Shandon Anderson,31,65,5,17.7,1.5,3.3,0.456,0.1,0.4,0.179,1.4,2.9,0.497,0.467,0.8,1.0,0.818,0.6,2.3,2.9,1.1,0.6,0.2,0.8,2.1,3.9,2005
266,7,8,Malik Allen,26,14,0,17.7,2.5,5.4,0.461,0.0,0.0,,2.5,5.4,0.461,0.461,0.9,1.0,0.929,1.7,2.0,3.7,0.8,0.3,0.8,0.8,2.1,5.9,2005
267,8,9,Keyon Dooling,24,74,0,16.0,1.9,4.7,0.403,0.3,1.0,0.253,1.6,3.6,0.444,0.43,1.1,1.5,0.78,0.1,1.1,1.2,1.8,0.5,0.1,0.9,1.6,5.2,2005
268,9,10,Christian Laettner,35,49,0,15.1,2.2,3.8,0.582,0.0,0.1,0.143,2.2,3.6,0.599,0.584,0.9,1.2,0.763,0.7,1.9,2.7,0.8,0.7,0.3,0.6,1.6,5.3,2005
269,10,11,Michael Doleac,27,80,8,14.7,1.9,4.1,0.447,0.0,0.0,0.0,1.9,4.1,0.45,0.447,0.3,0.5,0.61,0.9,2.3,3.2,0.6,0.3,0.3,0.5,2.0,4.0,2005
270,11,12,Qyntel Woods,23,3,0,13.3,1.7,4.0,0.417,0.0,0.0,,1.7,4.0,0.417,0.417,0.0,0.0,,0.7,1.3,2.0,0.0,1.3,0.0,0.7,2.0,3.3,2005
271,12,13,Alonzo Mourning,34,19,3,12.9,1.7,3.3,0.516,0.0,0.0,,1.7,3.3,0.516,0.516,1.6,2.9,0.564,1.2,2.6,3.7,0.2,0.2,1.7,0.6,1.7,5.0,2005
272,13,14,Wesley Person,33,16,3,12.9,1.6,3.6,0.439,0.5,1.3,0.381,1.1,2.3,0.472,0.509,0.3,0.3,1.0,0.1,1.3,1.4,0.7,0.4,0.0,0.4,0.4,3.9,2005
273,14,15,Dorell Wright,19,3,0,9.0,1.0,3.7,0.273,0.0,1.3,0.0,1.0,2.3,0.429,0.273,0.3,0.3,1.0,0.0,0.3,0.3,1.0,1.3,0.0,1.0,0.7,2.3,2005
274,15,16,Steve Smith,35,13,0,8.8,0.7,2.3,0.3,0.2,1.2,0.2,0.5,1.2,0.4,0.35,0.2,0.2,0.667,0.2,1.1,1.2,1.1,0.2,0.0,0.2,0.6,1.8,2005
275,16,17,Wang Zhizhi,27,20,0,4.6,0.9,1.8,0.472,0.1,0.2,0.667,0.8,1.7,0.455,0.5,0.4,0.6,0.583,0.3,0.6,0.9,0.3,0.2,0.1,0.3,0.5,2.2,2005
276,0,1,Dwyane Wade,24,75,75,38.6,9.3,18.8,0.495,0.2,1.0,0.171,9.1,17.8,0.513,0.499,8.4,10.7,0.783,1.4,4.3,5.7,6.7,1.9,0.8,3.6,2.9,27.2,2006
277,1,2,Jason Williams,30,59,56,31.8,4.5,10.3,0.442,1.8,4.9,0.372,2.7,5.4,0.506,0.531,1.4,1.7,0.867,0.1,2.3,2.4,4.9,0.9,0.1,1.7,1.7,12.3,2006
278,2,3,Udonis Haslem,25,81,80,30.8,3.7,7.3,0.508,0.0,0.0,0.0,3.7,7.3,0.509,0.508,1.9,2.5,0.789,2.1,5.8,7.8,1.2,0.6,0.2,1.0,2.7,9.3,2006
279,3,4,Shaquille O'Neal,33,59,58,30.6,8.1,13.6,0.6,0.0,0.0,,8.1,13.6,0.6,0.6,3.7,8.0,0.469,2.9,6.3,9.2,1.9,0.4,1.8,2.8,3.9,20.0,2006
280,4,5,James Posey,29,67,63,28.6,2.4,5.9,0.403,1.7,4.3,0.403,0.6,1.6,0.4,0.551,0.7,0.9,0.787,0.5,4.3,4.8,1.3,0.8,0.3,0.9,2.9,7.2,2006
281,5,6,Gary Payton,37,81,25,28.5,2.8,6.8,0.42,0.8,2.8,0.287,2.0,3.9,0.517,0.481,1.2,1.6,0.794,0.4,2.5,2.9,3.2,0.9,0.1,1.3,2.1,7.7,2006
282,6,7,Antoine Walker,29,82,19,26.8,4.8,11.0,0.435,1.7,4.7,0.358,3.1,6.3,0.493,0.512,1.0,1.6,0.628,1.3,3.9,5.1,2.0,0.6,0.4,1.8,2.3,12.2,2006
283,7,8,Derek Anderson,31,23,3,20.2,1.7,5.7,0.308,0.9,2.9,0.313,0.8,2.7,0.302,0.388,1.4,1.7,0.842,0.4,2.2,2.6,2.1,0.3,0.1,0.7,2.1,5.8,2006
284,8,9,Alonzo Mourning,35,65,20,20.0,2.9,4.8,0.597,0.0,0.0,0.0,2.9,4.8,0.599,0.597,2.0,3.4,0.594,1.9,3.6,5.5,0.2,0.2,2.7,1.2,2.7,7.8,2006
285,9,10,Shandon Anderson,32,48,1,13.3,1.1,2.6,0.429,0.1,0.4,0.263,1.0,2.2,0.458,0.448,0.3,0.4,0.722,0.4,1.3,1.7,0.6,0.4,0.1,0.5,1.6,2.6,2006
286,10,11,Gerald Fitch,23,18,1,13.3,1.7,4.9,0.337,0.4,1.4,0.269,1.3,3.5,0.365,0.376,0.9,1.3,0.739,0.4,1.3,1.7,1.8,0.4,0.3,0.8,1.6,4.7,2006
287,11,12,Jason Kapono,24,51,2,13.0,1.5,3.5,0.446,0.4,1.0,0.396,1.1,2.4,0.468,0.506,0.5,0.6,0.848,0.2,1.2,1.4,0.7,0.1,0.1,0.4,1.7,4.1,2006
288,12,13,Michael Doleac,28,31,3,12.0,1.2,2.8,0.42,0.0,0.0,,1.2,2.8,0.42,0.42,0.8,1.0,0.8,0.7,2.0,2.7,0.3,0.3,0.2,0.5,1.5,3.2,2006
289,13,14,Wayne Simien,22,43,2,9.6,1.3,2.8,0.483,0.0,0.0,,1.3,2.8,0.483,0.483,0.7,0.8,0.882,0.9,1.2,2.0,0.2,0.3,0.0,0.6,1.6,3.4,2006
290,14,15,Dorell Wright,20,20,2,6.6,1.0,2.2,0.465,0.2,0.3,0.5,0.9,1.9,0.459,0.5,0.8,0.9,0.882,0.1,1.5,1.6,0.4,0.2,0.1,0.7,0.6,2.9,2006
291,15,16,Earl Barron,24,8,0,5.6,0.6,2.0,0.313,0.0,0.0,,0.6,2.0,0.313,0.313,0.4,0.5,0.75,0.3,1.0,1.3,0.0,0.0,0.0,0.6,1.3,1.6,2006
292,16,17,Matt Walsh,23,2,0,1.5,0.5,0.5,1.0,0.0,0.0,,0.5,0.5,1.0,1.0,0.0,1.0,0.0,0.0,0.0,0.0,0.0,0.0,0.0,0.5,0.0,1.0,2006
293,0,1,Dwyane Wade,25,51,50,37.9,9.3,18.9,0.491,0.4,1.5,0.266,8.8,17.3,0.511,0.502,8.5,10.5,0.807,1.0,3.7,4.7,7.5,2.1,1.2,4.2,2.3,27.4,2007
294,1,2,Udonis Haslem,26,79,79,31.4,4.5,9.1,0.492,0.0,0.1,0.0,4.5,9.0,0.495,0.492,1.7,2.6,0.68,2.4,5.9,8.3,1.2,0.6,0.3,1.4,3.0,10.7,2007
295,2,3,Jason Williams,31,61,55,30.6,3.9,9.3,0.413,1.6,4.8,0.339,2.2,4.5,0.493,0.501,1.5,1.7,0.913,0.3,2.0,2.3,5.3,1.0,0.0,1.6,1.1,10.9,2007
296,3,4,Eddie Jones,35,35,27,29.5,3.5,7.7,0.446,1.6,4.2,0.378,1.9,3.5,0.528,0.55,1.0,1.2,0.829,0.5,3.2,3.7,2.2,1.3,0.2,0.7,2.0,9.5,2007
297,4,5,Shaquille O'Neal,34,40,39,28.4,7.1,12.0,0.591,0.0,0.0,,7.1,12.0,0.591,0.591,3.1,7.4,0.422,2.4,5.0,7.4,2.0,0.2,1.4,2.4,3.5,17.3,2007
298,5,6,James Posey,30,71,19,27.0,2.6,6.1,0.431,1.4,3.6,0.375,1.3,2.4,0.514,0.543,1.1,1.4,0.827,0.9,4.1,5.0,1.3,1.0,0.3,0.8,2.7,7.7,2007
299,6,7,Jason Kapono,25,67,35,26.4,4.1,8.4,0.494,1.6,3.1,0.514,2.5,5.3,0.482,0.59,1.0,1.1,0.892,0.4,2.3,2.7,1.2,0.6,0.0,1.0,2.0,10.9,2007
300,7,8,Antoine Walker,30,78,15,23.3,3.4,8.6,0.397,1.1,3.9,0.275,2.3,4.7,0.499,0.46,0.6,1.3,0.438,1.2,3.2,4.3,1.7,0.6,0.2,1.8,2.2,8.5,2007
301,8,9,Gary Payton,38,68,28,22.1,2.1,5.4,0.393,0.5,1.8,0.26,1.6,3.6,0.461,0.437,0.6,0.8,0.667,0.3,1.7,1.9,3.0,0.6,0.0,1.0,1.7,5.3,2007
302,9,10,Alonzo Mourning,36,77,43,20.4,3.1,5.5,0.56,0.0,0.0,,3.1,5.5,0.56,0.56,2.4,4.0,0.601,1.6,2.9,4.5,0.2,0.2,2.3,1.7,2.8,8.6,2007
303,10,11,Dorell Wright,21,66,19,19.6,2.5,5.5,0.445,0.1,0.5,0.147,2.4,5.0,0.476,0.452,1.0,1.3,0.744,0.6,3.5,4.1,1.4,0.6,0.7,1.0,1.7,6.0,2007
304,11,12,Michael Doleac,29,56,0,12.5,1.5,3.1,0.469,0.0,0.0,0.0,1.5,3.1,0.471,0.469,0.6,0.7,0.878,0.8,2.0,2.8,0.4,0.3,0.3,0.5,1.7,3.6,2007
305,12,13,Wayne Simien,23,8,0,11.6,1.1,2.9,0.391,0.0,0.0,,1.1,2.9,0.391,0.391,0.6,0.9,0.714,0.6,0.8,1.4,0.5,0.3,0.0,0.4,1.6,2.9,2007
306,13,14,Robert Hite,23,12,0,11.3,1.6,5.0,0.317,0.4,1.9,0.217,1.2,3.1,0.378,0.358,0.7,1.0,0.667,0.3,1.0,1.3,0.7,0.3,0.2,0.5,0.7,4.3,2007
307,14,15,Chris Quinn,23,42,1,9.7,1.1,3.1,0.366,0.5,1.4,0.351,0.7,1.8,0.378,0.443,0.6,0.9,0.676,0.1,0.6,0.7,1.5,0.4,0.0,0.5,0.8,3.4,2007
308,15,16,Earl Barron,25,28,0,7.3,0.9,3.0,0.289,0.0,0.0,0.0,0.9,2.9,0.293,0.289,0.6,0.6,0.944,0.7,0.8,1.5,0.2,0.2,0.1,0.4,0.8,2.3,2007
309,0,1,Dwyane Wade,26,51,49,38.3,8.6,18.4,0.469,0.4,1.5,0.286,8.2,16.9,0.485,0.48,6.9,9.2,0.758,0.9,3.3,4.2,6.9,1.7,0.7,4.4,2.7,24.6,2008
310,1,2,Shawn Marion,29,16,15,37.6,6.0,13.1,0.459,0.5,1.9,0.258,5.5,11.1,0.494,0.478,1.8,2.6,0.69,3.1,8.1,11.2,2.5,1.9,0.9,2.3,2.1,14.3,2008
311,2,3,Udonis Haslem,27,49,48,36.8,4.8,10.3,0.467,0.0,0.0,,4.8,10.3,0.467,0.467,2.3,2.9,0.81,2.2,6.9,9.0,1.4,0.8,0.4,1.4,3.0,12.0,2008
312,3,4,Ricky Davis,28,82,47,36.1,5.1,11.8,0.433,1.6,4.1,0.405,3.5,7.8,0.447,0.502,1.9,2.4,0.787,0.7,3.6,4.3,3.4,1.1,0.2,2.3,2.3,13.8,2008
313,4,5,Shaquille O'Neal,35,33,33,28.6,5.8,10.0,0.581,0.0,0.0,,5.8,10.0,0.581,0.581,2.7,5.4,0.494,3.0,4.8,7.8,1.4,0.6,1.6,3.0,4.1,14.2,2008
314,5,6,Jason Williams,32,67,53,28.1,3.1,8.2,0.384,1.4,4.1,0.353,1.7,4.1,0.415,0.472,1.0,1.2,0.863,0.2,1.8,1.9,4.6,1.2,0.1,1.4,1.4,8.8,2008
315,6,7,Kasib Powell,26,11,4,27.6,3.2,8.6,0.368,0.7,3.0,0.242,2.5,5.6,0.435,0.411,0.5,0.8,0.667,0.7,3.3,4.0,1.6,0.8,0.2,0.5,1.6,7.6,2008
316,7,8,Dorell Wright,22,44,34,25.1,3.3,6.7,0.488,0.1,0.3,0.364,3.2,6.4,0.493,0.495,1.3,1.6,0.826,1.1,3.9,5.0,1.4,0.7,0.9,0.7,1.8,7.9,2008
317,8,9,Daequan Cook,20,59,19,24.4,3.3,8.7,0.381,1.3,4.0,0.332,2.0,4.7,0.424,0.458,0.8,1.0,0.825,0.3,2.7,3.0,1.3,0.4,0.2,1.1,2.7,8.8,2008
318,9,10,Bobby Jones,24,6,0,23.8,2.8,5.3,0.531,1.0,2.5,0.4,1.8,2.8,0.647,0.625,1.3,2.2,0.615,1.3,2.7,4.0,0.8,0.3,0.0,1.2,3.0,8.0,2008
319,10,11,Mark Blount,32,69,46,22.3,3.4,7.5,0.462,0.2,0.6,0.386,3.2,6.8,0.469,0.479,1.3,2.0,0.638,1.0,2.8,3.8,0.6,0.5,0.5,1.0,1.9,8.4,2008
320,11,12,Chris Quinn,24,60,25,22.3,2.6,6.2,0.424,1.1,2.7,0.403,1.6,3.6,0.439,0.509,1.4,1.6,0.867,0.2,1.8,2.0,3.0,0.8,0.1,0.9,1.5,7.8,2008
321,12,13,Marcus Banks,26,12,2,21.6,3.5,6.8,0.512,1.3,3.1,0.405,2.3,3.8,0.6,0.604,1.3,1.6,0.789,0.1,2.0,2.1,3.0,0.5,0.4,1.8,2.3,9.5,2008
322,13,14,Joel Anthony,25,24,1,20.8,1.2,2.5,0.467,0.0,0.0,,1.2,2.5,0.467,0.467,1.2,2.0,0.592,1.6,2.3,3.9,0.1,0.4,1.3,0.7,2.3,3.5,2008
323,14,15,Anfernee Hardaway,36,16,8,20.3,1.4,3.8,0.367,0.5,1.2,0.421,0.9,2.6,0.341,0.433,0.5,0.6,0.889,0.2,2.0,2.2,2.2,1.2,0.1,0.8,1.5,3.8,2008
324,15,16,Smush Parker,26,9,0,20.3,1.9,6.0,0.315,0.7,2.7,0.25,1.2,3.3,0.367,0.37,0.3,0.4,0.75,0.2,1.9,2.1,1.7,0.6,0.3,0.9,1.4,4.8,2008
325,16,17,Stephane Lasme,25,15,4,20.2,2.1,4.7,0.451,0.0,0.0,,2.1,4.7,0.451,0.451,1.3,2.1,0.594,1.7,1.8,3.5,0.2,0.9,1.5,1.0,2.3,5.5,2008
326,17,18,Earl Barron,26,46,15,19.3,2.9,7.1,0.404,0.0,0.3,0.077,2.8,6.8,0.417,0.405,1.3,1.9,0.701,1.5,2.8,4.3,0.6,0.4,0.2,1.0,2.5,7.1,2008
327,18,19,Luke Jackson,26,14,1,16.3,1.9,5.7,0.325,0.8,2.1,0.367,1.1,3.6,0.3,0.394,1.1,1.6,0.696,0.5,1.9,2.4,1.2,0.6,0.0,0.6,1.6,5.6,2008
328,19,20,Alonzo Mourning,37,25,0,15.6,2.1,3.8,0.547,0.0,0.0,,2.1,3.8,0.547,0.547,1.8,3.0,0.592,1.4,2.4,3.7,0.3,0.2,1.7,1.0,2.2,6.0,2008
329,20,21,Blake Ahearn,23,12,0,14.8,1.3,4.8,0.263,0.8,2.8,0.294,0.4,1.9,0.217,0.351,2.5,2.6,0.968,0.1,1.5,1.6,1.6,0.5,0.0,1.3,1.7,5.8,2008
330,21,22,Alexander Johnson,24,43,6,12.8,1.4,2.9,0.488,0.0,0.0,,1.4,2.9,0.488,0.488,1.3,1.9,0.687,0.7,1.4,2.2,0.3,0.3,0.2,1.0,1.9,4.2,2008
331,0,1,Dwyane Wade,27,79,79,38.6,10.8,22.0,0.491,1.1,3.5,0.317,9.7,18.5,0.524,0.516,7.5,9.8,0.765,1.1,3.9,5.0,7.5,2.2,1.3,3.4,2.3,30.2,2009
332,1,2,Shawn Marion,30,42,41,36.1,5.1,10.6,0.482,0.2,1.0,0.2,4.9,9.7,0.51,0.491,1.6,2.0,0.788,2.5,6.1,8.7,1.8,1.4,1.1,1.3,2.2,12.0,2009
333,2,3,Udonis Haslem,28,75,75,34.1,4.4,8.6,0.518,0.0,0.0,,4.4,8.6,0.518,0.518,1.7,2.3,0.753,2.3,6.0,8.2,1.1,0.6,0.3,1.1,2.7,10.6,2009
334,3,4,Mario Chalmers,22,82,82,32.0,3.4,8.1,0.42,1.4,3.8,0.367,2.0,4.3,0.467,0.506,1.8,2.4,0.767,0.5,2.3,2.8,4.9,2.0,0.1,2.0,2.9,10.0,2009
335,4,5,Jermaine O'Neal,30,27,27,30.0,5.4,11.3,0.475,0.0,0.0,,5.4,11.3,0.475,0.475,2.2,3.0,0.75,2.0,3.3,5.4,2.0,0.4,2.0,1.9,3.0,13.0,2009
336,5,6,Jamario Moon,28,26,21,26.5,2.8,6.0,0.459,1.0,2.8,0.37,1.7,3.2,0.536,0.545,0.5,0.6,0.867,0.4,4.1,4.5,1.0,0.8,0.6,0.5,1.8,7.1,2009
337,6,7,Michael Beasley,20,81,19,24.8,5.6,11.8,0.472,0.4,1.0,0.407,5.2,10.8,0.478,0.49,2.3,3.0,0.772,1.4,4.1,5.4,1.0,0.5,0.5,1.5,2.3,13.9,2009
338,7,8,Daequan Cook,21,75,4,24.4,3.2,8.6,0.375,2.0,5.3,0.387,1.2,3.3,0.356,0.494,0.7,0.7,0.875,0.3,2.3,2.5,0.9,0.5,0.1,0.6,1.7,9.1,2009
339,8,9,Luther Head,26,10,0,17.6,1.6,4.3,0.372,0.6,1.6,0.375,1.0,2.7,0.37,0.442,0.5,0.8,0.625,0.3,2.2,2.5,2.3,1.1,0.1,0.9,2.2,4.3,2009
340,9,10,Joel Anthony,26,65,28,16.1,0.9,1.8,0.483,0.0,0.0,,0.9,1.8,0.483,0.483,0.5,0.7,0.652,1.4,1.7,3.0,0.4,0.3,1.4,0.6,2.1,2.2,2009
341,10,11,James Jones,28,40,1,15.8,1.4,3.7,0.369,0.8,2.4,0.344,0.6,1.3,0.415,0.48,0.7,0.8,0.839,0.3,1.3,1.6,0.5,0.3,0.4,0.3,1.5,4.2,2009
342,11,12,Chris Quinn,25,66,0,14.6,1.8,4.4,0.408,0.8,2.1,0.409,0.9,2.3,0.408,0.505,0.7,0.9,0.81,0.1,1.0,1.1,2.0,0.4,0.0,0.5,1.2,5.1,2009
343,12,13,Yakhouba Diawara,26,63,21,13.5,1.2,3.4,0.35,0.8,2.6,0.313,0.4,0.9,0.463,0.468,0.2,0.3,0.526,0.4,0.9,1.3,0.4,0.2,0.1,0.3,1.2,3.4,2009
344,13,14,Jamaal Magloire,30,55,12,12.9,1.2,2.4,0.496,0.0,0.0,,1.2,2.4,0.496,0.496,0.5,1.1,0.483,1.5,2.5,4.0,0.4,0.2,0.5,0.6,2.2,2.9,2009
345,14,15,Dorell Wright,23,6,0,12.2,1.3,3.3,0.4,0.0,0.0,,1.3,3.3,0.4,0.4,0.3,1.0,0.333,0.3,3.0,3.3,0.3,0.3,0.0,1.0,1.3,3.0,2009
346,15,16,Mark Blount,33,20,0,10.4,1.5,3.9,0.385,0.6,1.4,0.407,1.0,2.6,0.373,0.455,0.4,0.7,0.615,0.5,1.6,2.1,0.2,0.1,0.4,0.7,0.9,4.0,2009
347,16,17,Marcus Banks,27,16,0,10.4,0.9,2.4,0.385,0.1,0.9,0.143,0.8,1.6,0.52,0.41,0.6,0.9,0.667,0.0,0.9,0.9,1.4,0.6,0.1,0.7,1.3,2.6,2009
348,17,18,Shaun Livingston,23,4,0,10.3,0.8,2.0,0.375,0.0,0.0,,0.8,2.0,0.375,0.375,0.8,1.0,0.75,0.0,0.5,0.5,1.0,0.5,0.0,0.8,1.0,2.3,2009
349,0,1,Dwyane Wade,28,77,77,36.3,9.3,19.6,0.476,0.9,3.2,0.3,8.4,16.5,0.509,0.5,6.9,9.1,0.761,1.4,3.5,4.8,6.5,1.8,1.1,3.3,2.4,26.6,2010
350,1,2,Michael Beasley,21,78,78,29.8,6.0,13.3,0.45,0.4,1.3,0.275,5.6,12.0,0.469,0.463,2.5,3.1,0.8,1.6,4.8,6.4,1.3,1.0,0.6,1.7,2.8,14.8,2010
351,2,3,Jermaine O'Neal,31,70,70,28.4,5.6,10.6,0.529,0.0,0.0,0.0,5.6,10.6,0.53,0.529,2.3,3.2,0.72,1.8,5.2,6.9,1.3,0.4,1.4,1.8,3.0,13.6,2010
352,3,4,Udonis Haslem,29,78,0,27.9,4.0,8.1,0.494,0.0,0.0,,4.0,8.1,0.494,0.494,1.9,2.5,0.762,2.1,5.9,8.1,0.7,0.4,0.3,1.0,2.2,9.9,2010
353,4,5,Quentin Richardson,29,76,75,27.4,3.2,7.4,0.431,1.9,4.7,0.397,1.3,2.7,0.493,0.558,0.7,0.9,0.732,0.8,4.1,4.9,1.2,0.9,0.2,0.8,2.2,8.9,2010
354,5,6,Rafer Alston,33,25,25,26.2,2.4,6.8,0.355,1.2,3.2,0.37,1.2,3.5,0.341,0.444,0.6,1.1,0.556,0.2,2.0,2.2,2.9,0.9,0.2,1.4,2.1,6.6,2010
355,6,7,Mario Chalmers,23,73,22,24.8,2.5,6.2,0.401,1.0,3.2,0.318,1.5,3.0,0.491,0.483,1.1,1.5,0.745,0.3,1.5,1.8,3.4,1.2,0.2,1.7,2.4,7.1,2010
356,7,8,Carlos Arroyo,30,72,35,22.0,2.5,5.2,0.475,0.1,0.3,0.28,2.4,4.9,0.489,0.484,1.1,1.3,0.844,0.4,1.4,1.8,3.1,0.5,0.1,0.8,1.4,6.1,2010
357,8,9,Dorell Wright,24,72,1,20.8,2.7,5.8,0.463,0.8,2.2,0.389,1.8,3.6,0.508,0.536,0.8,1.0,0.884,0.7,2.6,3.3,1.3,0.7,0.4,0.7,1.3,7.1,2010
358,9,10,Joel Anthony,27,80,16,16.5,1.0,2.0,0.478,0.0,0.0,,1.0,2.0,0.478,0.478,0.8,1.2,0.717,1.5,1.6,3.1,0.2,0.3,1.4,0.6,2.0,2.7,2010
359,10,11,Shavlik Randolph,26,3,0,15.7,1.7,5.0,0.333,0.0,0.0,,1.7,5.0,0.333,0.333,0.0,0.0,,2.3,2.0,4.3,0.0,0.3,0.3,0.7,3.0,3.3,2010
360,11,12,Daequan Cook,22,45,3,15.4,1.8,5.6,0.32,0.9,2.8,0.317,0.9,2.8,0.323,0.399,0.5,0.6,0.84,0.2,1.6,1.8,1.0,0.3,0.2,0.5,1.1,5.0,2010
361,12,13,James Jones,29,36,6,14.0,1.2,3.3,0.361,1.0,2.5,0.411,0.2,0.8,0.207,0.517,0.6,0.8,0.821,0.1,1.1,1.3,0.5,0.3,0.1,0.3,1.3,4.1,2010
362,13,14,Jamaal Magloire,31,36,0,10.0,0.8,1.6,0.5,0.0,0.0,,0.8,1.6,0.5,0.5,0.6,1.6,0.356,1.1,2.2,3.4,0.0,0.3,0.3,0.5,1.6,2.1,2010
363,14,15,Yakhouba Diawara,27,6,2,7.3,0.3,1.7,0.2,0.2,1.0,0.167,0.2,0.7,0.25,0.25,0.0,0.0,,0.2,0.5,0.7,0.5,0.2,0.0,0.5,1.3,0.8,2010
364,0,1,LeBron James,26,79,79,38.8,9.6,18.8,0.51,1.2,3.5,0.33,8.4,15.3,0.552,0.541,6.4,8.4,0.759,1.0,6.5,7.5,7.0,1.6,0.6,3.6,2.1,26.7,2011
365,1,2,Dwyane Wade,29,76,76,37.1,9.1,18.2,0.5,0.8,2.7,0.306,8.3,15.5,0.534,0.523,6.5,8.6,0.758,1.6,4.8,6.4,4.6,1.5,1.1,3.1,2.6,25.5,2011
366,2,3,Chris Bosh,26,77,77,36.3,6.8,13.7,0.496,0.1,0.3,0.24,6.7,13.4,0.502,0.499,5.0,6.1,0.815,1.8,6.5,8.3,1.9,0.8,0.6,1.8,2.2,18.7,2011
367,3,4,Mike Bibby,32,22,12,26.5,2.5,5.7,0.437,1.8,4.0,0.455,0.7,1.7,0.395,0.595,0.5,0.7,0.625,0.1,2.1,2.2,2.5,0.5,0.1,1.5,2.1,7.3,2011
368,4,5,Udonis Haslem,30,13,0,26.5,3.4,6.6,0.512,0.0,0.0,,3.4,6.6,0.512,0.512,1.2,1.5,0.8,2.2,5.9,8.2,0.5,0.5,0.2,1.1,3.0,8.0,2011
369,5,6,Mario Chalmers,24,70,28,22.6,2.2,5.5,0.399,1.2,3.3,0.359,1.0,2.2,0.459,0.506,0.8,0.9,0.871,0.2,1.9,2.1,2.5,1.1,0.1,1.3,2.3,6.4,2011
370,6,7,Mike Miller,30,41,2,20.4,2.0,4.9,0.401,1.0,2.9,0.364,0.9,2.0,0.452,0.507,0.6,0.8,0.676,0.9,3.6,4.5,1.2,0.5,0.0,1.0,2.1,5.6,2011
371,7,8,Carlos Arroyo,31,49,42,20.3,2.2,4.9,0.458,0.6,1.3,0.438,1.7,3.6,0.466,0.517,0.6,0.7,0.8,0.3,1.4,1.6,2.0,0.3,0.0,0.9,1.2,5.6,2011
372,8,9,Joel Anthony,28,75,11,19.5,0.7,1.3,0.535,0.0,0.0,,0.7,1.3,0.535,0.535,0.6,1.0,0.644,1.4,2.2,3.5,0.3,0.1,1.2,0.5,2.6,2.0,2011
373,9,10,James Jones,30,81,8,19.1,1.8,4.3,0.422,1.5,3.5,0.429,0.3,0.7,0.39,0.6,0.7,0.9,0.833,0.3,1.7,2.0,0.5,0.4,0.2,0.3,1.6,5.9,2011
374,10,11,Eddie House,32,56,1,17.5,2.3,5.7,0.399,1.2,3.1,0.389,1.1,2.6,0.411,0.505,0.7,0.7,0.95,0.2,1.5,1.6,1.1,0.6,0.1,0.5,1.2,6.5,2011
375,11,12,Erick Dampier,35,51,22,16.0,1.0,1.7,0.584,0.0,0.0,0.0,1.0,1.7,0.591,0.584,0.5,0.9,0.545,1.0,2.4,3.5,0.4,0.3,0.9,0.6,1.6,2.5,2011
376,12,13,Zydrunas Ilgauskas,35,72,51,15.9,2.3,4.4,0.508,0.0,0.0,0.0,2.3,4.4,0.509,0.508,0.5,0.6,0.783,1.5,2.5,4.0,0.4,0.3,0.8,0.7,2.6,5.0,2011
377,13,14,Juwan Howard,37,57,0,10.4,1.0,2.2,0.44,0.0,0.0,,1.0,2.2,0.44,0.44,0.5,0.6,0.829,0.6,1.5,2.1,0.4,0.2,0.1,0.4,1.1,2.4,2011
378,14,15,Jamaal Magloire,32,18,0,8.8,0.7,1.2,0.591,0.0,0.0,,0.7,1.2,0.591,0.591,0.5,1.0,0.5,0.9,2.4,3.4,0.2,0.2,0.1,0.3,1.4,1.9,2011
379,15,16,Jerry Stackhouse,36,7,1,7.1,0.4,1.7,0.25,0.1,0.6,0.25,0.3,1.1,0.25,0.292,0.7,1.0,0.714,0.1,0.9,1.0,0.4,0.0,0.3,0.3,0.4,1.7,2011
380,16,17,Dexter Pittman,22,2,0,5.5,0.5,1.5,0.333,0.0,0.0,,0.5,1.5,0.333,0.333,0.0,0.0,,0.5,1.0,1.5,0.0,0.0,0.0,1.0,1.0,1.0,2011
381,0,1,LeBron James,27,62,62,37.5,10.0,18.9,0.531,0.9,2.4,0.362,9.1,16.5,0.556,0.554,6.2,8.1,0.771,1.5,6.4,7.9,6.2,1.9,0.8,3.4,1.5,27.1,2012
382,1,2,Chris Bosh,27,57,57,35.2,6.9,14.2,0.487,0.2,0.6,0.286,6.7,13.5,0.496,0.493,4.0,4.9,0.821,1.6,6.3,7.9,1.8,0.9,0.8,2.1,2.2,18.0,2012
383,2,3,Dwyane Wade,30,49,49,33.2,8.5,17.1,0.497,0.3,1.1,0.268,8.2,15.9,0.513,0.506,4.8,6.1,0.791,1.5,3.3,4.8,4.6,1.7,1.3,2.6,2.2,22.1,2012
384,3,4,Mario Chalmers,25,64,64,28.5,3.5,7.8,0.448,1.6,4.1,0.388,1.9,3.7,0.513,0.549,1.3,1.6,0.792,0.3,2.4,2.7,3.5,1.5,0.2,2.2,2.6,9.8,2012
385,4,5,Udonis Haslem,31,64,10,24.8,2.4,5.6,0.423,0.0,0.0,,2.4,5.6,0.423,0.423,1.3,1.6,0.814,1.8,5.5,7.3,0.7,0.5,0.4,0.9,2.2,6.0,2012
386,5,6,Shane Battier,33,65,10,23.1,1.7,4.5,0.387,1.0,2.8,0.339,0.8,1.7,0.468,0.493,0.4,0.6,0.622,0.9,1.5,2.4,1.3,1.0,0.5,0.6,1.6,4.8,2012
387,6,7,Joel Anthony,29,64,51,21.1,1.3,2.4,0.559,0.0,0.0,,1.3,2.4,0.559,0.559,0.8,1.1,0.69,1.6,2.3,3.9,0.1,0.6,1.3,0.7,2.0,3.4,2012
388,7,8,Norris Cole,23,65,2,19.4,2.7,6.9,0.393,0.3,1.2,0.276,2.4,5.8,0.417,0.417,1.0,1.3,0.776,0.3,1.1,1.4,2.0,0.7,0.0,1.6,1.9,6.8,2012
389,8,9,Mike Miller,31,39,2,19.3,2.3,5.4,0.435,1.4,3.0,0.453,1.0,2.4,0.413,0.562,0.1,0.1,0.4,0.6,2.7,3.3,1.1,0.4,0.2,0.8,1.5,6.1,2012
390,9,10,Ronny Turiaf,29,13,5,17.0,1.2,2.3,0.533,0.0,0.1,0.0,1.2,2.2,0.552,0.533,1.0,1.7,0.591,1.5,3.0,4.5,0.4,0.6,1.1,0.6,2.5,3.5,2012
391,10,11,Terrel Harris,24,22,1,14.5,1.3,3.8,0.349,0.4,1.8,0.205,1.0,2.0,0.477,0.398,0.6,1.0,0.667,0.8,1.5,2.3,1.2,0.4,0.1,1.1,1.5,3.6,2012
392,11,12,James Jones,31,51,10,13.1,1.1,2.9,0.38,0.9,2.2,0.404,0.2,0.7,0.306,0.533,0.5,0.6,0.833,0.1,0.8,1.0,0.4,0.3,0.2,0.2,0.9,3.6,2012
393,12,13,Dexter Pittman,23,35,6,8.6,1.3,2.7,0.468,0.0,0.0,,1.3,2.7,0.468,0.468,0.5,0.8,0.643,0.8,1.3,2.0,0.3,0.2,0.2,0.5,2.1,3.0,2012
394,13,14,Juwan Howard,38,28,0,6.8,0.6,2.0,0.309,0.0,0.0,,0.6,2.0,0.309,0.309,0.3,0.4,0.8,0.6,1.0,1.7,0.4,0.1,0.0,0.7,0.6,1.5,2012
395,14,15,Eddy Curry,29,14,1,5.9,0.9,1.9,0.462,0.0,0.0,,0.9,1.9,0.462,0.462,0.4,0.6,0.75,0.3,0.6,0.9,0.1,0.0,0.1,0.7,1.2,2.1,2012
396,15,16,Mickell Gladness,25,8,0,3.5,0.1,0.4,0.333,0.0,0.0,,0.1,0.4,0.333,0.333,0.0,0.0,,0.1,1.3,1.4,0.3,0.1,0.1,0.4,1.0,0.3,2012
397,0,1,LeBron James,28,76,76,37.9,10.1,17.8,0.565,1.4,3.3,0.406,8.7,14.5,0.602,0.603,5.3,7.0,0.753,1.3,6.8,8.0,7.3,1.7,0.9,3.0,1.4,26.8,2013
398,1,2,Dwyane Wade,31,69,69,34.7,8.2,15.8,0.521,0.2,1.0,0.258,8.0,14.9,0.537,0.528,4.5,6.2,0.725,1.2,3.7,5.0,5.1,1.9,0.8,2.8,2.0,21.2,2013
399,2,3,Chris Bosh,28,74,74,33.2,6.6,12.3,0.535,0.3,1.0,0.284,6.3,11.3,0.557,0.546,3.3,4.1,0.798,1.8,5.0,6.8,1.7,0.9,1.4,1.7,2.3,16.6,2013
400,3,4,Mario Chalmers,26,77,77,26.9,2.9,6.9,0.429,1.6,3.9,0.409,1.4,3.0,0.456,0.545,1.2,1.5,0.795,0.2,2.0,2.2,3.5,1.5,0.2,1.5,2.5,8.6,2013
401,4,5,Ray Allen,37,79,0,25.8,3.7,8.2,0.449,1.8,4.2,0.419,1.9,4.0,0.48,0.555,1.8,2.0,0.886,0.5,2.2,2.7,1.7,0.8,0.2,1.3,1.6,10.9,2013
402,5,6,Shane Battier,34,72,20,24.8,2.1,5.0,0.42,1.9,4.4,0.43,0.2,0.6,0.348,0.608,0.4,0.5,0.842,0.5,1.8,2.3,1.0,0.6,0.8,0.5,2.1,6.6,2013
403,6,7,Norris Cole,24,80,4,19.9,2.2,5.3,0.421,0.4,1.2,0.357,1.8,4.1,0.44,0.462,0.7,1.0,0.65,0.2,1.4,1.6,2.1,0.7,0.1,1.3,1.9,5.6,2013
404,7,8,Udonis Haslem,32,75,59,18.9,1.7,3.3,0.514,0.0,0.0,,1.7,3.3,0.514,0.514,0.4,0.6,0.711,1.3,4.1,5.4,0.5,0.4,0.2,0.6,2.3,3.9,2013
405,8,9,Mike Miller,32,59,17,15.3,1.7,3.9,0.433,1.2,3.0,0.417,0.5,0.9,0.482,0.591,0.1,0.2,0.727,0.3,2.4,2.7,1.7,0.4,0.1,0.6,1.1,4.8,2013
406,9,10,Chris Andersen,34,42,0,14.9,1.7,2.9,0.577,0.0,0.1,0.667,1.6,2.9,0.575,0.585,1.5,2.2,0.677,1.4,2.7,4.1,0.4,0.4,1.0,0.6,2.1,4.9,2013
407,10,11,Rashard Lewis,33,55,9,14.4,1.9,4.5,0.414,0.9,2.4,0.389,0.9,2.1,0.441,0.516,0.5,0.8,0.622,0.3,1.9,2.2,0.5,0.4,0.3,0.6,1.2,5.2,2013
408,11,12,Joel Anthony,30,62,3,9.1,0.6,1.1,0.515,0.0,0.0,,0.6,1.1,0.515,0.515,0.3,0.5,0.607,0.7,1.1,1.9,0.2,0.2,0.7,0.4,0.8,1.4,2013
409,12,13,Juwan Howard,39,7,2,7.3,1.4,2.7,0.526,0.0,0.0,,1.4,2.7,0.526,0.526,0.1,0.1,1.0,0.0,1.1,1.1,0.9,0.0,0.0,0.6,1.3,3.0,2013
410,13,14,James Jones,32,38,0,5.8,0.6,1.6,0.344,0.4,1.4,0.302,0.1,0.2,0.625,0.475,0.1,0.1,0.5,0.0,0.6,0.6,0.3,0.1,0.2,0.1,0.4,1.6,2013
411,14,15,Josh Harrellson,23,6,0,5.2,0.7,1.5,0.444,0.2,0.8,0.2,0.5,0.7,0.75,0.5,0.2,0.3,0.5,0.5,0.7,1.2,0.0,0.2,0.2,0.5,0.7,1.7,2013
412,15,16,Jarvis Varnado,24,8,0,5.0,0.1,0.4,0.333,0.0,0.0,,0.1,0.4,0.333,0.333,0.0,0.0,,0.1,0.6,0.8,0.3,0.0,0.3,0.6,1.1,0.3,2013
413,16,17,Terrel Harris,25,7,0,4.1,0.3,1.1,0.25,0.0,0.1,0.0,0.3,1.0,0.286,0.25,0.9,1.1,0.75,0.6,0.7,1.3,0.3,0.0,0.0,0.6,0.4,1.4,2013
414,17,18,Dexter Pittman,24,4,0,3.0,0.8,1.3,0.6,0.0,0.0,,0.8,1.3,0.6,0.6,0.0,0.0,,1.0,0.8,1.8,0.0,0.0,0.0,0.5,1.0,1.5,2013
415,0,1,LeBron James,29,77,77,37.7,10.0,17.6,0.567,1.5,4.0,0.379,8.5,13.6,0.622,0.61,5.7,7.6,0.75,1.1,5.9,6.9,6.3,1.6,0.3,3.5,1.6,27.1,2014
416,1,2,Dwyane Wade,32,54,53,32.9,7.7,14.1,0.545,0.2,0.6,0.281,7.5,13.5,0.557,0.551,3.5,4.8,0.733,1.1,3.4,4.5,4.7,1.5,0.5,3.0,2.0,19.0,2014
417,2,3,Chris Bosh,29,79,79,32.0,6.2,12.1,0.516,0.9,2.8,0.339,5.3,9.3,0.569,0.555,2.8,3.4,0.82,1.2,5.4,6.6,1.1,1.0,1.0,1.6,2.4,16.2,2014
418,3,4,Mario Chalmers,27,73,73,29.8,3.5,7.7,0.454,1.2,3.1,0.385,2.3,4.6,0.5,0.531,1.7,2.2,0.742,0.6,2.4,2.9,4.9,1.6,0.2,2.2,2.9,9.8,2014
419,4,5,Ray Allen,38,73,9,26.5,3.3,7.4,0.442,1.6,4.2,0.375,1.7,3.2,0.53,0.549,1.4,1.6,0.905,0.3,2.5,2.8,2.0,0.7,0.1,1.2,1.6,9.6,2014
420,5,6,Norris Cole,25,82,6,24.6,2.5,6.1,0.414,0.7,2.1,0.345,1.8,4.0,0.451,0.474,0.6,0.8,0.779,0.2,1.7,2.0,3.0,0.9,0.1,1.5,1.9,6.4,2014
421,6,7,Shane Battier,35,73,56,20.1,1.4,3.8,0.382,1.0,2.9,0.348,0.4,0.9,0.492,0.515,0.2,0.3,0.652,0.5,1.4,1.9,0.9,0.7,0.5,0.3,1.7,4.1,2014
422,7,8,Chris Andersen,35,72,0,19.4,2.5,3.8,0.644,0.0,0.2,0.25,2.4,3.7,0.662,0.649,1.7,2.3,0.71,1.8,3.5,5.3,0.3,0.4,1.3,0.7,2.3,6.6,2014
423,8,9,Rashard Lewis,34,60,6,16.2,1.6,3.9,0.415,0.8,2.2,0.343,0.9,1.7,0.51,0.513,0.4,0.6,0.788,0.4,1.4,1.8,1.0,0.9,0.1,0.6,1.5,4.5,2014
424,9,10,Toney Douglas,27,27,17,15.2,1.5,3.9,0.394,0.4,1.6,0.279,1.1,2.3,0.475,0.452,0.7,1.0,0.769,0.5,1.7,2.3,1.8,0.5,0.1,0.7,1.7,4.2,2014
425,10,11,Michael Beasley,25,55,2,15.1,3.2,6.5,0.499,0.4,1.0,0.389,2.8,5.5,0.518,0.528,1.1,1.4,0.772,0.6,2.6,3.1,0.8,0.4,0.4,1.0,1.7,7.9,2014
426,11,12,Udonis Haslem,33,46,18,14.2,1.6,3.2,0.507,0.0,0.0,,1.6,3.2,0.507,0.507,0.5,1.0,0.568,0.9,2.9,3.8,0.3,0.2,0.3,0.5,1.7,3.8,2014
427,12,13,James Jones,33,20,6,11.8,1.6,3.4,0.456,1.4,2.7,0.519,0.2,0.7,0.214,0.662,0.4,0.6,0.636,0.1,1.1,1.2,0.5,0.2,0.2,0.2,0.3,4.9,2014
428,13,14,Roger Mason,33,25,2,10.4,1.0,2.7,0.373,0.7,1.9,0.354,0.3,0.8,0.421,0.5,0.3,0.3,1.0,0.0,0.8,0.9,0.8,0.2,0.0,0.4,1.0,3.0,2014
429,14,15,Justin Hamilton,23,7,0,9.7,1.3,2.9,0.45,0.4,1.3,0.333,0.9,1.6,0.545,0.525,0.7,0.7,1.0,0.6,0.4,1.0,0.0,0.6,0.0,0.4,1.1,3.7,2014
430,15,16,Greg Oden,26,23,6,9.2,1.2,2.1,0.551,0.0,0.0,,1.2,2.1,0.551,0.551,0.6,1.0,0.565,1.0,1.3,2.3,0.0,0.3,0.6,0.5,2.3,2.9,2014
431,16,17,Joel Anthony,31,12,0,3.1,0.2,0.5,0.333,0.0,0.0,,0.2,0.5,0.333,0.333,0.2,0.2,1.0,0.2,0.4,0.6,0.0,0.0,0.3,0.1,0.3,0.5,2014
432,17,18,DeAndre Liggins,25,1,0,1.0,1.0,1.0,1.0,0.0,0.0,,1.0,1.0,1.0,1.0,0.0,0.0,,1.0,0.0,1.0,0.0,0.0,0.0,0.0,0.0,2.0,2014
433,0,1,Chris Bosh,30,44,44,35.4,7.8,16.9,0.46,1.4,3.8,0.375,6.4,13.1,0.485,0.503,4.1,5.3,0.772,1.0,6.0,7.0,2.2,0.9,0.6,2.2,1.6,21.1,2015
434,1,2,Goran Dragic,28,26,26,34.8,6.2,12.4,0.502,0.9,2.8,0.329,5.3,9.6,0.552,0.539,3.2,4.0,0.808,1.2,2.3,3.4,5.3,1.1,0.2,2.3,2.9,16.6,2015
435,2,3,Luol Deng,29,72,72,33.6,5.1,10.9,0.469,1.1,3.1,0.355,4.0,7.9,0.513,0.518,2.7,3.5,0.761,1.4,3.8,5.2,1.9,0.9,0.3,1.5,1.5,14.0,2015
436,3,4,Dwyane Wade,33,62,62,31.8,8.2,17.5,0.47,0.5,1.6,0.284,7.7,15.8,0.489,0.483,4.6,6.0,0.768,0.9,2.6,3.5,4.8,1.2,0.3,3.4,1.7,21.5,2015
437,4,5,Mario Chalmers,28,80,37,29.6,3.3,8.3,0.403,0.9,3.1,0.294,2.4,5.2,0.467,0.458,2.6,3.3,0.774,0.3,2.3,2.6,3.8,1.5,0.1,2.2,3.1,10.2,2015
438,5,6,Henry Walker,27,24,13,26.2,2.4,7.0,0.345,1.9,5.5,0.341,0.5,1.5,0.361,0.479,0.6,0.8,0.778,0.3,3.1,3.4,1.2,1.0,0.4,1.0,3.2,7.3,2015
439,6,7,Norris Cole,26,47,23,24.4,2.5,6.5,0.386,0.6,2.2,0.265,1.9,4.3,0.446,0.43,0.7,1.0,0.696,0.3,2.0,2.3,3.5,0.9,0.2,1.2,1.6,6.3,2015
440,7,8,Hassan Whiteside,25,48,32,23.8,5.1,8.1,0.628,0.0,0.0,,5.1,8.1,0.628,0.628,1.6,3.3,0.5,3.0,7.0,10.0,0.1,0.6,2.6,1.2,2.7,11.8,2015
441,8,9,Michael Beasley,26,24,1,21.0,3.8,8.8,0.434,0.3,1.4,0.235,3.5,7.4,0.472,0.453,0.8,1.1,0.769,0.5,3.2,3.7,1.3,0.6,0.5,1.5,2.8,8.8,2015
442,9,10,Shawne Williams,28,44,22,21.0,2.3,5.5,0.425,1.4,3.5,0.395,1.0,2.0,0.477,0.55,0.6,0.8,0.848,0.6,2.5,3.2,0.8,0.5,0.4,0.5,2.6,6.6,2015
443,10,11,Danny Granger,31,30,6,20.4,2.2,5.4,0.401,1.0,2.8,0.357,1.2,2.6,0.449,0.494,0.9,1.2,0.757,0.7,2.0,2.7,0.6,0.4,0.2,0.8,2.2,6.3,2015
444,11,12,Shabazz Napier,23,51,10,19.8,1.7,4.5,0.382,0.8,2.3,0.364,0.9,2.2,0.4,0.476,0.9,1.1,0.786,0.3,1.9,2.2,2.5,0.8,0.1,1.6,1.5,5.1,2015
445,12,13,Chris Andersen,36,60,20,18.9,2.0,3.5,0.58,0.1,0.2,0.308,1.9,3.2,0.598,0.589,1.3,1.9,0.667,1.3,3.7,5.0,0.7,0.4,1.0,0.7,1.5,5.3,2015
446,13,14,Tyler Johnson,22,32,2,18.8,2.2,5.2,0.419,0.6,1.5,0.375,1.6,3.7,0.437,0.473,1.0,1.5,0.681,0.4,2.1,2.5,1.3,1.0,0.3,0.9,1.3,5.9,2015
447,14,15,Shannon Brown,29,5,2,17.8,1.4,3.8,0.368,0.6,1.4,0.429,0.8,2.4,0.333,0.447,0.6,0.8,0.75,0.0,0.2,0.2,0.6,0.8,0.0,0.8,1.6,4.0,2015
448,15,16,Josh McRoberts,27,17,4,17.4,1.6,3.1,0.528,0.5,1.1,0.421,1.2,2.0,0.588,0.604,0.5,0.8,0.615,0.4,2.2,2.6,1.9,0.7,0.2,1.3,2.4,4.2,2015
449,16,17,James Ennis III,24,62,3,17.0,1.6,4.0,0.409,0.5,1.5,0.326,1.1,2.5,0.461,0.472,1.3,1.5,0.84,0.8,2.0,2.8,0.8,0.4,0.3,0.6,1.4,5.0,2015
450,17,18,Udonis Haslem,34,62,25,16.0,1.7,3.9,0.448,0.0,0.2,0.2,1.7,3.7,0.459,0.452,0.7,1.0,0.703,1.1,3.0,4.2,0.7,0.3,0.2,0.7,1.8,4.2,2015
451,18,19,Justin Hamilton,24,24,5,12.0,1.1,2.7,0.415,0.3,0.8,0.316,0.9,1.9,0.457,0.462,0.3,0.3,0.857,1.0,1.0,2.0,0.5,0.3,0.2,0.3,1.4,2.8,2015
452,19,20,Zoran Dragic,25,10,1,6.2,0.9,2.2,0.409,0.3,0.9,0.333,0.6,1.3,0.462,0.477,0.1,0.2,0.5,0.3,0.2,0.5,0.4,0.2,0.0,0.5,0.5,2.2,2015
453,20,21,Andre Dawkins,23,4,0,5.5,0.3,1.5,0.167,0.3,1.5,0.167,0.0,0.0,,0.25,0.0,0.0,,0.0,0.5,0.5,0.3,0.0,0.0,0.3,0.8,0.8,2015
454,0,1,Chris Bosh,31,53,53,33.5,6.8,14.5,0.467,1.5,4.2,0.365,5.2,10.3,0.508,0.52,4.0,5.1,0.795,0.9,6.5,7.4,2.4,0.7,0.6,1.5,1.9,19.1,2016
455,1,2,Goran Dragic,29,72,72,32.8,5.8,12.2,0.477,0.9,2.8,0.312,4.9,9.3,0.527,0.513,1.7,2.3,0.727,0.8,3.1,3.8,5.8,1.0,0.2,2.6,2.6,14.1,2016
456,2,3,Luol Deng,30,74,73,32.4,4.6,10.1,0.455,1.2,3.5,0.344,3.4,6.6,0.513,0.514,2.0,2.6,0.755,1.5,4.5,6.0,1.9,1.0,0.4,1.1,1.6,12.3,2016
457,3,4,Joe Johnson,34,24,24,32.0,5.4,10.5,0.518,1.5,3.5,0.417,4.0,7.0,0.569,0.588,1.1,1.4,0.765,0.6,2.2,2.8,3.6,0.9,0.1,1.8,1.9,13.4,2016
458,4,5,Dwyane Wade,34,74,73,30.5,7.3,16.0,0.456,0.1,0.6,0.159,7.2,15.4,0.468,0.459,4.4,5.5,0.793,1.1,3.0,4.1,4.6,1.1,0.6,2.7,1.6,19.0,2016
459,5,6,Hassan Whiteside,26,73,43,29.1,5.7,9.3,0.606,0.0,0.0,,5.7,9.3,0.606,0.606,2.9,4.5,0.65,3.3,8.6,11.8,0.4,0.6,3.7,1.9,2.8,14.2,2016
460,6,7,Justise Winslow,19,78,8,28.6,2.5,5.9,0.422,0.4,1.5,0.276,2.1,4.4,0.471,0.457,1.0,1.5,0.684,1.0,4.1,5.2,1.5,0.9,0.3,1.2,2.4,6.4,2016
461,7,8,Tyler Johnson,23,36,5,24.0,3.3,6.8,0.486,0.8,2.0,0.38,2.5,4.8,0.529,0.541,1.4,1.8,0.797,0.8,2.3,3.0,2.2,0.7,0.4,1.3,1.8,8.7,2016
462,8,9,Gerald Green,30,69,14,22.6,3.3,8.5,0.392,1.2,3.8,0.323,2.1,4.7,0.446,0.463,1.0,1.3,0.783,0.4,2.0,2.4,0.8,0.6,0.3,0.7,1.8,8.9,2016
463,9,10,Josh Richardson,22,52,2,21.3,2.4,5.2,0.452,1.0,2.2,0.461,1.3,3.0,0.446,0.55,0.8,1.2,0.667,0.4,1.7,2.1,1.4,0.7,0.5,0.7,2.1,6.6,2016
464,10,11,Mario Chalmers,29,6,0,20.0,1.7,5.3,0.313,0.2,1.8,0.091,1.5,3.5,0.429,0.328,2.0,2.2,0.923,0.2,2.2,2.3,3.2,1.3,0.2,1.5,2.7,5.5,2016
465,11,12,Beno Udrih,33,36,5,16.3,1.8,4.2,0.434,0.3,0.9,0.333,1.5,3.3,0.462,0.47,0.4,0.5,0.882,0.2,1.6,1.8,2.5,0.3,0.0,1.2,1.1,4.4,2016
466,12,13,Amar'e Stoudemire,33,52,36,14.7,2.4,4.3,0.566,0.0,0.0,,2.4,4.3,0.566,0.566,1.0,1.3,0.746,1.3,3.0,4.3,0.5,0.3,0.8,0.9,1.8,5.8,2016
467,13,14,Josh McRoberts,28,42,1,14.2,1.3,3.5,0.372,0.3,1.2,0.245,1.0,2.4,0.434,0.412,0.7,1.0,0.7,0.5,2.0,2.5,1.9,0.4,0.2,0.7,1.6,3.6,2016
468,14,15,Udonis Haslem,35,37,0,7.0,0.6,1.6,0.377,0.0,0.2,0.111,0.6,1.4,0.423,0.385,0.3,0.4,0.75,0.3,1.8,2.0,0.4,0.1,0.1,0.1,0.7,1.6,2016
469,15,16,Chris Andersen,37,7,1,5.1,0.6,1.4,0.4,0.3,0.7,0.4,0.3,0.7,0.4,0.5,0.4,0.6,0.75,0.4,0.9,1.3,0.4,0.1,0.4,0.3,0.6,1.9,2016
470,16,17,Briante Weber,23,1,0,3.0,1.0,1.0,1.0,0.0,0.0,,1.0,1.0,1.0,1.0,0.0,0.0,,0.0,1.0,1.0,1.0,0.0,0.0,0.0,1.0,2.0,2016
471,17,18,Jarnell Stokes,22,5,0,2.8,0.6,1.0,0.6,0.0,0.0,,0.6,1.0,0.6,0.6,0.2,0.4,0.5,0.0,0.4,0.4,0.2,0.2,0.0,0.0,0.2,1.4,2016
472,18,19,James Ennis III,25,3,0,2.3,0.0,0.0,,0.0,0.0,,0.0,0.0,,,0.0,0.0,,0.0,0.0,0.0,0.3,0.0,0.0,0.0,0.3,0.0,2016
473,0,1,Justise Winslow,20,18,15,34.7,4.4,12.5,0.356,0.4,1.9,0.2,4.1,10.6,0.384,0.371,1.6,2.6,0.617,1.3,3.9,5.2,3.7,1.4,0.3,1.8,2.9,10.9,2017
474,1,2,Goran Dragic,30,73,73,33.7,7.3,15.4,0.475,1.6,4.0,0.405,5.7,11.4,0.499,0.527,4.1,5.2,0.79,0.8,3.0,3.8,5.8,1.2,0.2,2.9,2.7,20.3,2017
475,2,3,Hassan Whiteside,27,77,77,32.6,7.0,12.6,0.557,0.0,0.0,,7.0,12.6,0.557,0.557,2.9,4.6,0.628,3.8,10.3,14.1,0.7,0.7,2.1,2.0,2.9,17.0,2017
476,3,4,Josh Richardson,23,53,34,30.5,3.8,9.7,0.394,1.4,4.3,0.33,2.4,5.4,0.444,0.467,1.1,1.5,0.779,0.7,2.5,3.2,2.6,1.1,0.7,1.2,2.5,10.2,2017
477,4,5,Dion Waiters,25,46,43,30.1,6.1,14.4,0.424,1.8,4.7,0.395,4.3,9.7,0.438,0.488,1.8,2.8,0.646,0.4,2.9,3.3,4.3,0.9,0.4,2.2,2.1,15.8,2017
478,5,6,Tyler Johnson,24,73,0,29.8,4.9,11.3,0.433,1.3,3.4,0.372,3.6,7.9,0.46,0.49,2.7,3.5,0.768,0.7,3.3,4.0,3.2,1.2,0.6,1.2,2.4,13.7,2017
479,6,7,James Johnson,29,76,5,27.4,4.8,10.1,0.479,1.1,3.4,0.34,3.7,6.8,0.548,0.535,2.0,2.8,0.707,0.9,4.1,4.9,3.6,1.0,1.1,2.3,2.6,12.8,2017
480,7,8,Rodney McGruder,25,78,65,25.2,2.4,5.9,0.413,0.9,2.8,0.332,1.5,3.1,0.488,0.492,0.6,0.9,0.62,1.2,2.1,3.3,1.6,0.6,0.2,0.7,1.8,6.4,2017
481,8,9,Wayne Ellington,29,62,13,24.2,3.7,9.0,0.416,2.4,6.4,0.378,1.3,2.6,0.509,0.55,0.6,0.7,0.86,0.3,1.8,2.1,1.1,0.6,0.1,0.5,1.1,10.5,2017
482,9,10,Josh McRoberts,29,22,14,17.3,2.0,5.4,0.373,0.6,1.4,0.419,1.4,4.0,0.356,0.428,0.3,0.4,0.667,1.0,2.3,3.4,2.3,0.5,0.2,1.0,1.4,4.9,2017
483,10,11,Luke Babbitt,27,68,55,15.7,1.7,4.1,0.402,1.3,3.1,0.414,0.4,1.0,0.366,0.557,0.2,0.2,0.733,0.2,1.9,2.1,0.5,0.3,0.2,0.4,1.7,4.8,2017
484,11,12,Derrick Williams,25,25,11,15.1,2.2,5.5,0.394,0.4,1.8,0.2,1.8,3.7,0.489,0.427,1.2,2.0,0.62,0.6,2.3,2.9,0.6,0.4,0.2,0.6,1.3,5.9,2017
485,12,13,Willie Reed,26,71,5,14.5,2.3,4.0,0.568,0.0,0.1,0.25,2.3,4.0,0.573,0.57,0.7,1.2,0.557,1.8,2.9,4.7,0.4,0.3,0.7,0.4,1.9,5.3,2017
486,13,14,Okaro White,24,35,0,13.5,0.9,2.5,0.379,0.3,1.0,0.353,0.6,1.5,0.396,0.448,0.6,0.6,0.909,0.7,1.6,2.3,0.6,0.3,0.3,0.5,1.5,2.8,2017
487,14,15,Udonis Haslem,36,16,0,8.1,0.7,1.4,0.478,0.0,0.2,0.0,0.7,1.3,0.55,0.478,0.6,0.9,0.6,0.5,1.8,2.3,0.4,0.4,0.1,0.5,1.4,1.9,2017
488,0,1,Josh Richardson,24,81,81,33.2,4.9,10.9,0.451,1.6,4.1,0.378,3.4,6.8,0.495,0.523,1.5,1.8,0.845,0.9,2.7,3.5,2.9,1.5,0.9,1.7,2.5,12.9,2018
489,1,2,Goran Dragic,31,75,75,31.7,6.5,14.3,0.45,1.5,4.0,0.37,5.0,10.3,0.481,0.502,2.9,3.6,0.801,0.7,3.4,4.1,4.8,0.8,0.2,2.2,2.4,17.3,2018
490,2,3,Dion Waiters,26,30,30,30.6,5.4,13.7,0.398,1.7,5.7,0.306,3.7,8.0,0.463,0.461,1.7,2.3,0.739,0.3,2.3,2.6,3.8,0.8,0.3,2.3,2.0,14.3,2018
491,3,4,Tyler Johnson,25,72,39,28.5,4.3,9.9,0.435,1.7,4.5,0.367,2.6,5.4,0.491,0.518,1.5,1.8,0.822,0.5,3.0,3.4,2.3,0.8,0.5,1.1,2.1,11.7,2018
492,4,5,James Johnson,30,73,41,26.6,4.2,8.4,0.503,0.8,2.5,0.308,3.5,5.9,0.587,0.55,1.5,2.2,0.698,0.8,4.1,4.9,3.8,1.0,0.7,1.9,2.6,10.8,2018
493,5,6,Wayne Ellington,30,77,2,26.5,3.7,9.1,0.407,2.9,7.5,0.392,0.8,1.6,0.479,0.569,0.9,1.0,0.859,0.3,2.5,2.8,1.0,0.7,0.1,0.7,1.2,11.2,2018
494,6,7,Hassan Whiteside,28,54,54,25.3,5.8,10.7,0.54,0.0,0.0,1.0,5.7,10.7,0.538,0.542,2.4,3.4,0.703,3.2,8.2,11.4,1.0,0.7,1.7,1.7,2.4,14.0,2018
495,7,8,Justise Winslow,21,68,25,24.7,3.0,7.2,0.424,0.7,1.9,0.38,2.3,5.3,0.44,0.474,1.0,1.5,0.635,0.9,4.5,5.4,2.2,0.8,0.5,1.1,2.1,7.8,2018
496,8,9,Kelly Olynyk,26,76,22,23.4,4.2,8.4,0.497,1.4,3.7,0.379,2.8,4.7,0.59,0.58,1.8,2.3,0.77,1.2,4.5,5.7,2.7,0.8,0.5,1.9,2.9,11.5,2018
497,9,10,Dwyane Wade,36,21,0,22.2,4.8,11.8,0.409,0.4,2.0,0.22,4.4,9.8,0.447,0.427,2.0,2.6,0.745,0.5,2.9,3.4,3.1,0.9,0.7,2.3,1.9,12.0,2018
498,10,11,Bam Adebayo,20,69,19,19.8,2.5,4.9,0.512,0.0,0.1,0.0,2.5,4.8,0.523,0.512,1.9,2.6,0.721,1.7,3.8,5.5,1.5,0.5,0.6,1.0,2.0,6.9,2018
499,11,12,Rodney McGruder,26,18,2,16.6,2.0,4.1,0.493,0.8,1.9,0.429,1.2,2.1,0.553,0.596,0.2,0.4,0.5,0.6,1.2,1.8,0.9,0.4,0.2,0.2,1.2,5.1,2018
500,12,13,Derrick Jones Jr.,20,14,8,15.1,1.4,3.5,0.388,0.2,1.1,0.188,1.1,2.4,0.485,0.418,0.8,1.3,0.611,1.4,1.1,2.4,0.4,0.2,0.6,0.4,1.6,3.7,2018
501,13,14,Okaro White,25,6,4,13.3,1.2,2.7,0.438,0.7,1.8,0.364,0.5,0.8,0.6,0.563,0.3,0.5,0.667,0.5,1.3,1.8,0.3,0.2,0.2,0.2,1.0,3.3,2018
502,14,15,Jordan Mickey,23,23,3,12.3,1.7,3.6,0.476,0.1,0.7,0.125,1.6,2.9,0.561,0.488,0.6,0.8,0.684,0.8,2.7,3.5,0.4,0.3,0.4,0.8,1.6,4.0,2018
503,15,16,Luke Babbitt,28,13,5,11.2,0.8,3.6,0.234,0.8,3.5,0.244,0.0,0.2,0.0,0.351,0.0,0.0,,0.2,1.0,1.2,0.4,0.1,0.2,0.3,0.5,2.5,2018
504,16,17,Derrick Walton,22,16,0,9.2,0.5,1.6,0.32,0.4,1.1,0.412,0.1,0.5,0.125,0.46,0.4,0.4,1.0,0.1,0.9,1.0,1.0,0.4,0.2,0.1,0.4,1.8,2018
505,17,18,Udonis Haslem,37,14,0,5.1,0.2,1.1,0.2,0.1,0.6,0.125,0.1,0.5,0.286,0.233,0.1,0.1,0.5,0.2,0.5,0.7,0.4,0.0,0.1,0.1,0.2,0.6,2018
506,18,19,Matt Williams,24,3,0,3.7,0.7,2.0,0.333,0.3,1.7,0.2,0.3,0.3,1.0,0.417,0.0,0.0,,0.0,0.3,0.3,0.0,0.0,0.0,0.3,0.3,1.7,2018
507,0,1,Josh Richardson,25,73,73,34.8,5.8,14.1,0.412,2.2,6.3,0.357,3.5,7.8,0.458,0.492,2.7,3.2,0.861,0.7,2.9,3.6,4.1,1.1,0.5,1.5,2.7,16.6,2019
508,1,2,Justise Winslow,22,66,52,29.7,4.9,11.3,0.433,1.5,3.9,0.375,3.5,7.5,0.462,0.497,1.3,2.1,0.628,1.0,4.4,5.4,4.3,1.1,0.3,2.2,2.7,12.6,2019
509,2,3,Goran Dragic,32,36,22,27.5,5.0,12.0,0.413,1.6,4.6,0.348,3.4,7.5,0.454,0.479,2.2,2.8,0.782,0.6,2.5,3.1,4.8,0.8,0.1,2.0,2.3,13.7,2019
510,3,4,Dwyane Wade,37,72,2,26.2,5.8,13.3,0.433,1.2,3.6,0.33,4.6,9.7,0.472,0.478,2.3,3.2,0.708,1.0,3.0,4.0,4.2,0.8,0.5,2.3,1.6,15.0,2019
511,4,5,Dion Waiters,27,44,28,25.9,4.5,10.9,0.414,2.5,6.6,0.377,2.0,4.3,0.471,0.528,0.5,1.0,0.5,0.2,2.5,2.6,2.8,0.7,0.2,1.5,1.6,12.0,2019
512,5,6,Tyler Johnson,26,44,10,25.5,3.9,9.1,0.426,1.6,4.6,0.353,2.3,4.5,0.503,0.516,1.4,2.0,0.693,0.4,2.3,2.8,2.5,0.9,0.5,1.4,1.6,10.8,2019
513,6,7,Rodney McGruder,27,66,45,23.5,2.8,7.0,0.403,1.2,3.4,0.351,1.6,3.6,0.453,0.489,0.8,1.1,0.722,0.9,2.7,3.6,1.7,0.5,0.2,1.0,1.7,7.6,2019
514,7,8,Bam Adebayo,21,82,28,23.3,3.4,5.9,0.576,0.0,0.2,0.2,3.4,5.7,0.588,0.579,2.0,2.8,0.735,2.0,5.3,7.3,2.2,0.9,0.8,1.5,2.5,8.9,2019
515,8,9,Hassan Whiteside,29,72,53,23.3,5.4,9.4,0.571,0.0,0.2,0.125,5.4,9.2,0.581,0.572,1.5,3.4,0.449,3.6,7.8,11.3,0.8,0.6,1.9,1.3,2.7,12.3,2019
516,9,10,Kelly Olynyk,27,79,36,22.9,3.3,7.1,0.463,1.4,4.0,0.354,1.9,3.1,0.604,0.563,1.9,2.3,0.822,0.9,3.8,4.7,1.8,0.7,0.5,1.4,2.3,10.0,2019
517,10,11,Wayne Ellington,31,25,12,21.3,2.8,7.4,0.375,2.3,6.2,0.368,0.5,1.2,0.414,0.53,0.6,0.6,0.875,0.2,1.6,1.9,1.2,1.0,0.1,0.6,1.6,8.4,2019
518,11,12,James Johnson,31,55,33,21.2,3.0,6.9,0.433,0.9,2.7,0.336,2.1,4.2,0.496,0.499,0.9,1.3,0.714,0.4,2.8,3.2,2.5,0.6,0.5,1.3,2.1,7.8,2019
519,12,13,Derrick Jones Jr.,21,60,14,19.2,2.7,5.4,0.494,0.5,1.5,0.308,2.2,3.9,0.567,0.537,1.2,2.0,0.607,1.6,2.4,4.0,0.6,0.8,0.7,0.7,2.1,7.0,2019
520,13,14,Duncan Robinson,24,15,1,10.7,1.2,3.1,0.391,0.7,2.3,0.286,0.5,0.7,0.727,0.5,0.3,0.4,0.667,0.1,1.1,1.3,0.3,0.3,0.0,0.3,0.7,3.3,2019
521,14,15,Udonis Haslem,38,10,1,7.4,1.1,3.3,0.333,0.0,1.2,0.0,1.1,2.1,0.524,0.333,0.3,0.4,0.75,0.3,2.4,2.7,0.2,0.0,0.0,0.3,0.9,2.5,2019
522,15,16,Yante Maten,22,2,0,6.5,0.5,2.0,0.25,0.0,0.5,0.0,0.5,1.5,0.333,0.25,0.0,0.0,,0.5,1.0,1.5,0.0,0.5,0.0,0.0,0.0,1.0,2019
523,16,17,Ryan Anderson,30,10,0,4.4,0.2,0.9,0.222,0.2,0.6,0.333,0.0,0.3,0.0,0.333,0.1,0.2,0.5,0.4,0.5,0.9,0.2,0.1,0.0,0.2,0.2,0.7,2019
524,17,18,Emanuel Terry,22,1,0,3.0,0.0,1.0,0.0,0.0,0.0,,0.0,1.0,0.0,0.0,1.0,2.0,0.5,1.0,0.0,1.0,1.0,0.0,0.0,0.0,0.0,1.0,2019
525,0,1,Jimmy Butler,30,58,58,33.8,5.9,13.1,0.455,0.5,2.1,0.244,5.4,11.0,0.495,0.474,7.6,9.1,0.834,1.8,4.8,6.7,6.0,1.8,0.6,2.2,1.4,19.9,2020
526,1,2,Bam Adebayo,22,72,72,33.6,6.1,11.0,0.557,0.0,0.2,0.143,6.1,10.8,0.564,0.558,3.7,5.3,0.691,2.4,7.8,10.2,5.1,1.1,1.3,2.8,2.5,15.9,2020
527,2,3,Justise Winslow,23,11,5,32.0,4.5,11.7,0.388,0.5,2.5,0.222,4.0,9.3,0.431,0.411,1.6,2.5,0.667,1.5,5.2,6.6,4.0,0.6,0.5,2.2,3.5,11.3,2020
528,3,4,Duncan Robinson,25,73,68,29.7,4.4,9.4,0.47,3.7,8.3,0.446,0.7,1.1,0.654,0.667,0.9,1.0,0.931,0.1,3.0,3.2,1.4,0.5,0.3,1.0,2.6,13.5,2020
529,4,5,Kendrick Nunn,24,67,67,29.3,6.0,13.6,0.439,2.0,5.8,0.35,3.9,7.8,0.505,0.514,1.3,1.5,0.85,0.3,2.4,2.7,3.3,0.8,0.2,1.7,2.3,15.3,2020
530,5,6,Goran Dragic,33,59,3,28.2,5.4,12.3,0.441,2.1,5.7,0.367,3.3,6.5,0.505,0.526,3.2,4.2,0.776,0.5,2.7,3.2,5.1,0.7,0.2,2.4,2.1,16.2,2020
531,6,7,Jae Crowder,29,20,8,27.7,4.0,8.2,0.482,2.9,6.4,0.445,1.1,1.8,0.611,0.655,1.1,1.5,0.733,0.6,4.8,5.4,1.8,1.3,0.5,0.8,2.9,11.9,2020
532,7,8,Tyler Herro,20,55,8,27.4,4.9,11.5,0.428,2.1,5.4,0.389,2.8,6.1,0.462,0.52,1.6,1.8,0.87,0.3,3.8,4.1,2.2,0.6,0.2,1.6,1.4,13.5,2020
533,8,9,Derrick Jones Jr.,22,59,16,23.3,3.1,5.9,0.527,0.6,2.2,0.28,2.5,3.7,0.677,0.58,1.6,2.1,0.772,1.1,2.8,3.9,1.1,1.0,0.6,0.5,2.2,8.5,2020
534,9,10,Meyers Leonard,27,51,49,20.3,2.3,4.6,0.509,1.0,2.5,0.414,1.3,2.1,0.623,0.622,0.4,0.5,0.643,0.6,4.5,5.1,1.1,0.3,0.3,0.8,2.1,6.1,2020
535,10,11,Andre Iguodala,36,21,0,19.9,1.8,4.2,0.432,0.7,2.2,0.298,1.1,2.0,0.585,0.511,0.3,0.7,0.4,0.8,2.9,3.7,2.4,0.7,1.0,1.2,1.7,4.6,2020
536,11,12,Kelly Olynyk,28,67,9,19.4,2.7,5.9,0.462,1.4,3.5,0.406,1.3,2.4,0.543,0.582,1.3,1.5,0.86,0.7,3.9,4.6,1.7,0.7,0.3,1.1,2.6,8.2,2020
537,12,13,Solomon Hill,28,11,1,17.0,1.3,4.1,0.311,0.6,2.2,0.292,0.6,1.9,0.333,0.389,1.3,1.5,0.875,0.5,1.5,1.9,0.9,1.1,0.5,1.0,1.1,4.5,2020
538,13,14,James Johnson,32,18,0,15.6,2.2,4.8,0.448,0.9,2.5,0.356,1.3,2.3,0.548,0.54,0.4,0.8,0.571,0.4,2.4,2.9,1.2,0.3,0.7,0.8,1.9,5.7,2020
539,14,15,Dion Waiters,28,3,0,14.0,3.3,8.7,0.385,2.7,5.7,0.471,0.7,3.0,0.222,0.538,0.0,0.3,0.0,0.0,3.7,3.7,1.0,0.0,0.7,1.0,1.7,9.3,2020
540,15,16,Udonis Haslem,39,4,1,11.0,1.0,2.8,0.364,0.3,0.8,0.333,0.8,2.0,0.375,0.409,0.8,1.0,0.75,0.3,3.8,4.0,0.3,0.0,0.0,0.3,1.5,3.0,2020
541,16,17,Gabe Vincent,23,9,0,9.2,0.9,4.1,0.216,0.7,3.0,0.222,0.2,1.1,0.2,0.297,0.0,0.0,,0.0,0.6,0.6,0.7,0.6,0.0,0.1,0.7,2.4,2020
542,17,18,Chris Silva,23,44,0,7.9,1.1,1.8,0.615,0.0,0.1,0.0,1.1,1.7,0.64,0.615,0.8,1.3,0.673,1.4,1.5,2.9,0.5,0.2,0.5,0.7,1.9,3.0,2020
543,18,19,Kyle Alexander,23,2,0,6.5,0.5,1.0,0.5,0.0,0.0,,0.5,1.0,0.5,0.5,0.0,0.0,,1.0,0.5,1.5,0.0,0.0,0.0,0.5,0.5,1.0,2020
544,19,20,KZ Okpala,20,5,0,5.2,0.6,1.0,0.6,0.0,0.2,0.0,0.6,0.8,0.75,0.6,0.2,0.4,0.5,0.2,0.8,1.0,0.2,0.4,0.2,0.2,0.4,1.4,2020
545,20,21,Daryl Macon,24,4,0,3.5,0.3,0.8,0.333,0.3,0.5,0.5,0.0,0.3,0.0,0.5,0.0,0.0,,0.0,0.0,0.0,0.3,0.0,0.0,0.5,0.3,0.8,2020
546,0,1,Jimmy Butler,31,52,52,33.6,7.0,14.2,0.497,0.5,2.0,0.245,6.6,12.2,0.538,0.514,6.9,8.0,0.863,1.8,5.1,6.9,7.1,2.1,0.3,2.1,1.4,21.5,2021
547,1,2,Bam Adebayo,23,64,64,33.5,7.1,12.5,0.57,0.0,0.1,0.25,7.1,12.4,0.573,0.571,4.4,5.5,0.799,2.2,6.7,9.0,5.4,1.2,1.0,2.6,2.3,18.7,2021
548,2,3,Duncan Robinson,26,72,72,31.4,4.4,10.0,0.439,3.5,8.5,0.408,0.9,1.4,0.625,0.614,0.9,1.0,0.827,0.1,3.4,3.5,1.8,0.6,0.3,1.1,2.5,13.1,2021
549,3,4,Tyler Herro,21,54,15,30.3,5.7,12.9,0.439,2.0,5.5,0.36,3.7,7.4,0.498,0.516,1.7,2.2,0.803,0.5,4.5,5.0,3.4,0.6,0.3,1.9,1.3,15.1,2021
550,4,5,Kendrick Nunn,25,56,44,29.5,5.7,11.8,0.485,2.2,5.7,0.381,3.5,6.0,0.583,0.578,1.0,1.1,0.933,0.4,2.8,3.2,2.6,0.9,0.3,1.4,1.9,14.6,2021
551,5,6,Trevor Ariza,35,30,27,28.0,3.3,8.0,0.411,1.7,4.8,0.35,1.6,3.3,0.5,0.515,1.1,1.5,0.773,0.9,3.9,4.8,1.8,1.0,0.6,0.7,1.8,9.4,2021
552,6,7,Victor Oladipo,28,4,4,27.8,4.0,10.8,0.372,1.0,4.3,0.235,3.0,6.5,0.462,0.419,3.0,4.5,0.667,0.8,2.8,3.5,3.5,1.8,0.5,3.5,3.3,12.0,2021
553,7,8,Kelly Olynyk,29,43,38,26.9,3.8,8.7,0.431,1.8,5.7,0.317,2.0,3.1,0.639,0.533,0.7,0.9,0.775,1.0,5.0,6.1,2.1,0.9,0.6,1.3,2.9,10.0,2021
554,8,9,Goran Dragic,34,50,11,26.7,4.8,11.1,0.432,1.8,4.9,0.373,3.0,6.2,0.479,0.514,2.0,2.4,0.828,0.5,2.9,3.4,4.4,0.7,0.2,2.4,2.3,13.4,2021
555,9,10,Andre Iguodala,37,63,5,21.3,1.5,3.9,0.383,1.0,2.9,0.33,0.6,1.0,0.53,0.504,0.4,0.6,0.658,0.6,2.9,3.5,2.3,0.9,0.6,1.1,1.4,4.4,2021
556,10,11,Avery Bradley,30,10,1,21.1,3.1,6.6,0.47,1.6,3.8,0.421,1.5,2.8,0.536,0.591,0.7,0.9,0.778,0.2,1.6,1.8,1.4,0.7,0.1,0.9,2.6,8.5,2021
557,11,12,Nemanja Bjelica,32,11,2,14.2,1.8,4.2,0.435,0.9,2.5,0.37,0.9,1.7,0.526,0.543,0.5,0.8,0.556,0.5,2.0,2.5,1.8,0.6,0.3,0.5,1.8,5.0,2021
558,12,13,Gabe Vincent,24,50,7,13.1,1.8,4.7,0.378,0.9,3.0,0.309,0.8,1.7,0.5,0.476,0.4,0.5,0.87,0.2,0.9,1.1,1.3,0.4,0.0,0.7,1.6,4.8,2021
559,13,14,Dewayne Dedmon,31,16,0,13.1,2.9,4.1,0.708,0.1,0.3,0.2,2.8,3.8,0.75,0.715,1.3,1.7,0.741,1.8,3.6,5.4,0.8,0.6,0.4,0.8,2.3,7.1,2021
560,14,15,Max Strus,24,39,0,13.0,2.2,4.8,0.455,1.3,3.8,0.338,0.9,1.0,0.897,0.588,0.4,0.6,0.667,0.1,0.9,1.1,0.6,0.3,0.1,0.2,1.1,6.1,2021
561,15,16,KZ Okpala,21,37,9,12.1,1.0,2.6,0.375,0.3,1.4,0.24,0.6,1.2,0.522,0.438,0.2,0.4,0.533,0.6,1.3,1.8,0.5,0.3,0.3,0.4,1.6,2.5,2021
562,16,17,Precious Achiuwa,21,61,4,12.1,2.0,3.7,0.544,0.0,0.0,0.0,2.0,3.7,0.546,0.544,0.9,1.8,0.509,1.2,2.2,3.4,0.5,0.3,0.5,0.7,1.5,5.0,2021
563,17,18,Maurice Harkless,27,11,3,11.3,0.5,1.2,0.385,0.5,1.0,0.455,0.0,0.2,0.0,0.577,0.0,0.2,0.0,0.2,1.0,1.2,0.6,0.2,0.4,0.3,1.3,1.4,2021
564,18,19,Meyers Leonard,28,3,2,9.7,1.0,2.3,0.429,1.0,2.3,0.429,0.0,0.0,,0.643,0.3,0.7,0.5,0.0,2.3,2.3,0.7,0.0,0.0,0.7,1.7,3.3,2021
565,19,20,Chris Silva,24,11,0,7.5,0.8,1.2,0.692,0.1,0.1,1.0,0.7,1.1,0.667,0.731,1.0,1.4,0.733,0.6,1.6,2.3,0.5,0.1,0.5,0.8,1.8,2.7,2021
566,20,21,Udonis Haslem,40,1,0,3.0,2.0,2.0,1.0,0.0,0.0,,2.0,2.0,1.0,1.0,0.0,0.0,,0.0,1.0,1.0,0.0,0.0,0.0,0.0,0.0,4.0,2021
567,0,1,Jimmy Butler,32,57,57,33.9,7.0,14.5,0.48,0.5,2.0,0.233,6.5,12.5,0.52,0.496,6.9,8.0,0.87,1.8,4.1,5.9,5.5,1.6,0.5,2.1,1.5,21.4,2022
568,1,2,Kyle Lowry,35,63,63,33.9,4.4,10.0,0.44,2.3,6.1,0.377,2.1,3.9,0.539,0.555,2.3,2.8,0.851,0.5,4.0,4.5,7.5,1.1,0.3,2.7,2.8,13.4,2022
569,2,3,Tyler Herro,22,66,10,32.6,7.6,17.0,0.447,2.7,6.7,0.399,4.9,10.3,0.477,0.525,2.9,3.3,0.868,0.5,4.5,5.0,4.0,0.7,0.1,2.6,1.4,20.7,2022
570,3,4,Bam Adebayo,24,56,56,32.6,7.3,13.0,0.557,0.0,0.1,0.0,7.3,12.9,0.562,0.557,4.6,6.1,0.753,2.4,7.6,10.1,3.4,1.4,0.8,2.6,3.1,19.1,2022
571,4,5,P.J. Tucker,36,71,70,27.9,2.9,6.0,0.484,1.1,2.7,0.415,1.8,3.3,0.54,0.577,0.6,0.9,0.738,1.4,4.0,5.5,2.1,0.8,0.2,0.9,2.3,7.6,2022
572,5,6,Duncan Robinson,27,79,68,25.9,3.7,9.2,0.399,2.9,7.9,0.372,0.7,1.3,0.569,0.559,0.6,0.8,0.836,0.3,2.3,2.6,1.6,0.5,0.2,0.8,2.5,10.9,2022
573,6,7,Gabe Vincent,25,68,27,23.4,3.1,7.5,0.417,1.8,4.8,0.368,1.4,2.8,0.5,0.533,0.6,0.8,0.815,0.3,1.5,1.9,3.1,0.9,0.2,1.4,2.3,8.7,2022
574,7,8,Max Strus,25,68,16,23.3,3.7,8.3,0.441,2.7,6.5,0.41,1.0,1.8,0.557,0.602,0.6,0.8,0.792,0.4,2.6,3.0,1.4,0.4,0.2,0.8,1.7,10.6,2022
575,8,9,Caleb Martin,26,60,12,22.9,3.5,6.8,0.507,1.1,2.6,0.413,2.4,4.3,0.565,0.585,1.2,1.6,0.763,1.2,2.7,3.8,1.1,1.0,0.5,0.9,1.7,9.2,2022
576,9,10,Mychal Mulder,27,2,1,22.0,2.0,5.0,0.4,2.0,4.0,0.5,0.0,1.0,0.0,0.6,1.0,1.0,1.0,0.0,1.5,1.5,1.0,0.0,0.5,0.0,0.5,7.0,2022
577,10,11,Victor Oladipo,29,8,1,21.6,4.4,9.1,0.479,1.9,4.5,0.417,2.5,4.6,0.541,0.582,1.8,2.4,0.737,0.4,2.5,2.9,3.5,0.6,0.1,2.0,1.6,12.4,2022
578,11,12,Markieff Morris,32,17,1,17.5,3.2,6.7,0.474,0.8,2.3,0.333,2.4,4.4,0.547,0.531,0.5,0.5,0.889,1.0,1.6,2.6,1.4,0.4,0.1,1.2,1.9,7.6,2022
579,12,13,Dewayne Dedmon,32,67,15,15.9,2.4,4.3,0.566,0.3,0.7,0.404,2.2,3.6,0.597,0.598,1.1,1.5,0.75,1.6,4.2,5.8,0.7,0.4,0.6,1.0,2.6,6.3,2022
580,13,14,Omer Yurtseven,23,56,12,12.6,2.3,4.4,0.526,0.0,0.2,0.091,2.3,4.2,0.547,0.528,0.7,1.1,0.623,1.5,3.7,5.3,0.9,0.3,0.4,0.7,1.5,5.3,2022
581,14,15,Nik Stauskas,28,2,0,12.0,1.5,4.0,0.375,1.0,2.0,0.5,0.5,2.0,0.25,0.5,1.5,2.0,0.75,0.5,1.0,1.5,0.5,0.0,0.0,0.0,0.5,5.5,2022
582,15,16,KZ Okpala,22,21,0,11.6,1.4,3.3,0.435,0.4,1.2,0.346,1.0,2.0,0.488,0.5,0.4,0.5,0.727,0.5,1.4,2.0,0.7,0.2,0.3,0.2,1.2,3.7,2022
583,16,17,Marcus Garrett,23,12,0,10.7,0.4,1.8,0.238,0.1,0.3,0.25,0.3,1.4,0.235,0.262,0.2,0.4,0.4,0.8,1.2,1.9,0.6,0.4,0.3,0.2,1.3,1.1,2022
584,17,18,Javonte Smart,22,4,0,10.0,2.0,4.3,0.471,1.0,2.3,0.444,1.0,2.0,0.5,0.588,0.0,0.0,,0.3,1.0,1.3,0.5,0.5,0.3,0.5,0.3,5.0,2022
585,18,19,Chris Silva,25,9,0,9.8,0.9,1.7,0.533,0.0,0.0,,0.9,1.7,0.533,0.533,1.1,1.3,0.833,1.4,2.4,3.9,0.8,0.0,0.1,0.9,2.2,2.9,2022
586,19,20,Kyle Guy,24,19,0,9.8,1.4,3.4,0.4,0.7,2.1,0.35,0.6,1.3,0.48,0.508,0.4,0.6,0.667,0.2,0.7,0.9,0.9,0.4,0.1,0.7,0.6,3.9,2022
587,20,21,Haywood Highsmith,25,19,1,8.6,0.8,2.4,0.348,0.5,1.5,0.321,0.4,0.9,0.389,0.446,0.1,0.3,0.4,0.5,0.8,1.4,0.3,0.1,0.2,0.2,0.7,2.3,2022
588,21,22,Udonis Haslem,41,13,0,6.4,1.1,2.4,0.452,0.1,0.3,0.25,1.0,2.1,0.481,0.468,0.2,0.2,1.0,0.3,1.6,1.9,0.3,0.1,0.1,0.4,1.2,2.5,2022
589,0,1,Tyler Herro,23,67,67,34.9,7.3,16.6,0.439,3.0,8.0,0.378,4.2,8.5,0.497,0.531,2.5,2.7,0.934,0.4,5.0,5.4,4.2,0.8,0.2,2.4,1.5,20.1,2023
590,1,2,Bam Adebayo,25,75,75,34.6,8.0,14.9,0.54,0.0,0.2,0.083,8.0,14.7,0.545,0.541,4.3,5.4,0.806,2.5,6.7,9.2,3.2,1.2,0.8,2.5,2.8,20.4,2023
591,2,3,Jimmy Butler,33,64,64,33.4,7.5,13.9,0.539,0.6,1.6,0.35,6.9,12.3,0.564,0.56,7.4,8.7,0.85,2.2,3.7,5.9,5.3,1.8,0.3,1.6,1.3,22.9,2023
592,3,4,Kyle Lowry,36,55,44,31.2,3.6,8.8,0.404,1.9,5.6,0.345,1.6,3.2,0.509,0.514,2.1,2.5,0.859,0.8,3.3,4.1,5.1,1.0,0.4,1.9,2.6,11.2,2023
593,4,5,Caleb Martin,27,71,49,29.3,3.6,7.7,0.464,1.2,3.3,0.356,2.4,4.4,0.545,0.54,1.3,1.6,0.805,1.2,3.6,4.8,1.6,1.0,0.4,1.1,2.0,9.6,2023
594,5,6,Max Strus,26,80,33,28.4,4.1,9.9,0.41,2.5,7.0,0.35,1.6,2.8,0.559,0.535,1.0,1.1,0.876,0.6,2.6,3.2,2.1,0.5,0.2,0.9,2.1,11.5,2023
595,6,7,Victor Oladipo,30,42,2,26.3,3.8,9.6,0.397,1.7,5.0,0.33,2.1,4.5,0.471,0.484,1.4,1.9,0.747,0.4,2.7,3.0,3.5,1.4,0.3,2.1,2.4,10.7,2023
596,7,8,Gabe Vincent,26,68,34,25.9,3.4,8.3,0.402,1.7,5.1,0.334,1.6,3.2,0.512,0.505,1.0,1.1,0.872,0.4,1.7,2.1,2.5,0.9,0.1,1.4,2.3,9.4,2023
597,8,9,Kevin Love,34,21,17,20.0,2.6,6.6,0.388,1.4,4.8,0.297,1.1,1.8,0.632,0.496,1.1,1.3,0.857,0.8,4.9,5.7,1.9,0.4,0.2,1.1,1.5,7.7,2023
598,9,10,Haywood Highsmith,26,54,11,17.9,1.7,4.0,0.431,0.7,2.0,0.339,1.0,2.0,0.523,0.516,0.2,0.5,0.464,1.1,2.4,3.5,0.8,0.7,0.3,0.8,1.5,4.4,2023
599,10,11,Duncan Robinson,28,42,1,16.5,2.1,5.6,0.371,1.5,4.6,0.328,0.6,1.1,0.556,0.504,0.7,0.8,0.906,0.2,1.5,1.6,1.1,0.3,0.0,0.7,1.8,6.4,2023
600,11,12,Jamaree Bouyea,23,4,0,16.3,1.5,3.3,0.462,0.5,1.3,0.4,1.0,2.0,0.5,0.538,0.3,0.5,0.5,0.3,1.0,1.3,1.0,1.0,0.5,1.0,1.3,3.8,2023
601,12,13,Cody Zeller,30,15,2,14.5,2.5,3.9,0.627,0.0,0.1,0.0,2.5,3.8,0.649,0.627,1.6,2.3,0.686,1.7,2.6,4.3,0.7,0.2,0.3,0.9,2.2,6.5,2023
602,13,14,Orlando Robinson,22,31,1,13.7,1.5,2.9,0.528,0.0,0.2,0.0,1.5,2.7,0.566,0.528,0.7,1.0,0.71,1.5,2.5,4.1,0.8,0.4,0.4,0.5,1.7,3.7,2023
603,14,15,Nikola Jovic,19,15,8,13.6,1.9,4.6,0.406,0.5,2.3,0.229,1.3,2.3,0.588,0.464,1.2,1.3,0.947,0.6,1.5,2.1,0.7,0.5,0.1,0.7,1.3,5.5,2023
604,15,16,Dru Smith,25,5,1,13.4,1.0,2.8,0.357,0.2,1.2,0.167,0.8,1.6,0.5,0.393,0.0,0.0,,0.2,1.6,1.8,1.0,0.8,0.6,0.2,2.0,2.2,2023
605,16,17,Jamal Cain,23,18,0,13.3,2.1,3.7,0.561,0.4,1.1,0.35,1.7,2.6,0.652,0.614,0.9,1.2,0.773,0.8,2.1,2.9,0.7,0.6,0.1,0.3,1.2,5.4,2023
606,17,18,Dewayne Dedmon,33,30,0,11.7,2.1,4.3,0.496,0.4,1.2,0.297,1.8,3.1,0.576,0.539,1.1,1.5,0.727,0.9,2.7,3.6,0.5,0.2,0.5,0.6,2.0,5.7,2023
607,18,19,Udonis Haslem,42,7,1,10.1,1.4,4.1,0.345,0.4,1.3,0.333,1.0,2.9,0.35,0.397,0.6,0.7,0.8,0.6,1.0,1.6,0.0,0.1,0.3,0.1,1.6,3.9,2023
608,19,20,Omer Yurtseven,24,9,0,9.2,1.8,3.0,0.593,0.3,0.8,0.429,1.4,2.2,0.65,0.648,0.6,0.7,0.833,0.9,1.7,2.6,0.2,0.2,0.2,0.4,1.8,4.4,2023
