,Unnamed: 0,G,MP,FG,FGA,FG%,FT,FTA,FT%,ORB,DRB,TRB,AST,STL,BLK,TOV,PF,PTS,Year,3P,3PA,3P%,2P,2PA,2P%
0,Team,82.0,19730.0,3301.0,7509.0,0.44,1717.0,2247.0,0.764,1144.0,2616.0,3760.0,1818.0,725.0,256.0,1802.0,2222.0,8319.0,1975,,,,,,
1,Team/G,,240.6,40.3,91.6,0.44,20.9,27.4,0.764,14.0,31.9,45.9,22.2,8.8,3.1,22.0,27.1,101.5,1975,,,,,,
2,Lg Rank,,14.0,15.0,8.0,17.0,4.0,3.0,10.0,8.0,14.0,12.0,16.0,8.0,17.0,17.0,18.0,10.0,1975,,,,,,
3,Year/Year,,,,,,,,,,,,,,,,,,1975,,,,,,
4,Opponent,82.0,19730.0,3553.0,7433.0,0.478,1857.0,2465.0,0.753,1193.0,2924.0,4117.0,1891.0,783.0,349.0,1924.0,2126.0,8963.0,1975,,,,,,
5,Opponent/G,,240.6,43.3,90.6,0.478,22.6,30.1,0.753,14.5,35.7,50.2,23.1,9.5,4.3,23.5,25.9,109.3,1975,,,,,,
6,Lg Rank,,14.0,15.0,9.0,17.0,18.0,18.0,4.0,13.0,18.0,17.0,7.0,14.0,9.0,1.0,3.0,18.0,1975,,,,,,
7,Year/Year,,,,,,,,,,,,,,,,,,1975,,,,,,
0,Team,82.0,19880,3352,7491,0.447,1831,2415,0.758,1189,2779,3968,1765,750,343,1659,2175,8535,1976,,,,,,
1,Team/G,,242.4,40.9,91.4,0.447,22.3,29.5,0.758,14.5,33.9,48.4,21.5,9.1,4.2,20.2,26.5,104.1,1976,,,,,,
2,Lg Rank,,2,15,10,15.0,2,3,9.0,9,6,6,13,9,12,12,17,10,1976,,,,,,
3,Year/Year,,0.8%,1.5%,-0.2%,0.008,6.6%,7.5%,-0.006,3.9%,6.2%,5.5%,-2.9%,3.4%,34.0%,-7.9%,-2.1%,2.6%,1976,,,,,,
4,Opponent,82.0,19880,3396,7413,0.458,1816,2464,0.737,1182,2846,4028,1684,777,405,1748,2162,8608,1976,,,,,,
5,Opponent/G,,242.4,41.4,90.4,0.458,22.1,30.0,0.737,14.4,34.7,49.1,20.5,9.5,4.9,21.3,26.4,105.0,1976,,,,,,
6,Lg Rank,,2,4,5,9.0,17,18,3.0,10,17,16,2,14,15,4,3,9,1976,,,,,,
7,Year/Year,,0.8%,-4.4%,-0.3%,-0.02,-2.2%,-0.0%,-0.016,-0.9%,-2.7%,-2.2%,-10.9%,-0.8%,16.0%,-9.1%,1.7%,-4.0%,1976,,,,,,
0,Team,82.0,19780,3443,7602,0.453,1688,2183,0.773,1249,2828,4077,1854,613,357,1706,2099,8574,1977,,,,,,
1,Team/G,,241.2,42.0,92.7,0.453,20.6,26.6,0.773,15.2,34.5,49.7,22.6,7.5,4.4,20.8,25.6,104.6,1977,,,,,,
2,Lg Rank,,6,16,11,15.0,10,12,4.0,10,2,2,19,20,17,14,14,16,1977,,,,,,
3,Year/Year,,-0.5%,2.7%,1.5%,0.005,-7.8%,-9.6%,0.015,5.0%,1.8%,2.7%,5.0%,-18.3%,4.1%,2.8%,-3.5%,0.5%,1977,,,,,,
4,Opponent,82.0,19780,3486,7712,0.452,1833,2448,0.749,1318,2781,4099,1748,835,361,1615,2125,8805,1977,,,,,,
5,Opponent/G,,241.2,42.5,94.0,0.452,22.4,29.9,0.749,16.1,33.9,50.0,21.3,10.2,4.4,19.7,25.9,107.4,1977,,,,,,
6,Lg Rank,,6,10,14,5.0,15,15,7.0,18,21,21,3,19,4,14,9,14,1977,,,,,,
7,Year/Year,,-0.5%,2.7%,4.0%,-0.006,0.9%,-0.6%,0.012,11.5%,-2.3%,1.8%,3.8%,7.5%,-10.9%,-7.6%,-1.7%,2.3%,1977,,,,,,
0,Team,82.0,19780,3568,7717,0.462,1690,2331,0.725,1309,2907,4216,2079,662,514,1694,1938,8826,1978,,,,,,
1,Team/G,,241.2,43.5,94.1,0.462,20.6,28.4,0.725,16.0,35.5,51.4,25.4,8.1,6.3,20.7,23.6,107.6,1978,,,,,,
2,Lg Rank,,15,10,8,14.0,13,8,19.0,4,1,1,10,20,4,16,5,13,1978,,,,,,
3,Year/Year,,0.0%,3.6%,1.5%,0.009,0.1%,6.8%,-0.048,4.8%,2.8%,3.4%,12.1%,8.0%,44.0%,-0.7%,-7.7%,2.9%,1978,,,,,,
4,Opponent,82.0,19780,3659,7938,0.461,1661,2213,0.751,1273,2747,4020,2084,851,476,1511,2062,8979,1978,,,,,,
5,Opponent/G,,241.2,44.6,96.8,0.461,20.3,27.0,0.751,15.5,33.5,49.0,25.4,10.4,5.8,18.4,25.1,109.5,1978,,,,,,
6,Lg Rank,,15,17,20,5.0,6,8,10.0,17,18,20,13,17,19,16,12,13,1978,,,,,,
7,Year/Year,,0.0%,5.0%,2.9%,0.009,-9.4%,-9.6%,0.002,-3.4%,-1.2%,-1.9%,19.2%,1.9%,31.9%,-6.4%,-3.0%,2.0%,1978,,,,,,
0,Team,82.0,19705,3517,7511,0.468,1848,2409,0.767,1234,2676,3910,2079,760,559,1764,1940,8882,1979,,,,,,
1,Team/G,,240.3,42.9,91.6,0.468,22.5,29.4,0.767,15.0,32.6,47.7,25.4,9.3,6.8,21.5,23.7,108.3,1979,,,,,,
2,Lg Rank,,18,17,12,19.0,5,8,7.0,10,3,2,13,12,4,19,4,15,1979,,,,,,
3,Year/Year,,-0.4%,-1.4%,-2.7%,0.006,9.3%,3.3%,0.042,-5.7%,-7.9%,-7.3%,0.0%,14.8%,8.8%,4.1%,0.1%,0.6%,1979,,,,,,
4,Opponent,82.0,19705,3864,8039,0.481,1666,2246,0.742,1486,2664,4150,2264,955,566,1600,2061,9394,1979,,,,,,
5,Opponent/G,,240.3,47.1,98.0,0.481,20.3,27.4,0.742,18.1,32.5,50.6,27.6,11.6,6.9,19.5,25.1,114.6,1979,,,,,,
6,Lg Rank,,18,22,22,8.0,9,9,4.0,22,21,22,20,22,22,12,13,21,1979,,,,,,
7,Year/Year,,-0.4%,5.6%,1.3%,0.02,0.3%,1.5%,-0.009,16.7%,-3.0%,3.2%,8.6%,12.2%,18.9%,5.9%,-0.0%,4.6%,1979,,,,,,
0,Team,82.0,19805,3382,6817,0.496,1571,1943,0.809,967,2359,3326,2005,656,362,1543,2006,8394,1980,59.0,185.0,0.319,3323,6632,0.501
1,Team/G,,241.5,41.2,83.1,0.496,19.2,23.7,0.809,11.8,28.8,40.6,24.5,8.0,4.4,18.8,24.5,102.4,1980,0.7,2.3,0.319,40.5,80.9,0.501
2,Lg Rank,,12,20,22,3.0,19,21,1.0,22,18,22,18,21,15,12,14,22,1980,10.0,15.0,5.0,20,22,5.0
3,Year/Year,,0.5%,-3.8%,-9.2%,0.028,-15.0%,-19.3%,0.041,-21.6%,-11.8%,-14.9%,-3.6%,-13.7%,-35.2%,-12.5%,3.4%,-5.5%,1980,,,,-5.5%,-11.7%,0.033
4,Opponent,82.0,19805,3559,7182,0.496,1702,2205,0.772,1159,2288,3447,1997,710,398,1274,1782,8887,1980,67.0,211.0,0.318,3492,6971,0.501
5,Opponent/G,,241.5,43.4,87.6,0.496,20.8,26.9,0.772,14.1,27.9,42.0,24.4,8.7,4.9,15.5,21.7,108.4,1980,0.8,2.6,0.318,42.6,85.0,0.501
6,Lg Rank,,12,10,5,17.0,10,9,18.0,4,2,1,4,5,9,21,22,10,1980,14.0,9.0,19.0,11,5,16.0
7,Year/Year,,0.5%,-7.9%,-10.7%,0.015,2.2%,-1.8%,0.03,-22.0%,-14.1%,-16.9%,-11.8%,-25.7%,-29.7%,-20.4%,-13.5%,-5.4%,1980,,,,-9.6%,-13.3%,0.02
0,Team,82.0,19730,3332,6825,0.488,1595,2080,0.767,962,2325,3287,1948,637,386,1423,2110,8301,1981,42,163,0.258,3290,6662,0.494
1,Team/G,,240.6,40.6,83.2,0.488,19.5,25.4,0.767,11.7,28.4,40.1,23.8,7.8,4.7,17.4,25.7,101.2,1981,0.5,2.0,0.258,40.1,81.2,0.494
2,Lg Rank,,20,20,23,11.0,18,21,9.0,23,16,22,19,19,16,4,17,22,1981,9,11,9.0,20,23,11.0
3,Year/Year,,-0.4%,-1.5%,0.1%,-0.008,1.5%,7.1%,-0.042,-0.5%,-1.4%,-1.2%,-2.8%,-2.9%,6.6%,-7.8%,5.2%,-1.1%,1981,-28.8%,-11.9%,-0.061,-1.0%,0.5%,-0.007
4,Opponent,82.0,19730,3430,7018,0.489,1879,2472,0.76,1154,2440,3594,1985,596,406,1303,1855,8784,1981,45,147,0.306,3385,6871,0.493
5,Opponent/G,,240.6,41.8,85.6,0.489,22.9,30.1,0.76,14.1,29.8,43.8,24.2,7.3,5.0,15.9,22.6,107.1,1981,0.5,1.8,0.306,41.3,83.8,0.493
6,Lg Rank,,20,7,4,11.0,19,17,20.0,8,16,13,6,1,11,23,23,12,1981,17,5,21.0,6,4,10.0
7,Year/Year,,-0.4%,-3.6%,-2.3%,-0.007,10.4%,12.1%,-0.012,-0.4%,6.6%,4.3%,-0.6%,-16.1%,2.0%,2.3%,4.1%,-1.2%,1981,-32.8%,-30.3%,-0.011,-3.1%,-1.4%,-0.008
0,Team,82.0,19780,3679,7446,0.494,1714,2282,0.751,1147,2362,3509,1895,700,357,1435,2196,9094,1982,22,97,0.227,3657,7349,0.498
1,Team/G,,241.2,44.9,90.8,0.494,20.9,27.8,0.751,14.0,28.8,42.8,23.1,8.5,4.4,17.5,26.8,110.9,1982,0.3,1.2,0.227,44.6,89.6,0.498
2,Lg Rank,,15,4,4,11.0,12,15,8.0,13,14,15,19,11,19,11,16,7,1982,22,22,17.0,3,4,11.0
3,Year/Year,,0.3%,10.4%,9.1%,0.006,7.5%,9.7%,-0.016,19.2%,1.6%,6.8%,-2.7%,9.9%,-7.5%,0.8%,4.1%,9.6%,1982,-47.6%,-40.5%,-0.031,11.2%,10.3%,0.004
4,Opponent,82.0,19780,3835,7530,0.509,1837,2466,0.745,1253,2599,3852,2148,663,420,1413,2052,9558,1982,51,200,0.255,3784,7330,0.516
5,Opponent/G,,241.2,46.8,91.8,0.509,22.4,30.1,0.745,15.3,31.7,47.0,26.2,8.1,5.1,17.2,25.0,116.6,1982,0.6,2.4,0.255,46.1,89.4,0.516
6,Lg Rank,,15,22,21,20.0,14,13,9.0,20,23,23,19,8,9,13,18,22,1982,13,14,12.0,22,21,20.0
7,Year/Year,,0.3%,11.8%,7.3%,0.021,-2.2%,-0.2%,-0.015,8.6%,6.5%,7.2%,8.2%,11.2%,3.4%,8.4%,10.6%,8.8%,1982,13.3%,36.1%,-0.051,11.8%,6.7%,0.024
0,Team,82.0,19755,3525,7342,0.48,1844,2440,0.756,1093,2550,3643,2176,758,595,1683,2017,8938,1983,44,183,0.24,3481,7159,0.486
1,Team/G,,240.9,43.0,89.5,0.48,22.5,29.8,0.756,13.3,31.1,44.4,26.5,9.2,7.3,20.5,24.6,109.0,1983,0.5,2.2,0.24,42.5,87.3,0.486
2,Lg Rank,,15,15,12,15.0,8,10,4.0,22,4,12,8,9,2,20,5,11,1983,10,12,9.0,15,12,16.0
3,Year/Year,,-0.1%,-4.2%,-1.4%,-0.014,7.6%,6.9%,0.005,-4.7%,8.0%,3.8%,14.8%,8.3%,66.7%,17.3%,-8.2%,-1.7%,1983,100.0%,88.7%,0.014,-4.8%,-2.6%,-0.011
4,Opponent,82.0,19755,3794,7932,0.478,1646,2288,0.719,1439,2671,4110,2202,826,448,1601,2102,9282,1983,48,199,0.241,3746,7733,0.484
5,Opponent/G,,240.9,46.3,96.7,0.478,20.1,27.9,0.719,17.5,32.6,50.1,26.9,10.1,5.5,19.5,25.6,113.2,1983,0.6,2.4,0.241,45.7,94.3,0.484
6,Lg Rank,,15,20,22,10.0,7,12,1.0,23,21,23,15,21,12,9,14,19,1983,15,15,11.0,20,22,9.0
7,Year/Year,,-0.1%,-1.1%,5.3%,-0.031,-10.4%,-7.2%,-0.026,14.8%,2.8%,6.7%,2.5%,24.6%,6.7%,13.3%,2.4%,-2.9%,1983,-5.9%,-0.5%,-0.014,-1.0%,5.5%,-0.032
0,Team,82.0,19780,3606,7242,0.498,2115,2708,0.781,1096,2522,3618,2230,695,604,1510,1978,9428,1984,101,317,0.319,3505,6925,0.506
1,Team/G,,241.2,44.0,88.3,0.498,25.8,33.0,0.781,13.4,30.8,44.1,27.2,8.5,7.4,18.4,24.1,115.0,1984,1.2,3.9,0.319,42.7,84.5,0.506
2,Lg Rank,,16,12,9,8.0,2,1,3.0,16,3,6,6,11,2,14,4,5,1984,1,1,1.0,12,16,8.0
3,Year/Year,,0.1%,2.3%,-1.4%,0.018,14.7%,11.0%,0.025,0.3%,-1.1%,-0.7%,2.5%,-8.3%,1.5%,-10.3%,-1.9%,5.5%,1984,129.5%,73.2%,0.078,0.7%,-3.3%,0.02
4,Opponent,82.0,19780,3745,7872,0.476,1799,2414,0.745,1458,2461,3919,2237,747,466,1438,2194,9335,1984,46,208,0.221,3699,7664,0.483
5,Opponent/G,,241.2,45.7,96.0,0.476,21.9,29.4,0.745,17.8,30.0,47.8,27.3,9.1,5.7,17.5,26.8,113.8,1984,0.6,2.5,0.221,45.1,93.5,0.483
6,Lg Rank,,16,20,22,3.0,9,11,2.0,23,20,22,18,17,16,13,6,20,1984,9,16,8.0,20,22,3.0
7,Year/Year,,0.1%,-1.3%,-0.8%,-0.003,9.3%,5.5%,0.026,1.3%,-7.9%,-4.6%,1.6%,-9.6%,4.0%,-10.2%,4.4%,0.6%,1984,-4.2%,4.5%,-0.02,-1.3%,-0.9%,-0.002
0,Team,82.0,19755,3478,7302,0.476,1878,2434,0.772,1081,2554,3635,2143,712,697,1575,1961,8937,1985,103,307,0.336,3375,6995,0.482
1,Team/G,,240.9,42.4,89.0,0.476,22.9,29.7,0.772,13.2,31.1,44.3,26.1,8.7,8.5,19.2,23.9,109.0,1985,1.3,3.7,0.336,41.2,85.3,0.482
2,Lg Rank,,17,17,11,20.0,8,11,8.0,18,3,7,14,9,1,17,7,14,1985,5,6,3.0,20,12,20.0
3,Year/Year,,-0.1%,-3.5%,0.8%,-0.022,-11.2%,-10.1%,-0.009,-1.4%,1.3%,0.5%,-3.9%,2.4%,15.4%,4.3%,-0.9%,-5.2%,1985,2.0%,-3.2%,0.017,-3.7%,1.0%,-0.024
4,Opponent,82.0,19755,3532,7604,0.464,1810,2375,0.762,1360,2645,4005,2069,806,443,1606,2076,8946,1985,72,280,0.257,3460,7324,0.472
5,Opponent/G,,240.9,43.1,92.7,0.464,22.1,29.0,0.762,16.6,32.3,48.8,25.2,9.8,5.4,19.6,25.3,109.1,1985,0.9,3.4,0.257,42.2,89.3,0.472
6,Lg Rank,,17,10,20,2.0,10,9,10.0,23,22,23,6,23,13,3,9,8,1985,12,18,5.0,10,20,2.0
7,Year/Year,,-0.1%,-5.7%,-3.4%,-0.011,0.6%,-1.6%,0.017,-6.7%,7.5%,2.2%,-7.5%,7.9%,-4.9%,11.7%,-5.4%,-4.2%,1985,56.5%,34.6%,0.036,-6.5%,-4.4%,-0.01
0,Team,82.0,19780,3453,7083,0.488,1930,2694,0.716,1068,2479,3547,2199,717,666,1518,2038,8871,1986,35,169,0.207,3418,6914,0.494
1,Team/G,,241.2,42.1,86.4,0.488,23.5,32.9,0.716,13.0,30.2,43.3,26.8,8.7,8.1,18.5,24.9,108.2,1986,0.4,2.1,0.207,41.7,84.3,0.494
2,Lg Rank,,15,16,18,11.0,8,5,22.0,19,5,12,8,13,2,17,9,18,1986,20,20,20.0,14,13,13.0
3,Year/Year,,0.1%,-0.7%,-3.0%,0.011,2.8%,10.7%,-0.055,-1.2%,-2.9%,-2.4%,2.6%,0.7%,-4.4%,-3.6%,3.9%,-0.7%,1986,-66.0%,-45.0%,-0.128,1.3%,-1.2%,0.012
4,Opponent,82.0,19780,3470,7339,0.473,1896,2483,0.764,1208,2510,3718,1977,752,464,1531,2221,8901,1986,65,251,0.259,3405,7088,0.48
5,Opponent/G,,241.2,42.3,89.5,0.473,23.1,30.3,0.764,14.7,30.6,45.3,24.1,9.2,5.7,18.7,27.1,108.5,1986,0.8,3.1,0.259,41.5,86.4,0.48
6,Lg Rank,,15,9,13,4.0,9,9,17.0,19,18,18,4,16,17,5,2,9,1986,4,6,5.0,9,14,4.0
7,Year/Year,,0.1%,-1.8%,-3.5%,0.008,4.8%,4.5%,0.001,-11.2%,-5.1%,-7.2%,-4.4%,-6.7%,4.7%,-4.7%,7.0%,-0.5%,1986,-9.7%,-10.4%,0.002,-1.6%,-3.2%,0.008
0,Team,82.0,19755,3485,7514,0.464,1735,2389,0.726,1194,2456,3650,2240,835,628,1403,2040,8844,1987,139,448,0.31,3346,7066,0.474
1,Team/G,,240.9,42.5,91.6,0.464,21.2,29.1,0.726,14.6,30.0,44.5,27.3,10.2,7.7,17.1,24.9,107.9,1987,1.7,5.5,0.31,40.8,86.2,0.474
2,Lg Rank,,19,12,2,21.0,20,17,22.0,12,8,9,6,2,2,12,13,15,1987,7,6,10.0,14,5,21.0
3,Year/Year,,-0.1%,0.9%,6.1%,-0.024,-10.1%,-11.3%,0.01,11.8%,-0.9%,2.9%,1.9%,16.5%,-5.7%,-7.6%,0.1%,-0.3%,1987,297.1%,165.1%,0.103,-2.1%,2.2%,-0.021
4,Opponent,82.0,19755,3347,7338,0.456,1974,2564,0.77,1310,2637,3947,2011,718,457,1579,1992,8811,1987,143,451,0.317,3204,6887,0.465
5,Opponent/G,,240.9,40.8,89.5,0.456,24.1,31.3,0.77,16.0,32.2,48.1,24.5,8.8,5.6,19.3,24.3,107.5,1987,1.7,5.5,0.317,39.1,84.0,0.465
6,Lg Rank,,19,5,14,2.0,16,13,19.0,21,21,23,3,12,12,1,15,9,1987,22,22,18.0,3,10,2.0
7,Year/Year,,-0.1%,-3.5%,-0.0%,-0.017,4.1%,3.3%,0.006,8.4%,5.1%,6.2%,1.7%,-4.5%,-1.5%,3.1%,-10.3%,-1.0%,1987,120.0%,79.7%,0.058,-5.9%,-2.8%,-0.015
0,Team,82.0,19705,3484,7092,0.491,1802,2404,0.75,1066,2553,3619,2407,771,627,1481,1986,8899,1988,129,404,0.319,3355,6688,0.502
1,Team/G,,240.3,42.5,86.5,0.491,22.0,29.3,0.75,13.0,31.1,44.1,29.4,9.4,7.6,18.1,24.2,108.5,1988,1.6,4.9,0.319,40.9,81.6,0.502
2,Lg Rank,,21,8,15,4.0,14,12,18.0,21,1,8,2,4,1,20,13,11,1988,13,13,11.0,11,14,3.0
3,Year/Year,,-0.3%,-0.0%,-5.6%,0.027,3.9%,0.6%,0.023,-10.7%,3.9%,-0.8%,7.5%,-7.7%,-0.2%,5.6%,-2.6%,0.6%,1988,-7.2%,-9.8%,0.009,0.3%,-5.3%,0.028
4,Opponent,82.0,19705,3273,7283,0.449,1905,2475,0.77,1277,2444,3721,1991,771,472,1467,2013,8597,1988,146,464,0.315,3127,6819,0.459
5,Opponent/G,,240.3,39.9,88.8,0.449,23.2,30.2,0.77,15.6,29.8,45.4,24.3,9.4,5.8,17.9,24.5,104.8,1988,1.8,5.7,0.315,38.1,83.2,0.459
6,Lg Rank,,21,3,15,1.0,16,16,17.0,22,16,19,7,20,17,4,5,5,1988,20,21,11.0,3,12,1.0
7,Year/Year,,-0.3%,-2.2%,-0.7%,-0.007,-3.5%,-3.5%,-0.0,-2.5%,-7.3%,-5.7%,-1.0%,7.4%,3.3%,-7.1%,1.1%,-2.4%,1988,2.1%,2.9%,-0.002,-2.4%,-1.0%,-0.007
0,Team,82.0,19730,3182,6595,0.482,2110,2742,0.77,1050,2607,3657,2108,720,583,1532,1894,8588,1989,114,380,0.3,3068,6215,0.494
1,Team/G,,240.6,38.8,80.4,0.482,25.7,33.4,0.77,12.8,31.8,44.6,25.7,8.8,7.1,18.7,23.1,104.7,1989,1.4,4.6,0.3,37.4,75.8,0.494
2,Lg Rank,,25,25,25,10.0,2,1,14.0,22,3,9,11,16,3,19,9,21,1989,19,20,19.0,23,25,10.0
3,Year/Year,,0.1%,-8.7%,-7.0%,-0.009,17.1%,14.1%,0.02,-1.5%,2.1%,1.1%,-12.4%,-6.6%,-7.0%,3.4%,-4.6%,-3.5%,1989,-11.6%,-5.9%,-0.019,-8.6%,-7.1%,-0.008
4,Opponent,82.0,19730,3113,7170,0.434,1765,2342,0.754,1220,2233,3453,1812,779,505,1329,2086,8176,1989,185,606,0.305,2928,6564,0.446
5,Opponent/G,,240.6,38.0,87.4,0.434,21.5,28.6,0.754,14.9,27.2,42.1,22.1,9.5,6.2,16.2,25.4,99.7,1989,2.3,7.4,0.305,35.7,80.0,0.446
6,Lg Rank,,25,1,10,1.0,9,12,5.0,18,4,7,1,19,21,17,3,1,1989,18,24,7.0,1,6,1.0
7,Year/Year,,0.1%,-4.9%,-1.6%,-0.015,-7.3%,-5.4%,-0.016,-4.5%,-8.6%,-7.2%,-9.0%,1.0%,7.0%,-9.4%,3.6%,-4.9%,1989,26.7%,30.6%,-0.009,-6.4%,-3.7%,-0.013
0,Team,82.0,19830,3330,6593,0.505,1874,2484,0.754,953,2501,3454,2212,677,491,1410,2031,8760,1990,226,630,0.359,3104,5963,0.521
1,Team/G,,241.8,40.6,80.4,0.505,22.9,30.3,0.754,11.6,30.5,42.1,27.0,8.3,6.0,17.2,24.8,106.8,1990,2.8,7.7,0.359,37.9,72.7,0.521
2,Lg Rank,,9,20,27,1.0,10,8,18.0,24,6,19,5,17,7,22,22,15,1990,9,11,5.0,20,27,1.0
3,Year/Year,,0.5%,4.7%,-0.0%,0.023,-11.2%,-9.4%,-0.015,-9.2%,-4.1%,-5.6%,4.9%,-6.0%,-15.8%,-8.0%,7.2%,2.0%,1990,98.2%,65.8%,0.059,1.2%,-4.1%,0.027
4,Opponent,82.0,19830,3164,6949,0.455,1865,2452,0.761,1100,2210,3310,1885,736,452,1241,1910,8367,1990,174,563,0.309,2990,6386,0.468
5,Opponent/G,,241.8,38.6,84.7,0.455,22.7,29.9,0.761,13.4,27.0,40.4,23.0,9.0,5.5,15.1,23.3,102.0,1990,2.1,6.9,0.309,36.5,77.9,0.468
6,Lg Rank,,9,3,8,2.0,18,19,10.0,9,2,2,5,20,22,19,12,3,1990,13,18,4.0,3,6,2.0
7,Year/Year,,0.5%,1.6%,-3.1%,0.021,5.7%,4.7%,0.007,-9.8%,-1.0%,-4.1%,4.0%,-5.5%,-10.5%,-6.6%,-8.4%,2.3%,1990,-5.9%,-7.1%,0.004,2.1%,-2.7%,0.022
0,Team,82.0,19780,3214,6537,0.492,1951,2472,0.789,867,2474,3341,2217,652,451,1305,1796,8527,1991,148,458,0.323,3066,6079,0.504
1,Team/G,,241.2,39.2,79.7,0.492,23.8,30.1,0.789,10.6,30.2,40.7,27.0,8.0,5.5,15.9,21.9,104.0,1991,1.8,5.6,0.323,37.4,74.1,0.504
2,Lg Rank,,20,25,27,6.0,5,6,7.0,27,9,23,3,19,9,12,8,16,1991,17,17,11.0,23,27,6.0
3,Year/Year,,-0.3%,-3.5%,-0.8%,-0.013,4.1%,-0.5%,0.035,-9.0%,-1.1%,-3.3%,0.2%,-3.7%,-8.1%,-7.4%,-11.6%,-2.7%,1991,-34.5%,-27.3%,-0.036,-1.2%,1.9%,-0.016
4,Opponent,82.0,19780,3217,7011,0.459,1615,2090,0.773,1101,2278,3379,1858,686,409,1254,1995,8254,1991,205,667,0.307,3012,6344,0.475
5,Opponent/G,,241.2,39.2,85.5,0.459,19.7,25.5,0.773,13.4,27.8,41.2,22.7,8.4,5.0,15.3,24.3,100.7,1991,2.5,8.1,0.307,36.7,77.4,0.475
6,Lg Rank,,20,3,10,6.0,8,9,21.0,8,7,5,4,9,13,17,7,3,1991,21,23,7.0,3,7,7.0
7,Year/Year,,-0.3%,1.7%,0.9%,0.004,-13.4%,-14.8%,0.012,0.1%,3.1%,2.1%,-1.4%,-6.8%,-9.5%,1.0%,4.5%,-1.4%,1991,17.8%,18.5%,-0.002,0.7%,-0.7%,0.007
0,Team,82.0,19880,3379,6866,0.492,1961,2490,0.788,1097,2543,3640,2188,715,448,1264,1746,8877,1992,158,458,0.345,3221,6408,0.503
1,Team/G,,242.4,41.2,83.7,0.492,23.9,30.4,0.788,13.4,31.0,44.4,26.7,8.7,5.5,15.4,21.3,108.3,1992,1.9,5.6,0.345,39.3,78.1,0.503
2,Lg Rank,,3,12,26,6.0,1,2,5.0,19,6,10,6,13,13,13,7,8,1992,18,20,6.0,10,17,4.0
3,Year/Year,,0.5%,5.1%,5.0%,0.0,0.5%,0.7%,-0.002,26.5%,2.8%,8.9%,-1.3%,9.7%,-0.7%,-3.1%,-2.8%,4.1%,1992,6.8%,0.0%,0.022,5.1%,5.4%,-0.002
4,Opponent,82.0,19880,3292,7178,0.459,1535,2056,0.747,1146,2255,3401,1925,646,458,1205,1958,8353,1992,234,695,0.337,3058,6483,0.472
5,Opponent/G,,242.4,40.1,87.5,0.459,18.7,25.1,0.747,14.0,27.5,41.5,23.5,7.9,5.6,14.7,23.9,101.9,1992,2.9,8.5,0.337,37.3,79.1,0.472
6,Lg Rank,,3,8,18,7.0,7,8,4.0,10,4,5,12,5,17,21,4,7,1992,23,23,15.0,8,12,6.0
7,Year/Year,,0.5%,2.3%,2.4%,-0.0,-5.0%,-1.6%,-0.026,4.1%,-1.0%,0.7%,3.6%,-5.8%,12.0%,-3.9%,-1.9%,1.2%,1992,14.1%,4.2%,0.029,1.5%,2.2%,-0.003
0,Team,82.0,19755,3336,6828,0.489,1907,2491,0.766,1041,2463,3504,2177,746,344,1270,1965,8709,1993,130,414,0.314,3206,6414,0.5
1,Team/G,,240.9,40.7,83.3,0.489,23.3,30.4,0.766,12.7,30.0,42.7,26.5,9.1,4.2,15.5,24.0,106.2,1993,1.6,5.0,0.314,39.1,78.2,0.5
2,Lg Rank,,22,14,23,4.0,3,4,9.0,20,11,17,3,10,25,10,17,11,1993,26,26,21.0,7,12,7.0
3,Year/Year,,-0.6%,-1.3%,-0.6%,-0.004,-2.8%,0.0%,-0.022,-5.1%,-3.1%,-3.7%,-0.5%,4.3%,-23.2%,0.5%,12.5%,-1.9%,1993,-17.7%,-9.6%,-0.031,-0.5%,0.1%,-0.003
4,Opponent,82.0,19755,3258,6970,0.467,1743,2343,0.744,1120,2314,3434,1928,648,468,1291,1970,8531,1993,272,836,0.325,2986,6134,0.487
5,Opponent/G,,240.9,39.7,85.0,0.467,21.3,28.6,0.744,13.7,28.2,41.9,23.5,7.9,5.7,15.7,24.0,104.0,1993,3.3,10.2,0.325,36.4,74.8,0.487
6,Lg Rank,,22,8,11,9.0,15,17,6.0,14,5,4,7,6,21,15,11,10,1993,21,27,6.0,5,7,12.0
7,Year/Year,,-0.6%,-1.0%,-2.9%,0.009,13.6%,14.0%,-0.003,-2.3%,2.6%,1.0%,0.2%,0.3%,2.2%,7.1%,0.6%,2.1%,1993,16.2%,20.3%,-0.011,-2.4%,-5.4%,0.015
0,Team,82.0,19830,3207,6729,0.477,1761,2379,0.74,1059,2385,3444,2179,751,364,1191,1988,8354,1994,179,559,0.32,3028,6170,0.491
1,Team/G,,241.8,39.1,82.1,0.477,21.5,29.0,0.74,12.9,29.1,42.0,26.6,9.2,4.4,14.5,24.2,101.9,1994,2.2,6.8,0.32,36.9,75.2,0.491
2,Lg Rank,,3,12,24,6.0,6,5,14.0,21,16,18,4,8,22,2,23,10,1994,25,24,21.0,9,13,8.0
3,Year/Year,,0.4%,-3.9%,-1.4%,-0.012,-7.7%,-4.5%,-0.025,1.7%,-3.2%,-1.7%,0.1%,0.7%,5.8%,-6.2%,1.2%,-4.1%,1994,37.7%,35.0%,0.006,-5.6%,-3.8%,-0.009
4,Opponent,82.0,19830,2973,6641,0.448,1773,2444,0.725,1100,2327,3427,1806,593,459,1318,1922,8008,1994,289,967,0.299,2684,5674,0.473
5,Opponent/G,,241.8,36.3,81.0,0.448,21.6,29.8,0.725,13.4,28.4,41.8,22.0,7.2,5.6,16.1,23.4,97.7,1994,3.5,11.8,0.299,32.7,69.2,0.473
6,Lg Rank,,3,3,7,5.0,23,22,8.0,10,10,10,4,1,19,13,5,9,1994,19,27,2.0,3,3,8.0
7,Year/Year,,0.4%,-8.7%,-4.7%,-0.02,1.7%,4.3%,-0.018,-1.8%,0.6%,-0.2%,-6.3%,-8.5%,-1.9%,2.1%,-2.4%,-6.1%,1994,6.3%,15.7%,-0.026,-10.1%,-7.5%,-0.014
0,Team,82.0,19780,3243,6339,0.512,1939,2483,0.781,874,2412,3286,2256,758,392,1289,2045,8726,1995,301,801,0.376,2942,5538,0.531
1,Team/G,,241.2,39.5,77.3,0.512,23.6,30.3,0.781,10.7,29.4,40.1,27.5,9.2,4.8,15.7,24.9,106.4,1995,3.7,9.8,0.376,35.9,67.5,0.531
2,Lg Rank,,21,5,24,1.0,2,3,1.0,26,8,20,2,4,16,8,21,5,1995,27,27,6.0,1,9,2.0
3,Year/Year,,-0.3%,1.1%,-5.8%,0.035,10.1%,4.4%,0.041,-17.5%,1.1%,-4.6%,3.5%,0.9%,7.7%,8.2%,2.9%,4.5%,1995,68.2%,43.3%,0.056,-2.8%,-10.2%,0.04
4,Opponent,82.0,19780,2845,6282,0.453,1835,2477,0.741,917,2125,3042,1713,648,429,1353,2053,8071,1995,546,1431,0.382,2299,4851,0.474
5,Opponent/G,,241.2,34.7,76.6,0.453,22.4,30.2,0.741,11.2,25.9,37.1,20.9,7.9,5.2,16.5,25.0,98.4,1995,6.7,17.5,0.382,28.0,59.2,0.474
6,Lg Rank,,21,3,2,3.0,24,23,18.0,3,1,1,2,9,15,9,4,7,1995,27,25,25.0,1,1,4.0
7,Year/Year,,-0.3%,-4.3%,-5.4%,0.005,3.5%,1.4%,0.015,-16.6%,-8.7%,-11.2%,-5.1%,9.3%,-6.5%,2.7%,6.8%,0.8%,1995,88.9%,48.0%,0.083,-14.3%,-14.5%,0.001
0,Team,82.0,19780,3129,6417,0.488,1769,2302,0.768,993,2373,3366,2139,667,418,1215,2046,8404,1996,377,1013,0.372,2752,5404,0.509
1,Team/G,,241.2,38.2,78.3,0.488,21.6,28.1,0.768,12.1,28.9,41.0,26.1,8.1,5.1,14.8,25.0,102.5,1996,4.6,12.4,0.372,33.6,65.9,0.509
2,Lg Rank,,17,8,23,1.0,6,8,4.0,16,15,15,1,10,13,7,27,11,1996,23,25,13.0,2,11,4.0
3,Year/Year,,0.0%,-3.5%,1.2%,-0.024,-8.8%,-7.3%,-0.012,13.6%,-1.6%,2.4%,-5.2%,-12.0%,6.6%,-5.7%,0.0%,-3.7%,1996,25.2%,26.5%,-0.004,-6.5%,-2.4%,-0.022
4,Opponent,82.0,19780,2747,6174,0.445,1820,2422,0.751,936,2149,3085,1640,584,409,1284,1983,7864,1996,550,1428,0.385,2197,4746,0.463
5,Opponent/G,,241.2,33.5,75.3,0.445,22.2,29.5,0.751,11.4,26.2,37.6,20.0,7.1,5.0,15.7,24.2,95.9,1996,6.7,17.4,0.385,26.8,57.9,0.463
6,Lg Rank,,17,3,2,7.0,25,26,25.0,4,3,3,2,5,15,17,7,6,1996,28,27,25.0,2,2,2.0
7,Year/Year,,0.0%,-3.4%,-1.7%,-0.008,-0.8%,-2.2%,0.011,2.1%,1.1%,1.4%,-4.3%,-9.9%,-4.7%,-5.1%,-3.4%,-2.6%,1996,0.7%,-0.2%,0.004,-4.4%,-2.2%,-0.011
0,Team,82.0,19830,3131,6217,0.504,1858,2416,0.769,889,2410,3299,2199,748,418,1259,1981,8454,1997,334,902,0.37,2797,5315,0.526
1,Team/G,,241.8,38.2,75.8,0.504,22.7,29.5,0.769,10.8,29.4,40.2,26.8,9.1,5.1,15.4,24.2,103.1,1997,4.1,11.0,0.37,34.1,64.8,0.526
2,Lg Rank,,15,4,27,1.0,1,2,3.0,28,8,18,1,3,12,12,28,2,1997,27,29,8.0,2,10,1.0
3,Year/Year,,0.3%,0.1%,-3.1%,0.016,5.0%,5.0%,0.001,-10.5%,1.6%,-2.0%,2.8%,12.1%,0.0%,3.6%,-3.2%,0.6%,1997,-11.4%,-11.0%,-0.002,1.6%,-1.6%,0.017
4,Opponent,82.0,19830,2708,6188,0.438,1796,2395,0.75,957,2101,3058,1593,639,373,1330,2045,7733,1997,521,1480,0.352,2187,4708,0.465
5,Opponent/G,,241.8,33.0,75.5,0.438,21.9,29.2,0.75,11.7,25.6,37.3,19.4,7.8,4.5,16.2,24.9,94.3,1997,6.4,18.0,0.352,26.7,57.4,0.465
6,Lg Rank,,15,4,2,6.0,29,29,25.0,4,1,2,3,8,10,9,1,8,1997,22,25,10.0,4,3,7.0
7,Year/Year,,0.3%,-1.4%,0.2%,-0.007,-1.3%,-1.1%,-0.002,2.2%,-2.2%,-0.9%,-2.9%,9.4%,-8.8%,3.6%,3.1%,-1.7%,1997,-5.3%,3.6%,-0.033,-0.5%,-0.8%,0.002
0,Team,82.0,19780,2993,6113,0.49,2044,2644,0.773,962,2405,3367,2070,648,412,1260,1961,8279,1998,249,670,0.372,2744,5443,0.504
1,Team/G,,241.2,36.5,74.5,0.49,24.9,32.2,0.773,11.7,29.3,41.1,25.2,7.9,5.0,15.4,23.9,101.0,1998,3.0,8.2,0.372,33.5,66.4,0.504
2,Lg Rank,,21,10,29,1.0,1,2,1.0,26,11,18,2,19,16,16,27,3,1998,26,29,5.0,5,16,2.0
3,Year/Year,,-0.3%,-4.4%,-1.7%,-0.014,10.0%,9.4%,0.004,8.2%,-0.2%,2.1%,-5.9%,-13.4%,-1.4%,0.1%,-1.0%,-2.1%,1998,-25.4%,-25.7%,0.001,-1.9%,2.4%,-0.022
4,Opponent,82.0,19780,2806,6390,0.439,1730,2284,0.757,984,2012,2996,1690,645,423,1157,2133,7743,1998,401,1122,0.357,2405,5268,0.457
5,Opponent/G,,241.2,34.2,77.9,0.439,21.1,27.9,0.757,12.0,24.5,36.5,20.6,7.9,5.2,14.1,26.0,94.4,1998,4.9,13.7,0.357,29.3,64.2,0.457
6,Lg Rank,,21,7,8,9.0,26,23,29.0,4,1,1,6,9,19,26,2,13,1998,24,26,22.0,4,6,9.0
7,Year/Year,,-0.3%,3.6%,3.3%,0.002,-3.7%,-4.6%,0.008,2.8%,-4.2%,-2.0%,6.1%,0.9%,13.4%,-13.0%,4.3%,0.1%,1998,-23.0%,-24.2%,0.005,10.0%,11.9%,-0.008
0,Team,50.0,12175,1684,3620,0.465,1158,1510,0.767,555,1508,2063,1204,398,276,814,1133,4666,1999,140,388,0.361,1544,3232,0.478
1,Team/G,,243.5,33.7,72.4,0.465,23.2,30.2,0.767,11.1,30.2,41.3,24.1,8.0,5.5,16.3,22.7,93.3,1999,2.8,7.8,0.361,30.9,64.6,0.478
2,Lg Rank,,2,18,27,2.0,1,1,3.0,24,8,16,3,19,7,25,15,9,1999,27,28,8.0,9,17,5.0
3,Year/Year,,0.9%,-7.7%,-2.9%,-0.024,-7.1%,-6.3%,-0.006,-5.4%,2.8%,0.5%,-4.6%,0.7%,9.9%,5.9%,-5.2%,-7.6%,1999,-7.8%,-5.0%,-0.011,-7.7%,-2.6%,-0.026
4,Opponent,50.0,12175,1595,3863,0.413,936,1299,0.721,635,1294,1929,904,431,264,744,1309,4340,1999,214,666,0.321,1381,3197,0.432
5,Opponent/G,,243.5,31.9,77.3,0.413,18.7,26.0,0.721,12.7,25.9,38.6,18.1,8.6,5.3,14.9,26.2,86.8,1999,4.3,13.3,0.321,27.6,63.9,0.432
6,Lg Rank,,2,4,14,5.0,13,15,9.0,18,1,2,3,19,22,20,1,5,1999,10,19,6.0,7,11,4.0
7,Year/Year,,0.9%,-6.8%,-0.9%,-0.026,-11.3%,-6.7%,-0.037,5.8%,5.5%,5.6%,-12.3%,9.6%,2.4%,5.5%,0.6%,-8.1%,1999,-12.5%,-2.7%,-0.036,-5.8%,-0.5%,-0.025
0,Team,82.0,19755,2962,6380,0.464,1661,2150,0.773,936,2426,3362,2041,629,446,1220,2013,7914,2000,329,854,0.385,2633,5526,0.476
1,Team/G,,240.9,36.1,77.8,0.464,20.3,26.2,0.773,11.4,29.6,41.0,24.9,7.7,5.4,14.9,24.5,96.5,2000,4.0,10.4,0.385,32.1,67.4,0.476
2,Lg Rank,,22,23,27,4.0,3,8,9.0,22,23,24,3,16,10,10,24,20,2000,24,26,3.0,14,16,12.0
3,Year/Year,,-1.1%,7.3%,7.5%,-0.001,-12.5%,-13.2%,0.006,2.8%,-1.9%,-0.6%,3.4%,-3.6%,-1.5%,-8.6%,8.3%,3.4%,2000,43.3%,34.2%,0.024,4.0%,4.3%,-0.001
4,Opponent,82.0,19755,2781,6240,0.446,1598,2141,0.746,887,2236,3123,1620,588,411,1270,2023,7548,2000,388,1097,0.354,2393,5143,0.465
5,Opponent/G,,240.9,33.9,76.1,0.446,19.5,26.1,0.746,10.8,27.3,38.1,19.8,7.2,5.0,15.5,24.7,92.0,2000,4.7,13.4,0.354,29.2,62.7,0.465
6,Lg Rank,,22,2,1,11.0,18,19,12.0,2,2,1,4,3,12,13,5,5,2000,12,14,16.0,3,1,10.0
7,Year/Year,,-1.1%,6.3%,-1.5%,0.033,4.1%,0.5%,0.026,-14.8%,5.4%,-1.3%,9.3%,-16.8%,-5.1%,4.1%,-5.8%,6.0%,2000,10.6%,0.4%,0.032,5.7%,-1.9%,0.033
0,Team,82.0,19780,2960,6289,0.471,1714,2280,0.752,943,2383,3326,2110,661,463,1296,2107,7959,2001,325,852,0.381,2635,5437,0.485
1,Team/G,,241.2,36.1,76.7,0.471,20.9,27.8,0.752,11.5,29.1,40.6,25.7,8.1,5.6,15.8,25.7,97.1,2001,4.0,10.4,0.381,32.1,66.3,0.485
2,Lg Rank,,21,11,26,1.0,1,3,16.0,19,25,23,1,12,9,24,29,10,2001,23,26,3.0,7,17,3.0
3,Year/Year,,0.1%,-0.1%,-1.4%,0.006,3.2%,6.0%,-0.021,0.7%,-1.8%,-1.1%,3.4%,5.1%,3.8%,6.2%,4.7%,0.6%,2001,-1.2%,-0.2%,-0.004,0.1%,-1.6%,0.008
4,Opponent,82.0,19780,2667,6076,0.439,1830,2391,0.765,874,2183,3057,1564,699,453,1320,2007,7574,2001,410,1194,0.343,2257,4882,0.462
5,Opponent/G,,241.2,32.5,74.1,0.439,22.3,29.2,0.765,10.7,26.6,37.3,19.1,8.5,5.5,16.1,24.5,92.4,2001,5.0,14.6,0.343,27.5,59.5,0.462
6,Lg Rank,,21,2,1,13.0,28,28,27.0,2,1,1,2,27,19,6,2,8,2001,17,24,7.0,2,1,18.0
7,Year/Year,,0.1%,-4.1%,-2.6%,-0.007,14.5%,11.7%,0.019,-1.5%,-2.4%,-2.1%,-3.5%,18.9%,10.2%,3.9%,-0.8%,0.3%,2001,5.7%,8.8%,-0.01,-5.7%,-5.1%,-0.003
0,Team,82.0,19830,2869,6374,0.45,1853,2430,0.763,1109,2349,3458,1999,749,523,1353,1971,7871,2002,280,842,0.333,2589,5532,0.468
1,Team/G,,241.8,35.0,77.7,0.45,22.6,29.6,0.763,13.5,28.6,42.2,24.4,9.1,6.4,16.5,24.0,96.0,2002,3.4,10.3,0.333,31.6,67.5,0.468
2,Lg Rank,,8,21,27,10.0,1,1,12.0,4,26,15,1,2,4,28,29,14,2002,28,27,24.0,10,13,14.0
3,Year/Year,,0.3%,-3.1%,1.4%,-0.021,8.1%,6.6%,0.011,17.6%,-1.4%,4.0%,-5.3%,13.3%,13.0%,4.4%,-6.5%,-1.1%,2002,-13.8%,-1.2%,-0.049,-1.7%,1.7%,-0.017
4,Opponent,82.0,19830,2777,6218,0.447,1779,2308,0.771,927,2204,3131,1585,748,548,1371,2069,7798,2002,465,1215,0.383,2312,5003,0.462
5,Opponent/G,,241.8,33.9,75.8,0.447,21.7,28.1,0.771,11.3,26.9,38.2,19.3,9.1,6.7,16.7,25.2,95.1,2002,5.7,14.8,0.383,28.2,61.0,0.462
6,Lg Rank,,8,3,1,15.0,29,29,27.0,4,1,1,4,28,28,1,1,13,2002,22,19,28.0,3,1,12.0
7,Year/Year,,0.3%,4.1%,2.3%,0.008,-2.8%,-3.5%,0.005,6.1%,1.0%,2.4%,1.3%,7.0%,21.0%,3.9%,3.1%,3.0%,2002,13.4%,1.8%,0.039,2.4%,2.5%,-0.0
0,Team,82.0,19780,2894,6189,0.468,1750,2349,0.745,1021,2381,3402,2103,708,467,1374,1837,7762,2003,224,641,0.349,2670,5548,0.481
1,Team/G,,241.2,35.3,75.5,0.468,21.3,28.6,0.745,12.5,29.0,41.5,25.6,8.6,5.7,16.8,22.4,94.7,2003,2.7,7.8,0.349,32.6,67.7,0.481
2,Lg Rank,,24,18,29,1.0,2,2,19.0,10,24,20,1,7,9,26,22,17,2003,29,29,15.0,4,11,4.0
3,Year/Year,,-0.3%,0.9%,-2.9%,0.017,-5.6%,-3.3%,-0.018,-7.9%,1.4%,-1.6%,5.2%,-5.5%,-10.7%,1.6%,-6.8%,-1.4%,2003,-20.0%,-23.9%,0.017,3.1%,0.3%,0.013
4,Opponent,82.0,19780,2751,6346,0.434,1627,2143,0.759,1011,2120,3131,1601,723,427,1305,1950,7566,2003,437,1252,0.349,2314,5094,0.454
5,Opponent/G,,241.2,33.5,77.4,0.434,19.8,26.1,0.759,12.3,25.9,38.2,19.5,8.8,5.2,15.9,23.8,92.3,2003,5.3,15.3,0.349,28.2,62.1,0.454
6,Lg Rank,,24,4,4,6.0,24,24,15.0,19,1,1,4,25,20,8,1,7,2003,17,20,16.0,3,6,8.0
7,Year/Year,,-0.3%,-0.9%,2.1%,-0.013,-8.5%,-7.1%,-0.012,9.1%,-3.8%,0.0%,1.0%,-3.3%,-22.1%,-4.8%,-5.8%,-3.0%,2003,-6.0%,3.0%,-0.034,0.1%,1.8%,-0.008
0,Team,82.0,19780,2690,6172,0.436,1639,2196,0.746,1103,2272,3375,1671,583,494,1365,2096,7271,2004,252,786,0.321,2438,5386,0.453
1,Team/G,,241.2,32.8,75.3,0.436,20.0,26.8,0.746,13.5,27.7,41.2,20.4,7.1,6.0,16.6,25.6,88.7,2004,3.1,9.6,0.321,29.7,65.7,0.453
2,Lg Rank,,19,27,29,17.0,4,4,21.0,5,29,22,20,24,6,27,29,27,2004,28,28,27.0,15,12,20.0
3,Year/Year,,0.0%,-7.0%,-0.3%,-0.032,-6.3%,-6.5%,0.001,8.0%,-4.6%,-0.8%,-20.5%,-17.7%,5.8%,-0.7%,14.1%,-6.3%,2004,12.5%,22.6%,-0.029,-8.7%,-2.9%,-0.029
4,Opponent,82.0,19780,2541,5879,0.432,1874,2431,0.771,868,2131,2999,1528,666,530,1262,1999,7371,2004,415,1209,0.343,2126,4670,0.455
5,Opponent/G,,241.2,31.0,71.7,0.432,22.9,29.6,0.771,10.6,26.0,36.6,18.6,8.1,6.5,15.4,24.4,89.9,2004,5.1,14.7,0.343,25.9,57.0,0.455
6,Lg Rank,,19,1,1,11.0,29,29,28.0,2,1,1,4,19,29,10,2,9,2004,10,12,15.0,1,1,12.0
7,Year/Year,,0.0%,-7.6%,-7.4%,-0.001,15.2%,13.4%,0.012,-14.1%,0.5%,-4.2%,-4.6%,-7.9%,24.1%,-3.3%,2.5%,-2.6%,2004,-5.0%,-3.4%,-0.006,-8.1%,-8.3%,0.001
0,Team,82.0,19780,2828,6301,0.449,1719,2272,0.757,1047,2243,3290,1826,541,374,1292,2189,7625,2005,250,762,0.328,2578,5539,0.465
1,Team/G,,241.2,34.5,76.8,0.449,21.0,27.7,0.757,12.8,27.4,40.1,22.3,6.6,4.6,15.8,26.7,93.0,2005,3.0,9.3,0.328,31.4,67.5,0.465
2,Lg Rank,,19,26,28,14.0,10,8,18.0,7,30,26,7,26,17,25,30,26,2005,29,29,28.0,13,9,18.0
3,Year/Year,,0.0%,5.1%,2.1%,0.013,4.9%,3.5%,0.01,-5.1%,-1.3%,-2.5%,9.3%,-7.2%,-24.3%,-5.3%,4.4%,4.9%,2005,-0.8%,-3.1%,0.007,5.7%,2.8%,0.013
4,Opponent,82.0,19780,2731,5965,0.458,2027,2653,0.764,859,2230,3089,1592,646,474,1182,2058,7975,2005,486,1297,0.375,2245,4668,0.481
5,Opponent/G,,241.2,33.3,72.7,0.458,24.7,32.4,0.764,10.5,27.2,37.7,19.4,7.9,5.8,14.4,25.1,97.3,2005,5.9,15.8,0.375,27.4,56.9,0.481
6,Lg Rank,,19,5,1,21.0,30,30,22.0,1,2,1,3,24,28,17,1,16,2005,24,16,28.0,2,1,22.0
7,Year/Year,,0.0%,7.5%,1.5%,0.026,8.2%,9.1%,-0.007,-1.0%,4.6%,3.0%,4.2%,-3.0%,-10.6%,-6.3%,3.0%,8.2%,2005,17.1%,7.3%,0.031,5.6%,-0.0%,0.026
0,Team,82.0,19880,2744,6207,0.442,1774,2466,0.719,1071,2380,3451,1772,524,492,1290,2032,7573,2006,311,925,0.336,2433,5282,0.461
1,Team/G,,242.4,33.5,75.7,0.442,21.6,30.1,0.719,13.1,29.0,42.1,21.6,6.4,6.0,15.7,24.8,92.4,2006,3.8,11.3,0.336,29.7,64.4,0.461
2,Lg Rank,,9,29,27,25.0,4,3,25.0,1,20,9,7,28,2,28,26,26,2006,26,26,26.0,21,10,28.0
3,Year/Year,,0.5%,-3.0%,-1.5%,-0.007,3.2%,8.5%,-0.037,2.3%,6.1%,4.9%,-3.0%,-3.1%,31.6%,-0.2%,-7.2%,-0.7%,2006,24.4%,21.4%,0.008,-5.6%,-4.6%,-0.005
4,Opponent,82.0,19880,2730,6077,0.449,1839,2466,0.746,871,2237,3108,1511,663,463,1166,2104,7789,2006,490,1297,0.378,2240,4780,0.469
5,Opponent/G,,242.4,33.3,74.1,0.449,22.4,30.1,0.746,10.6,27.3,37.9,18.4,8.1,5.6,14.2,25.7,95.0,2006,6.0,15.8,0.378,27.3,58.3,0.469
6,Lg Rank,,9,3,1,11.0,28,28,18.0,8,2,1,3,28,30,16,1,9,2006,17,12,28.0,2,1,11.0
7,Year/Year,,0.5%,-0.0%,1.9%,-0.009,-9.3%,-7.0%,-0.018,1.4%,0.3%,0.6%,-5.1%,2.6%,-2.3%,-1.4%,2.2%,-2.3%,2006,0.8%,0.0%,0.003,-0.2%,2.4%,-0.012
0,Team,82.0,19805,3069,6471,0.474,1830,2462,0.743,1030,2456,3486,2024,577,339,1277,2067,8322,2007,354,1056,0.335,2715,5415,0.501
1,Team/G,,241.5,37.4,78.9,0.474,22.3,30.0,0.743,12.6,30.0,42.5,24.7,7.0,4.1,15.6,25.2,101.5,2007,4.3,12.9,0.335,33.1,66.0,0.501
2,Lg Rank,,20,7,18,2.0,4,2,20.0,3,16,7,2,20,22,20,30,7,2007,26,26,29.0,1,4,6.0
3,Year/Year,,-0.4%,11.8%,4.3%,0.032,3.2%,-0.2%,0.024,-3.8%,3.2%,1.0%,14.2%,10.1%,-31.1%,-1.0%,1.7%,9.9%,2007,13.8%,14.2%,-0.001,11.6%,2.5%,0.041
4,Opponent,82.0,19805,2819,6191,0.455,1943,2534,0.767,813,2223,3036,1552,623,438,1230,2010,8087,2007,506,1424,0.355,2313,4767,0.485
5,Opponent/G,,241.5,34.4,75.5,0.455,23.7,30.9,0.767,9.9,27.1,37.0,18.9,7.6,5.3,15.0,24.5,98.6,2007,6.2,17.4,0.355,28.2,58.1,0.485
6,Lg Rank,,20,5,1,11.0,30,30,27.0,3,2,1,4,24,28,18,1,17,2007,16,15,15.0,3,1,13.0
7,Year/Year,,-0.4%,3.3%,1.9%,0.006,5.7%,2.8%,0.021,-6.7%,-0.6%,-2.3%,2.7%,-6.0%,-5.4%,5.5%,-4.5%,3.8%,2007,3.3%,9.8%,-0.022,3.3%,-0.3%,0.017
0,Team,82.0,19705,3279,6592,0.497,1745,2298,0.759,942,2410,3352,2165,717,355,1200,1970,8710,2008,407,1095,0.372,2872,5497,0.522
1,Team/G,,240.3,40.0,80.4,0.497,21.3,28.0,0.759,11.5,29.4,40.9,26.4,8.7,4.3,14.6,24.0,106.2,2008,5.0,13.4,0.372,35.0,67.0,0.522
2,Lg Rank,,30,4,18,2.0,4,2,16.0,13,26,24,2,3,22,19,30,5,2008,26,26,10.0,1,5,2.0
3,Year/Year,,-0.5%,6.8%,1.9%,0.023,-4.6%,-6.7%,0.016,-8.5%,-1.9%,-3.8%,7.0%,24.3%,4.7%,-6.0%,-4.7%,4.7%,2008,15.0%,3.7%,0.036,5.8%,1.5%,0.021
4,Opponent,82.0,19705,2896,6286,0.461,1848,2468,0.749,844,2256,3100,1629,619,420,1305,1891,8146,2008,506,1419,0.357,2390,4867,0.491
5,Opponent/G,,240.3,35.3,76.7,0.461,22.5,30.1,0.749,10.3,27.5,37.8,19.9,7.5,5.1,15.9,23.1,99.3,2008,6.2,17.3,0.357,29.1,59.4,0.491
6,Lg Rank,,30,5,2,17.0,29,30,8.0,5,1,1,7,17,22,4,4,13,2008,8,8,10.0,5,3,19.0
7,Year/Year,,-0.5%,2.7%,1.5%,0.005,-4.9%,-2.6%,-0.018,3.8%,1.5%,2.1%,5.0%,-0.6%,-4.1%,6.1%,-5.9%,0.7%,2008,0.0%,-0.4%,0.001,3.3%,2.1%,0.006
0,Team,82.0,19880,3143,6623,0.475,1814,2352,0.771,940,2423,3363,2024,719,374,1210,1830,8492,2009,392,1122,0.349,2751,5501,0.5
1,Team/G,,242.4,38.3,80.8,0.475,22.1,28.7,0.771,11.5,29.5,41.0,24.7,8.8,4.6,14.8,22.3,103.6,2009,4.8,13.7,0.349,33.5,67.1,0.5
2,Lg Rank,,7,6,16,3.0,3,3,13.0,11,19,19,1,1,21,22,23,7,2009,27,26,27.0,3,4,4.0
3,Year/Year,,0.9%,-4.1%,0.5%,-0.023,4.0%,2.3%,0.012,-0.2%,0.5%,0.3%,-6.5%,0.3%,5.4%,0.8%,-7.1%,-2.5%,2009,-3.7%,2.5%,-0.022,-4.2%,0.1%,-0.022
4,Opponent,82.0,19880,3019,6509,0.464,1703,2233,0.763,908,2393,3301,1640,658,424,1323,1972,8275,2009,534,1479,0.361,2485,5030,0.494
5,Opponent/G,,242.4,36.8,79.4,0.464,20.8,27.2,0.763,11.1,29.2,40.3,20.0,8.0,5.2,16.1,24.0,100.9,2009,6.5,18.0,0.361,30.3,61.3,0.494
6,Lg Rank,,7,17,12,20.0,24,25,11.0,18,8,9,9,27,21,2,1,18,2009,12,14,12.0,15,12,22.0
7,Year/Year,,0.9%,4.2%,3.5%,0.003,-7.8%,-9.5%,0.014,7.6%,6.1%,6.5%,0.7%,6.3%,1.0%,1.4%,4.3%,1.6%,2009,5.5%,4.2%,0.004,4.0%,3.3%,0.003
0,Team,82.0,19755,3227,6575,0.491,1654,2233,0.741,872,2588,3460,2187,675,400,1246,1859,8547,2010,439,1207,0.364,2788,5368,0.519
1,Team/G,,240.9,39.4,80.2,0.491,20.2,27.2,0.741,10.6,31.6,42.2,26.7,8.2,4.9,15.2,22.7,104.2,2010,5.4,14.7,0.364,34.0,65.5,0.519
2,Lg Rank,,25,3,23,2.0,3,2,23.0,20,9,12,1,4,16,26,29,4,2010,23,25,7.0,2,10,5.0
3,Year/Year,,-0.6%,2.7%,-0.7%,0.016,-8.8%,-5.1%,-0.031,-7.2%,6.8%,2.9%,8.1%,-6.1%,7.0%,3.0%,1.6%,0.6%,2010,12.0%,7.6%,0.014,1.3%,-2.4%,0.019
4,Opponent,82.0,19755,2908,6471,0.449,1741,2286,0.762,837,2376,3213,1628,632,445,1238,1818,8109,2010,552,1559,0.354,2356,4912,0.48
5,Opponent/G,,240.9,35.5,78.9,0.449,21.2,27.9,0.762,10.2,29.0,39.2,19.9,7.7,5.4,15.1,22.2,98.9,2010,6.7,19.0,0.354,28.7,59.9,0.48
6,Lg Rank,,25,4,6,8.0,28,28,19.0,7,4,3,8,23,26,5,5,12,2010,20,22,16.0,3,4,10.0
7,Year/Year,,-0.6%,-3.7%,-0.6%,-0.014,2.2%,2.4%,-0.001,-7.8%,-0.7%,-2.7%,-0.7%,-4.0%,5.0%,-6.4%,-7.8%,-2.0%,2010,3.4%,5.4%,-0.007,-5.2%,-2.3%,-0.014
0,Team,82.0,19880,3064,6590,0.465,1590,2061,0.771,898,2338,3236,1921,629,484,1175,1865,8153,2011,435,1256,0.346,2629,5334,0.493
1,Team/G,,242.4,37.4,80.4,0.465,19.4,25.1,0.771,11.0,28.5,39.5,23.4,7.7,5.9,14.3,22.7,99.4,2011,5.3,15.3,0.346,32.1,65.0,0.493
2,Lg Rank,,6,15,21,9.0,7,9,9.0,16,28,26,4,7,3,20,30,14,2011,24,22,20.0,6,8,14.0
3,Year/Year,,0.6%,-5.1%,0.2%,-0.026,-3.9%,-7.7%,0.031,3.0%,-9.7%,-6.5%,-12.2%,-6.8%,21.0%,-5.7%,0.3%,-4.6%,2011,-0.9%,4.1%,-0.017,-5.7%,-0.6%,-0.026
4,Opponent,82.0,19880,2967,6460,0.459,1777,2285,0.778,925,2426,3351,1700,609,411,1199,1802,8303,2011,592,1573,0.376,2375,4887,0.486
5,Opponent/G,,242.4,36.2,78.8,0.459,21.7,27.9,0.778,11.3,29.6,40.9,20.7,7.4,5.0,14.6,22.0,101.3,2011,7.2,19.2,0.376,29.0,59.6,0.486
6,Lg Rank,,6,9,6,17.0,30,30,27.0,22,9,14,11,18,19,9,3,19,2011,28,20,29.0,5,4,13.0
7,Year/Year,,0.6%,2.0%,-0.2%,0.01,2.1%,-0.0%,0.016,10.5%,2.1%,4.3%,4.4%,-3.6%,-7.6%,-3.2%,-0.9%,2.4%,2011,7.2%,0.9%,0.022,0.8%,-0.5%,0.006
0,Team,66.0,16165,2523,5531,0.456,1258,1668,0.754,861,2055,2916,1439,545,385,936,1441,6577,2012,273,845,0.323,2250,4686,0.48
1,Team/G,,244.9,38.2,83.8,0.456,19.1,25.3,0.754,13.0,31.1,44.2,21.8,8.3,5.8,14.2,21.8,99.7,2012,4.1,12.8,0.323,34.1,71.0,0.48
2,Lg Rank,,1,3,4,9.0,5,4,17.0,3,14,3,11,8,4,12,29,4,2012,28,29,27.0,1,1,13.0
3,Year/Year,,1.0%,2.3%,4.3%,-0.009,-1.7%,0.6%,-0.017,19.1%,9.2%,12.0%,-6.9%,7.7%,-1.2%,-1.0%,-4.0%,0.2%,2012,-22.0%,-16.4%,-0.023,6.3%,9.1%,-0.013
4,Opponent,66.0,16165,2403,5310,0.453,1302,1727,0.754,728,1988,2716,1355,494,375,968,1366,6536,2012,428,1259,0.34,1975,4051,0.488
5,Opponent/G,,244.9,36.4,80.5,0.453,19.7,26.2,0.754,11.0,30.1,41.2,20.5,7.5,5.7,14.7,20.7,99.0,2012,6.5,19.1,0.34,29.9,61.4,0.488
6,Lg Rank,,1,15,13,19.0,29,29,16.0,11,10,10,15,7,23,15,7,23,2012,17,22,8.0,13,10,22.0
7,Year/Year,,1.0%,0.6%,2.1%,-0.007,-9.0%,-6.1%,-0.024,-2.2%,1.8%,0.7%,-1.0%,0.8%,13.4%,0.3%,-5.8%,-2.2%,2012,-10.2%,-0.6%,-0.036,3.3%,3.0%,0.002
0,Team,82.0,19880,3046,6710,0.454,1439,1883,0.764,989,2457,3446,1859,690,515,1210,1750,8038,2013,507,1385,0.366,2539,5325,0.477
1,Team/G,,242.4,37.1,81.8,0.454,17.5,23.0,0.764,12.1,30.0,42.0,22.7,8.4,6.3,14.8,21.3,98.0,2013,6.2,16.9,0.366,31.0,64.9,0.477
2,Lg Rank,,4,15,12,12.0,9,11,12.0,9,22,14,13,7,5,19,28,13,2013,23,28,8.0,8,8,17.0
3,Year/Year,,-1.0%,-2.8%,-2.4%,-0.002,-7.9%,-9.1%,0.01,-7.5%,-3.8%,-4.9%,4.0%,1.9%,7.7%,4.0%,-2.3%,-1.6%,2013,49.5%,31.9%,0.043,-9.2%,-8.5%,-0.003
4,Opponent,82.0,19880,3003,6550,0.458,1479,1953,0.757,901,2446,3347,1689,640,480,1206,1670,8045,2013,560,1513,0.37,2443,5037,0.485
5,Opponent/G,,242.4,36.6,79.9,0.458,18.0,23.8,0.757,11.0,29.8,40.8,20.6,7.8,5.9,14.7,20.4,98.1,2013,6.8,18.5,0.37,29.8,61.4,0.485
6,Lg Rank,,4,11,7,20.0,27,23,17.0,11,9,7,7,14,23,16,11,15,2013,11,8,24.0,14,11,17.0
7,Year/Year,,-1.0%,0.6%,-0.7%,0.006,-8.6%,-9.0%,0.003,-0.4%,-1.0%,-0.8%,0.3%,4.3%,3.0%,0.3%,-1.6%,-0.9%,2013,5.3%,-3.3%,0.03,-0.4%,0.1%,-0.003
0,Team,82.0,19780,2951,6652,0.444,1346,1803,0.747,904,2477,3381,1664,570,366,1200,1699,7791,2014,543,1577,0.344,2408,5075,0.474
1,Team/G,,241.2,36.0,81.1,0.444,16.4,22.0,0.747,11.0,30.2,41.2,20.3,7.0,4.5,14.6,20.7,95.0,2014,6.6,19.2,0.344,29.4,61.9,0.474
2,Lg Rank,,22,27,25,24.0,23,21,22.0,16,26,23,26,26,20,14,17,29,2014,24,23,25.0,20,16,24.0
3,Year/Year,,-0.5%,-3.1%,-0.9%,-0.01,-6.5%,-4.2%,-0.018,-8.6%,0.8%,-1.9%,-10.5%,-17.4%,-28.9%,-0.8%,-2.9%,-3.1%,2014,7.1%,13.9%,-0.022,-5.2%,-4.7%,-0.002
4,Opponent,82.0,19780,3138,6639,0.473,1504,1945,0.773,846,2640,3486,1788,617,401,1034,1673,8379,2014,599,1591,0.376,2539,5048,0.503
5,Opponent/G,,241.2,38.3,81.0,0.473,18.3,23.7,0.773,10.3,32.2,42.5,21.8,7.5,4.9,12.6,20.4,102.2,2014,7.3,19.4,0.376,31.0,61.6,0.503
6,Lg Rank,,22,21,8,30.0,16,15,30.0,7,21,14,14,13,17,29,17,18,2014,10,7,28.0,22,16,24.0
7,Year/Year,,-0.5%,4.5%,1.4%,0.014,1.7%,-0.4%,0.016,-6.1%,7.9%,4.2%,5.9%,-3.6%,-16.5%,-14.3%,0.2%,4.2%,2014,7.0%,5.2%,0.006,3.9%,0.2%,0.018
0,Team,82.0,19705,2900,6492,0.447,1391,1929,0.721,988,2617,3605,1632,623,489,1256,1583,7801,2015,610,1781,0.343,2290,4711,0.486
1,Team/G,,240.3,35.4,79.2,0.447,17.0,23.5,0.721,12.0,31.9,44.0,19.9,7.6,6.0,15.3,19.3,95.1,2015,7.4,21.7,0.343,27.9,57.5,0.486
2,Lg Rank,,30,27,29,19.0,14,13,26.0,4,20,11,29,16,3,26,12,26,2015,18,17,19.0,27,24,15.0
3,Year/Year,,-0.4%,-1.7%,-2.4%,0.003,3.3%,7.0%,-0.025,9.3%,5.7%,6.6%,-1.9%,9.3%,33.6%,4.7%,-6.8%,0.1%,2015,12.3%,12.9%,-0.002,-4.9%,-7.2%,0.012
4,Opponent,82.0,19705,2935,6587,0.446,1309,1760,0.744,811,2406,3217,1594,674,382,1076,1604,7783,2015,604,1670,0.362,2331,4917,0.474
5,Opponent/G,,240.3,35.8,80.3,0.446,16.0,21.5,0.744,9.9,29.3,39.2,19.4,8.2,4.7,13.1,19.6,94.9,2015,7.4,20.4,0.362,28.4,60.0,0.474
6,Lg Rank,,30,2,2,14.0,10,12,8.0,3,1,1,1,24,13,23,22,1,2015,7,5,25.0,7,11,8.0
7,Year/Year,,-0.4%,-6.5%,-0.8%,-0.027,-13.0%,-9.5%,-0.03,-4.1%,-8.9%,-7.7%,-10.9%,9.2%,-4.7%,4.1%,-4.1%,-7.1%,2015,0.8%,5.0%,-0.015,-8.2%,-2.6%,-0.029
0,Team,82.0,19955,2957,6593,0.449,1402,1885,0.744,880,2665,3545,1555,631,425,1224,1655,8010,2016,694,1956,0.355,2263,4637,0.488
1,Team/G,,243.4,36.1,80.4,0.449,17.1,23.0,0.744,10.7,32.5,43.2,19.0,7.7,5.2,14.9,20.2,97.7,2016,8.5,23.9,0.355,27.6,56.5,0.488
2,Lg Rank,,2,29,30,18.0,19,16,24.0,10,23,18,28,18,14,21,12,28,2016,16,15,12.0,25,22,16.0
3,Year/Year,,1.3%,2.0%,1.6%,0.002,0.8%,-2.3%,0.023,-10.9%,1.8%,-1.7%,-4.7%,1.3%,-13.1%,-2.5%,4.5%,2.7%,2016,13.8%,9.8%,0.012,-1.2%,-1.6%,0.002
4,Opponent,82.0,19955,2920,6549,0.446,1374,1842,0.746,764,2522,3286,1568,652,385,1146,1629,7863,2016,649,1819,0.357,2271,4730,0.48
5,Opponent/G,,243.4,35.6,79.9,0.446,16.8,22.5,0.746,9.3,30.8,40.1,19.1,8.0,4.7,14.0,19.9,95.9,2016,7.9,22.2,0.357,27.7,57.7,0.48
6,Lg Rank,,2,1,2,13.0,9,9,7.0,6,2,1,1,18,12,17,18,2,2016,10,5,18.0,2,3,10.0
7,Year/Year,,1.3%,-0.5%,-0.6%,0.0,5.0%,4.7%,0.002,-5.8%,4.8%,2.1%,-1.6%,-3.3%,0.8%,6.5%,1.6%,1.0%,2016,7.5%,8.9%,-0.005,-2.6%,-3.8%,0.006
0,Team,82.0,19755,3033,6515,0.466,1401,1875,0.747,771,2774,3545,1651,550,410,1118,1545,8258,2017,791,2128,0.372,2242,4387,0.511
1,Team/G,,240.9,37.0,79.5,0.466,17.1,22.9,0.747,9.4,33.8,43.2,20.1,6.7,5.0,13.6,18.8,100.7,2017,9.6,26.0,0.372,27.3,53.5,0.511
2,Lg Rank,,25,28,30,9.0,22,16,24.0,19,13,19,28,29,8,13,8,28,2017,13,17,9.0,24,26,9.0
3,Year/Year,,-1.0%,2.6%,-1.2%,0.017,-0.1%,-0.5%,0.003,-12.4%,4.1%,0.0%,6.2%,-12.8%,-3.5%,-8.7%,-6.6%,3.1%,2017,14.0%,8.8%,0.017,-0.9%,-5.4%,0.023
4,Opponent,82.0,19755,2978,6723,0.443,1308,1701,0.769,742,2554,3296,1463,598,312,995,1655,7935,2017,671,1874,0.358,2307,4849,0.476
5,Opponent/G,,240.9,36.3,82.0,0.443,16.0,20.7,0.769,9.0,31.1,40.2,17.8,7.3,3.8,12.1,20.2,96.8,2017,8.2,22.9,0.358,28.1,59.1,0.476
6,Lg Rank,,25,2,3,2.0,6,6,10.0,4,2,1,1,8,3,29,12,1,2017,3,2,17.0,9,15,1.0
7,Year/Year,,-1.0%,2.0%,2.7%,-0.003,-4.8%,-7.7%,0.023,-2.9%,1.3%,0.3%,-6.7%,-8.3%,-19.0%,-13.2%,1.6%,0.9%,2017,3.4%,3.0%,0.001,1.6%,2.5%,-0.004
0,Team,82.0,19755,3139,6797,0.462,1375,1766,0.779,740,2807,3547,1839,708,420,1205,1608,8540,2018,887,2425,0.366,2252,4372,0.515
1,Team/G,,240.9,38.3,82.9,0.462,16.8,21.5,0.779,9.0,34.2,43.3,22.4,8.6,5.1,14.7,19.6,104.1,2018,10.8,29.6,0.366,27.5,53.3,0.515
2,Lg Rank,,18,26,29,13.0,14,15,12.0,23,11,20,21,4,9,20,16,19,2018,13,13,12.0,25,26,12.0
3,Year/Year,,0.0%,3.5%,4.3%,-0.004,-1.9%,-5.8%,0.031,-4.0%,1.2%,0.1%,11.4%,28.7%,2.4%,7.8%,4.1%,3.4%,2018,12.1%,14.0%,-0.006,0.4%,-0.3%,0.004
4,Opponent,82.0,19755,3057,6804,0.449,1295,1680,0.771,710,2702,3412,1636,678,380,1224,1683,8187,2018,778,2131,0.365,2279,4673,0.488
5,Opponent/G,,240.9,37.3,83.0,0.449,15.8,20.5,0.771,8.7,33.0,41.6,20.0,8.3,4.6,14.9,20.5,99.8,2018,9.5,26.0,0.365,27.8,57.0,0.488
6,Lg Rank,,18,2,3,6.0,8,10,19.0,3,10,1,1,24,11,6,8,1,2018,5,3,17.0,4,15,4.0
7,Year/Year,,0.0%,2.7%,1.2%,0.006,-1.0%,-1.2%,0.002,-4.3%,5.8%,3.5%,11.8%,13.4%,21.8%,23.0%,1.7%,3.2%,2018,15.9%,13.7%,0.007,-1.2%,-3.6%,0.012
0,Team,82.0,19755,3314,7082,0.468,1540,2092,0.736,820,2981,3801,2133,663,483,1240,1728,9161,2019,993,2789,0.356,2321,4293,0.541
1,Team/G,,240.9,40.4,86.4,0.468,18.8,25.5,0.736,10.0,36.4,46.4,26.0,8.1,5.9,15.1,21.1,111.7,2019,12.1,34.0,0.356,28.3,52.4,0.541
2,Lg Rank,,24,19,29,10.0,8,3,26.0,18,5,9,8,12,3,27,18,17,2019,9,9,10.0,23,28,6.0
3,Year/Year,,0.0%,5.6%,4.2%,0.006,12.0%,18.5%,-0.042,10.8%,6.2%,7.2%,16.0%,-6.4%,15.0%,2.9%,7.5%,7.3%,2019,12.0%,15.0%,-0.01,3.1%,-1.8%,0.026
4,Opponent,82.0,19755,3276,7253,0.452,1372,1822,0.753,733,2762,3495,1770,695,376,1136,1835,8730,2019,806,2273,0.355,2470,4980,0.496
5,Opponent/G,,240.9,40.0,88.5,0.452,16.7,22.2,0.753,8.9,33.7,42.6,21.6,8.5,4.6,13.9,22.4,106.5,2019,9.8,27.7,0.355,30.1,60.7,0.496
6,Lg Rank,,24,8,11,8.0,7,9,2.0,1,6,2,1,27,9,15,4,4,2019,2,1,15.0,17,27,3.0
7,Year/Year,,0.0%,7.2%,6.6%,0.002,5.9%,8.5%,-0.018,3.2%,2.2%,2.4%,8.2%,2.5%,-1.1%,-7.2%,9.0%,6.6%,2019,3.6%,6.7%,-0.01,8.4%,6.6%,0.008
0,Team,72.0,17355,2886,6130,0.471,1278,1641,0.779,656,2577,3233,1615,438,292,1089,1468,8013,2020,963,2537,0.38,1923,3593,0.535
1,Team/G,,241.0,40.1,85.1,0.471,17.8,22.8,0.779,9.1,35.8,44.9,22.4,6.1,4.1,15.1,20.4,111.3,2020,13.4,35.2,0.38,26.7,49.9,0.535
2,Lg Rank,,19,22,29,6.0,16,19,15.0,26,8,13,26,30,28,21,12,18,2020,7,10,1.0,25,27,5.0
3,Year/Year,,0.1%,-0.8%,-1.4%,0.003,-5.5%,-10.7%,0.043,-8.9%,-1.5%,-3.1%,-13.8%,-24.8%,-31.1%,0.0%,-3.2%,-0.4%,2020,10.4%,3.6%,0.024,-5.6%,-4.7%,-0.005
4,Opponent,72.0,17355,2930,6417,0.457,1185,1545,0.767,688,2386,3074,1548,566,329,889,1501,7835,2020,790,2235,0.353,2140,4182,0.512
5,Opponent/G,,241.0,40.7,89.1,0.457,16.5,21.5,0.767,9.6,33.1,42.7,21.5,7.9,4.6,12.3,20.8,108.8,2020,11.0,31.0,0.353,29.7,58.1,0.512
6,Lg Rank,,19,15,17,12.0,7,8,10.0,9,4,5,1,19,10,29,14,9,2020,3,3,14.0,23,28,10.0
7,Year/Year,,0.1%,1.9%,0.8%,0.005,-1.6%,-3.4%,0.014,6.9%,-1.6%,0.2%,-0.4%,-7.3%,-0.3%,-10.9%,-6.8%,2.2%,2020,11.6%,12.0%,-0.001,-1.3%,-4.4%,0.016
0,Team,72.0,17355,2971,6344,0.468,1235,1546,0.799,765,2709,3474,1703,474,371,1023,1335,8382,2021,1205,3098,0.389,1766,3246,0.544
1,Team/G,,241.0,41.3,88.1,0.468,17.2,21.5,0.799,10.6,37.6,48.3,23.7,6.6,5.2,14.2,18.5,116.4,2021,16.7,43.0,0.389,24.5,45.1,0.544
2,Lg Rank,,19,17,18,16.0,12,14,8.0,4,2,1,23,29,8,18,8,4,2021,1,1,4.0,30,30,9.0
3,Year/Year,,0.0%,2.9%,3.5%,-0.002,-3.4%,-5.8%,0.02,16.6%,5.1%,7.5%,5.4%,8.2%,27.1%,-6.1%,-9.1%,4.6%,2021,25.1%,22.1%,0.009,-8.2%,-9.7%,0.009
4,Opponent,72.0,17355,2943,6581,0.447,1047,1364,0.768,706,2362,3068,1604,554,282,827,1365,7716,2021,783,2293,0.341,2160,4288,0.504
5,Opponent/G,,241.0,40.9,91.4,0.447,14.5,18.9,0.768,9.8,32.8,42.6,22.3,7.7,3.9,11.5,19.0,107.2,2021,10.9,31.8,0.341,30.0,59.6,0.504
6,Lg Rank,,19,12,27,2.0,2,2,7.0,15,5,7,1,19,3,30,17,3,2021,1,3,2.0,25,29,1.0
7,Year/Year,,0.0%,0.4%,2.6%,-0.009,-11.6%,-11.7%,0.001,2.6%,-1.0%,-0.2%,3.6%,-2.1%,-14.3%,-7.0%,-9.1%,-1.5%,2021,-0.9%,2.6%,-0.012,0.9%,2.5%,-0.008
0,Team,82.0,19730,3327,7067,0.471,1470,1916,0.767,884,2916,3800,1836,588,402,1149,1547,9316,2022,1192,3308,0.36,2135,3759,0.568
1,Team/G,,240.6,40.6,86.2,0.471,17.9,23.4,0.767,10.8,35.6,46.3,22.4,7.2,4.9,14.0,18.9,113.6,2022,14.5,40.3,0.36,26.0,45.8,0.568
2,Lg Rank,,24,15,25,6.0,6,4,20.0,10,3,3,27,20,11,16,10,7,2022,2,2,11.0,26,30,2.0
3,Year/Year,,-0.2%,-1.7%,-2.2%,0.002,4.5%,8.8%,-0.032,1.5%,-5.5%,-4.0%,-5.3%,8.9%,-4.9%,-1.4%,1.7%,-2.4%,2022,-13.1%,-6.2%,-0.029,6.2%,1.7%,0.024
4,Opponent,82.0,19730,3314,7318,0.453,1199,1581,0.758,809,2599,3408,1917,636,352,982,1664,8821,2022,994,2837,0.35,2320,4481,0.518
5,Opponent/G,,240.6,40.4,89.2,0.453,14.6,19.3,0.758,9.9,31.7,41.6,23.4,7.8,4.3,12.0,20.3,107.6,2022,12.1,34.6,0.35,28.3,54.6,0.518
6,Lg Rank,,24,13,21,9.0,1,1,4.0,9,1,1,5,19,8,29,8,10,2022,14,13,13.0,18,23,6.0
7,Year/Year,,-0.2%,-1.1%,-2.4%,0.006,0.6%,1.8%,-0.009,0.6%,-3.4%,-2.5%,4.9%,0.8%,9.6%,4.3%,7.0%,0.4%,2022,11.5%,8.6%,0.009,-5.7%,-8.2%,0.014
0,Team,82.0,19805,3485,7365,0.473,1536,1955,0.786,968,2794,3762,2129,500,429,1259,1679,9600,2023,1094,3099,0.353,2391,4266,0.56
1,Team/G,,241.5,42.5,89.8,0.473,18.7,23.8,0.786,11.8,34.1,45.9,26.0,6.1,5.2,15.4,20.5,117.1,2023,13.3,37.8,0.353,29.2,52.0,0.56
2,Lg Rank,,18,12,10,18.0,13,12,14.0,6,6,5,10,30,7,28,21,7,2023,7,5,20.0,19,21,7.0
3,Year/Year,,0.4%,4.7%,4.2%,0.002,4.5%,2.0%,0.018,9.5%,-4.2%,-1.0%,16.0%,-15.0%,6.7%,9.6%,8.5%,3.0%,2023,-8.2%,-6.3%,-0.007,12.0%,13.5%,-0.007
4,Opponent,82.0,19805,3555,7515,0.473,1544,1989,0.776,919,2644,3563,2047,639,405,1030,1679,9677,2023,1023,2830,0.361,2532,4685,0.54
5,Opponent/G,,241.5,43.4,91.6,0.473,18.8,24.3,0.776,11.2,32.2,43.5,25.0,7.8,4.9,12.6,20.5,118.0,2023,12.5,34.5,0.361,30.9,57.1,0.54
6,Lg Rank,,18,26,28,15.0,20,22,11.0,26,7,17,10,22,19,28,8,24,2023,19,20,17.0,25,27,12.0
7,Year/Year,,0.4%,7.3%,2.7%,0.02,28.8%,25.8%,0.018,13.6%,1.7%,4.5%,6.8%,0.5%,15.1%,4.9%,0.9%,9.7%,2023,2.9%,-0.2%,0.011,9.1%,4.6%,0.023
